#usda 1.0
(
    customLayerData = {
        dictionary cameraSettings = {
            string boundCamera = "/World/ReviewSetup"
        }
        string measurementSource = "User 2026-09-16; see scene_spec.json for measured and estimated fields"
        string task = "battery_pick_and_insert"
        string taskValidation = "Geometry and reset checks only; robotic insertion unvalidated"
    }
    defaultPrim = "World"
    metersPerUnit = 1
    subLayers = [
        @../sim/room01_manipulation.usda@
    ]
    upAxis = "Z"
)

over "World"
{
    over "Task"
    {
        over "RedCube" (
            active = false
        )
        {
        }
    }

    over "Room"
    {
        over "Visual"
        {
            over "_08_White_writing_table" (
                active = false
            )
            {
            }

            over "_09_Optical_workstation"
            {
                over "Headset_earcup" (
                    active = false
                )
                {
                }

                over "Headset_earcup_001" (
                    active = false
                )
                {
                }

                over "Headset_headband" (
                    active = false
                )
                {
                }

                over "Retail_box_print" (
                    active = false
                )
                {
                }

                over "Retail_box_print_001" (
                    active = false
                )
                {
                }

                over "Retail_box_print_002" (
                    active = false
                )
                {
                }

                over "Retail_box_print_003" (
                    active = false
                )
                {
                }

                over "Retail_box_print_004" (
                    active = false
                )
                {
                }

                over "Retail_box_print_005" (
                    active = false
                )
                {
                }

                over "Retail_box_print_006" (
                    active = false
                )
                {
                }

                over "Retail_box_print_007" (
                    active = false
                )
                {
                }

                over "Retail_box_print_008" (
                    active = false
                )
                {
                }

                over "Retail_box_print_009" (
                    active = false
                )
                {
                }

                over "Retail_box_print_010" (
                    active = false
                )
                {
                }

                over "White_retail_box" (
                    active = false
                )
                {
                }
            }

            over "_13_Cartons_toolcase_and_floor_cables"
            {
                over "Powerstrip_body"
                {
                    matrix4d xformOp:transform = ( (0.9130889177322388, -0.4077604413032532, 0, 0), (0.4077604413032532, 0.9130889177322388, 0, 0), (0, 0, 1, 0), (1.9000000071525573, -0.44999998092651367, -0.8559999122619629, 1) )
                    uniform token[] xformOpOrder = ["xformOp:transform"]
                }

                over "Powerstrip_contact"
                {
                    matrix4d xformOp:transform = ( (0.9130889177322388, -0.4077604413032532, 0, 0), (0.4077604413032532, 0.9130889177322388, 0, 0), (0, 0, 1, 0), (1.820641369819641, -0.42660760164260864, -0.8329999103546143, 1) )
                    uniform token[] xformOpOrder = ["xformOp:transform"]
                }

                over "Powerstrip_contact_001"
                {
                    matrix4d xformOp:transform = ( (0.9130889177322388, -0.4077604413032532, 0, 0), (0.4077604413032532, 0.9130889177322388, 0, 0), (0, 0, 1, 0), (1.8296121072769165, -0.4065196442604065, -0.8329999103546143, 1) )
                    uniform token[] xformOpOrder = ["xformOp:transform"]
                }

                over "Powerstrip_contact_002"
                {
                    matrix4d xformOp:transform = ( (0.9130889177322388, -0.4077604413032532, 0, 0), (0.4077604413032532, 0.9130889177322388, 0, 0), (0, 0, 1, 0), (1.8699481797218322, -0.44862668991088867, -0.8329999103546143, 1) )
                    uniform token[] xformOpOrder = ["xformOp:transform"]
                }

                over "Powerstrip_contact_003"
                {
                    matrix4d xformOp:transform = ( (0.9130889177322388, -0.4077604413032532, 0, 0), (0.4077604413032532, 0.9130889177322388, 0, 0), (0, 0, 1, 0), (1.8789188575744629, -0.4285387325286865, -0.8329999103546143, 1) )
                    uniform token[] xformOpOrder = ["xformOp:transform"]
                }

                over "Powerstrip_contact_004"
                {
                    matrix4d xformOp:transform = ( (0.9130889177322388, -0.4077604413032532, 0, 0), (0.4077604413032532, 0.9130889177322388, 0, 0), (0, 0, 1, 0), (1.9210811567306518, -0.4714612293243408, -0.8329999103546143, 1) )
                    uniform token[] xformOpOrder = ["xformOp:transform"]
                }

                over "Powerstrip_contact_005"
                {
                    matrix4d xformOp:transform = ( (0.9130889177322388, -0.4077604413032532, 0, 0), (0.4077604413032532, 0.9130889177322388, 0, 0), (0, 0, 1, 0), (1.9300518345832824, -0.45137327194213867, -0.8329999103546143, 1) )
                    uniform token[] xformOpOrder = ["xformOp:transform"]
                }

                over "Powerstrip_contact_006"
                {
                    matrix4d xformOp:transform = ( (0.9130889177322388, -0.4077604413032532, 0, 0), (0.4077604413032532, 0.9130889177322388, 0, 0), (0, 0, 1, 0), (1.9703879070281982, -0.49348031759262084, -0.8329999103546143, 1) )
                    uniform token[] xformOpOrder = ["xformOp:transform"]
                }

                over "Powerstrip_contact_007"
                {
                    matrix4d xformOp:transform = ( (0.9130889177322388, -0.4077604413032532, 0, 0), (0.4077604413032532, 0.9130889177322388, 0, 0), (0, 0, 1, 0), (1.9793586444854736, -0.4733923602104187, -0.8329999103546143, 1) )
                    uniform token[] xformOpOrder = ["xformOp:transform"]
                }
            }
        }

        over "Collisions"
        {
            over "Writing_table_apron" (
                active = false
            )
            {
            }

            over "Writing_table_apron_001" (
                active = false
            )
            {
            }

            over "Writing_table_edge" (
                active = false
            )
            {
            }

            over "Writing_table_foot" (
                active = false
            )
            {
            }

            over "Writing_table_foot_001" (
                active = false
            )
            {
            }

            over "Writing_table_foot_002" (
                active = false
            )
            {
            }

            over "Writing_table_foot_003" (
                active = false
            )
            {
            }

            over "Writing_table_grommet_rim" (
                active = false
            )
            {
            }

            over "Writing_table_leg" (
                active = false
            )
            {
            }

            over "Writing_table_leg_001" (
                active = false
            )
            {
            }

            over "Writing_table_leg_002" (
                active = false
            )
            {
            }

            over "Writing_table_leg_003" (
                active = false
            )
            {
            }

            over "Writing_table_top" (
                active = false
            )
            {
            }

            over "Headset_earcup" (
                active = false
            )
            {
            }

            over "Headset_earcup_001" (
                active = false
            )
            {
            }

            over "Headset_headband" (
                active = false
            )
            {
            }

            over "Powerstrip_body"
            {
                matrix4d xformOp:transform = ( (0.9130889177322388, -0.4077604413032532, 0, 0), (0.4077604413032532, 0.9130889177322388, 0, 0), (0, 0, 1, 0), (1.9000000071525573, -0.44999998092651367, -0.8559999122619629, 1) )
                uniform token[] xformOpOrder = ["xformOp:transform"]
            }

            over "White_retail_box" (
                active = false
            )
            {
            }
        }
    }

    def Xform "BatteryWorkcell" (
        customData = {
            string foam_model = "Rigid geometry approximation; no calibrated deformation or insertion force"
            double hole_depth_m = 0.013
            double hole_diameter_m = 0.0125
            string measurement_source = "User photos and dimensions, 2026-09-16"
            double nominal_diametral_clearance_m = 0
            string task = "battery_pick_and_insert"
        }
    )
    {
        matrix4d xformOp:transform = ( (0, -1, 0, 0), (1, 0, 0, 0), (0, 0, 1, 0), (1.76, -0.91, 0, 1) )
        uniform token[] xformOpOrder = ["xformOp:transform"]

        def Xform "Table" (
            customData = {
                string role = "Measured white table, battery insertion task"
                string slot = "Open capsule through visual and collision mesh"
                string units = "metres"
            }
        )
        {
            def Scope "Looks"
            {
                def Material "White"
                {
                    token outputs:surface.connect = </World/BatteryWorkcell/Table/Looks/White/Surface.outputs:surface>

                    def Shader "Surface"
                    {
                        uniform token info:id = "UsdPreviewSurface"
                        color3f inputs:diffuseColor = (0.84, 0.85, 0.82)
                        float inputs:metallic = 0
                        float inputs:roughness = 0.6
                        token outputs:surface
                    }
                }

                def Material "DarkEdge"
                {
                    token outputs:surface.connect = </World/BatteryWorkcell/Table/Looks/DarkEdge/Surface.outputs:surface>

                    def Shader "Surface"
                    {
                        uniform token info:id = "UsdPreviewSurface"
                        color3f inputs:diffuseColor = (0.09, 0.1, 0.095)
                        float inputs:metallic = 0
                        float inputs:roughness = 0.6
                        token outputs:surface
                    }
                }

                def Material "SlotRim"
                {
                    token outputs:surface.connect = </World/BatteryWorkcell/Table/Looks/SlotRim/Surface.outputs:surface>

                    def Shader "Surface"
                    {
                        uniform token info:id = "UsdPreviewSurface"
                        color3f inputs:diffuseColor = (0.63, 0.64, 0.58)
                        float inputs:metallic = 0
                        float inputs:roughness = 0.6
                        token outputs:surface
                    }
                }

                def Material "MarkerRed"
                {
                    token outputs:surface.connect = </World/BatteryWorkcell/Table/Looks/MarkerRed/Surface.outputs:surface>

                    def Shader "Surface"
                    {
                        uniform token info:id = "UsdPreviewSurface"
                        color3f inputs:diffuseColor = (0.37, 0.075, 0.065)
                        float inputs:metallic = 0
                        float inputs:roughness = 0.6
                        token outputs:surface
                    }
                }

                def Material "LaminatePhysics" (
                    prepend apiSchemas = ["PhysicsMaterialAPI"]
                )
                {
                    float physics:dynamicFriction = 0.5
                    float physics:restitution = 0
                    float physics:staticFriction = 0.65
                }
            }

            def Mesh "Tabletop" (
                prepend apiSchemas = ["PhysicsCollisionAPI", "PhysicsMeshCollisionAPI", "PhysxCollisionAPI", "MaterialBindingAPI"]
            )
            {
                float3[] extent = [(-0.55, -0.285, 0.716), (0.55, 0.285, 0.74)]
                int[] faceVertexCounts = [3, 3, 3, 3, 3, 3, 3, 3, 3, 3, 3, 3, 3, 3, 3, 3, 3, 3, 3, 3, 3, 3, 3, 3, 3, 3, 3, 3, 3, 3, 3, 3, 3, 3, 3, 3, 3, 3, 3, 3, 3, 3, 3, 3, 3, 3, 3, 3, 3, 3, 3, 3, 3, 3, 3, 3, 3, 3, 3, 3, 3, 3, 3, 3, 3, 3, 3, 3, 3, 3, 3, 3, 3, 3, 3, 3, 3, 3, 3, 3, 3, 3, 3, 3, 3, 3, 3, 3, 3, 3, 3, 3, 3, 3, 3, 3, 3, 3, 3, 3, 3, 3, 3, 3, 3, 3, 3, 3, 3, 3, 3, 3, 3, 3, 3, 3, 3, 3, 3, 3, 3, 3, 3, 3, 3, 3, 3, 3, 3, 3, 3, 3, 3, 3, 3, 3, 3, 3, 3, 3, 3, 3, 3, 3, 3, 3, 3, 3, 3, 3, 3, 3, 3, 3, 3, 3, 3, 3, 3, 3, 3, 3, 3, 3, 3, 3, 3, 3, 3, 3, 3, 3, 3, 3, 3, 3, 3, 3, 3, 3, 3, 3, 3, 3, 3, 3, 3, 3, 3, 3, 3, 3, 3, 3, 3, 3, 3, 3, 3, 3, 3, 3, 3, 3, 3, 3, 3, 3, 3, 3, 3, 3, 3, 3, 3, 3, 3, 3, 3, 3, 3, 3, 3, 3, 3, 3, 3, 3, 3, 3, 3, 3, 3, 3, 3, 3, 3, 3, 3, 3, 3, 3, 3, 3, 3, 3, 3, 3, 3, 3, 3, 3, 3, 3, 3, 3, 3, 3, 3, 3, 3, 3, 3, 3, 3, 3, 3, 3, 3, 3, 3, 3, 3, 3, 3, 3, 3, 3, 3, 3, 3, 3, 3, 3, 3, 3, 3, 3, 3, 3, 3, 3, 3, 3, 3, 3, 3, 3, 3, 3, 3, 3, 3, 3, 3, 3, 3, 3, 3, 3, 3, 3, 3, 3, 3, 3, 3, 3, 3, 3, 3, 3, 3, 3, 3, 3, 3, 3, 3, 3, 3, 3, 3, 3, 3, 3, 3, 3, 3, 3, 3, 3, 3, 3, 3, 3, 3, 3, 3, 3, 3, 3, 3, 3, 3, 3, 3, 3, 3, 3, 3, 3, 3, 3, 3, 3, 3, 3, 3, 3, 3, 3, 3, 3, 3, 3, 3, 3, 3, 3, 3, 3, 3, 3, 3, 3, 3, 3, 3, 3, 3, 3, 3, 3, 3, 3, 3, 3, 3, 3, 3, 3, 3, 3, 3, 3, 3, 3, 3, 3, 3, 3, 3, 3, 3, 3, 3, 3, 3, 3, 3, 3, 3, 3, 3, 3, 3, 3, 3, 3, 3, 3, 3, 3, 3, 3, 3, 3, 3, 3, 3, 3, 3, 3, 3, 3, 3, 3, 3, 3, 3, 3, 3, 3, 3, 3, 3, 3, 3, 3, 3, 3, 3, 3, 3, 3, 3, 3, 3, 3, 3, 3, 3, 3, 3, 3, 3, 3, 3, 3, 3, 3, 3, 3, 3, 3, 3, 3, 3, 3, 3, 3, 3, 3, 3, 3, 3, 3, 3, 3, 3, 3, 3, 3, 3, 3, 3, 3, 3, 3, 3, 3, 3, 3, 3, 3, 3, 3, 3, 3, 3, 3, 3, 3, 3, 3, 3, 3, 3, 3, 3, 3, 3, 3, 3, 3, 3, 3, 3, 3, 3, 3, 3, 3, 3, 3, 3, 3, 3, 3, 3, 3, 3, 3, 3, 3, 3, 3, 3, 3, 3, 3, 3, 3, 3, 3, 3, 3, 3, 3, 3, 3, 3, 3, 3, 3, 3, 3, 3, 3, 3, 3, 3, 3, 3, 3, 3, 3, 3, 3, 3, 3, 3, 3, 3, 3, 3, 3, 3, 3, 3, 3, 3, 3, 3, 3, 3, 3, 3, 3, 3, 3, 3, 3, 3, 3, 3, 3, 3, 3, 3, 3, 3, 3, 3, 3, 3, 3, 3, 3, 3, 3, 3, 3, 3, 3, 3, 3, 3, 3, 3, 3, 3, 3, 3, 3, 3, 3, 3, 3, 3, 3, 3, 3, 3, 3, 3, 3, 3, 3, 3, 3, 3, 3, 3, 3, 3, 3, 3, 3, 3, 3, 3, 3, 3, 3, 3, 3, 3, 3, 3, 3, 3, 3, 3, 3, 3, 3, 3, 3, 3, 3, 3, 3, 3, 3, 3, 3, 3, 3, 3, 3, 3, 3, 3, 3, 3, 3, 3, 3, 3, 3, 3, 3, 3, 3, 3, 3, 3, 3, 3, 3, 3, 3, 3, 3, 3, 3, 3, 3, 3, 3, 3, 3, 3, 3, 3, 3, 3, 3, 3, 3, 3, 3, 3, 3, 3, 3, 3, 3, 3, 3, 3, 3, 3, 3, 3, 3, 3, 3, 3, 3, 3, 3, 3, 3, 3, 3, 3, 3, 3, 3, 3, 3, 3, 3, 3, 3, 3, 3, 3, 3, 3, 3, 3, 3, 3, 3, 3, 3, 3, 3, 3, 3, 3, 3, 3, 3, 3, 3, 3, 3, 3, 3, 3, 3, 3, 3, 3, 3, 3, 3, 3, 3, 3, 3, 3, 3, 3, 3, 3, 3, 3, 3, 3, 3, 3, 3, 3, 3, 3, 3, 3, 3, 3, 3, 3, 3, 3, 3, 3, 3, 3, 3, 3, 3, 3, 3, 3, 3, 3, 3, 3, 3, 3, 3, 3, 3, 3, 3, 3, 3, 3, 3, 3, 3, 3, 3, 3, 3, 3, 3, 3, 3, 3, 3, 3, 3, 3, 3, 3, 3, 3, 3, 3, 3, 3, 3, 3, 3, 3, 3, 3, 3, 3, 3, 3, 3, 3, 3, 3, 3, 3, 3, 3, 3, 3, 3, 3, 3, 3, 3, 3, 3, 3, 3, 3, 3, 3, 3, 3, 3, 3, 3, 3, 3, 3, 3, 3, 3, 3, 3, 3, 3, 3, 3, 3, 3, 3, 3, 3, 3, 3, 3, 3, 3, 3, 3, 3, 3, 3, 3, 3, 3, 3, 3, 3, 3, 3, 3, 3, 3, 3, 3, 3, 3, 3, 3, 3, 3, 3, 3, 3, 3, 3, 3, 3, 3, 3, 3, 3, 3, 3, 3, 3, 3, 3, 3, 3, 3, 3, 3, 3, 3, 3, 3, 3, 3, 3, 3, 3, 3, 3, 3, 3, 3, 3, 3, 3, 3, 3, 3, 3, 3, 3, 3, 3, 3, 3, 3, 3, 3, 3, 3, 3, 3, 3, 3, 3, 3, 3, 3, 3, 3, 3, 3, 3, 3, 3, 3, 3, 3, 3, 3, 3, 3, 3, 3, 3, 3, 3, 3, 3, 3, 3, 3, 3, 3, 3, 3, 3, 3, 3, 3, 3, 3, 3, 3, 3, 3, 3, 3, 3, 3, 3, 3, 3, 3, 3, 3, 3, 3, 3, 3, 3, 3, 3, 3, 3, 3, 3, 3, 3, 3, 3, 3, 3, 3, 3, 3, 3, 3, 3, 3, 3, 3, 3, 3, 3, 3, 3, 3, 3, 3, 3, 3, 3, 3, 3, 3, 3, 3, 3, 3, 3, 3, 3, 3, 3, 3, 3, 3, 3, 3, 3, 3, 3, 3, 3, 3, 3, 3, 3, 3, 3, 3, 3, 3, 3, 3, 3, 3, 3, 3, 3, 3, 3, 3, 3, 3, 3, 3, 3, 3, 3, 3, 3, 3, 3, 3, 3, 3, 3, 3, 3, 3, 3, 3, 3, 3, 3, 3, 3, 3, 3, 3, 3, 3, 3, 3, 3, 3, 3, 3, 3, 3, 3, 3, 3, 3, 3, 3, 3, 3, 3, 3, 3, 3, 3, 3, 3, 3, 3, 3, 3, 3, 3, 3, 3, 3, 3, 3, 3, 3, 3, 3, 3, 3, 3, 3, 3, 3, 3, 3, 3, 3, 3, 3, 3, 3, 3, 3, 3, 3, 3, 3, 3, 3, 3, 3, 3, 3, 3, 3, 3, 3, 3, 3, 3, 3, 3, 3, 3, 3, 3, 3, 3, 3, 3, 3, 3, 3, 3, 3, 3, 3, 3, 3, 3, 3, 3, 3, 3, 3, 3, 3, 3, 3, 3, 3, 3, 3, 3, 3, 3, 3, 3, 3, 3, 3, 3, 3, 3, 3, 3, 3, 3, 3, 3, 3, 3, 3, 3, 3, 3, 3, 3, 3, 3, 3, 3, 3, 3, 3, 3, 3, 3, 3, 3, 3, 3, 3, 3, 3, 3, 3, 3, 3, 3, 3, 3, 3, 3, 3, 3, 3, 3, 3, 3, 3, 3, 3, 3, 3, 3, 3, 3, 3, 3, 3, 3, 3, 3, 3, 3, 3, 3, 3, 3, 3, 3, 3, 3, 3, 3, 3, 3, 3, 3, 3, 3, 3, 3, 3, 3, 3, 3, 3, 3, 3, 3, 3, 3, 3, 3, 3, 3, 3, 3, 3, 3, 3, 3, 3, 3, 3, 3, 3, 3, 3, 3, 3, 3, 3, 3, 3, 3, 3, 3, 3, 3, 3, 3, 3, 3, 3, 3, 3, 3, 3, 3, 3, 3, 3, 3, 3, 3, 3, 3, 3, 3, 3, 3, 3, 3, 3, 3, 3, 3, 3, 3, 3, 3, 3, 3, 3, 3, 3, 3, 3, 3, 3, 3, 3, 3, 3, 3, 3, 3, 3, 3, 3, 3, 3, 3, 3, 3, 3, 3, 3, 3, 3, 3, 3, 3, 3, 3, 3, 3, 3, 3, 3, 3, 3, 3, 3, 3, 3, 3, 3, 3, 3, 3, 3, 3, 3, 3, 3, 3, 3, 3, 3, 3, 3, 3, 3, 3, 3, 3, 3, 3, 3, 3, 3, 3, 3, 3, 3, 3, 3, 3, 3, 3, 3, 3, 3, 3, 3, 3, 3, 3, 3, 3, 3, 3, 3, 3, 3, 3, 3, 3, 3, 3, 3, 3, 3, 3, 3, 3, 3, 3, 3, 3, 3, 3, 3, 3, 3, 3, 3, 3, 3, 3, 3, 3, 3, 3, 3, 3, 3, 3, 3, 3, 3, 3, 3, 3, 3, 3, 3, 3, 3, 3, 3, 3, 3, 3, 3, 3, 3, 3, 3, 3, 3, 3, 3, 3, 3, 3, 3, 3, 3, 3, 3, 3, 3, 3, 3, 3, 3, 3, 3, 3, 3, 3, 3, 3, 3, 3, 3, 3, 3, 3, 3, 3, 3, 3, 3, 3, 3, 3, 3, 3, 3, 3, 3, 3, 3, 3, 3, 3, 3, 3, 3, 3, 3, 3, 3, 3, 3, 3, 3, 3, 3, 3, 3, 3, 3, 3, 3, 3, 3, 3, 3, 3, 3, 3, 3, 3, 3, 3, 3, 3, 3, 3, 3, 3, 3, 3, 3, 3, 3, 3, 3, 3, 3, 3, 3, 3, 3, 3, 3, 3, 3, 3, 3, 3, 3, 3, 3, 3, 3, 3, 3, 3, 3, 3, 3, 3, 3, 3, 3, 3, 3, 3, 3, 3, 3, 3, 3, 3, 3, 3, 3, 3, 3, 3, 3, 3, 3, 3, 3, 3, 3, 3, 3, 3, 3, 3, 3, 3, 3, 3, 3, 3, 3, 3, 3, 3, 3, 3, 3, 3, 3, 3, 3, 3, 3, 3, 3, 3, 3, 3, 3, 3, 3, 3, 3, 3, 3, 3, 3, 3, 3, 3, 3, 3, 3, 3, 3, 3, 3, 3, 3, 3, 3, 3, 3, 3, 3, 3, 3, 3, 3, 3, 3, 3, 3, 3, 3, 3, 3, 3, 3, 3, 3, 3, 3, 3, 3, 3, 3, 3, 3, 3, 3, 3, 3, 3, 3, 3, 3, 3, 3, 3, 3, 3, 3, 3, 3, 3, 3, 3, 3, 3, 3, 3, 3, 3, 3, 3, 3, 3, 3, 3, 3, 3, 3, 3, 3, 3, 3, 3, 3, 3, 3, 3, 3, 3, 3, 3, 3, 3, 3, 3, 3, 3, 3, 3, 3, 3, 3, 3, 3, 3, 3, 3, 3, 3, 3, 3, 3, 3, 3, 3, 3, 3, 3, 3, 3, 3, 3, 3, 3, 3, 3, 3, 3, 3, 3, 3, 3, 3, 3, 3, 3, 3, 3, 3, 3, 3, 3, 3, 3, 3, 3, 3, 3, 3, 3, 3, 3, 3, 3, 3, 3, 3, 3, 3, 3, 3, 3, 3, 3, 3, 3, 3, 3, 3, 3, 3, 3, 3, 3, 3, 3, 3, 3, 3, 3, 3, 3, 3, 3, 3, 3, 3, 3, 3, 3, 3, 3, 3, 3, 3, 3, 3, 3, 3, 3, 3, 3, 3, 3, 3, 3, 3, 3, 3, 3, 3, 3, 3, 3, 3, 3, 3, 3, 3, 3, 3, 3, 3, 3, 3, 3, 3, 3, 3, 3, 3, 3, 3, 3, 3, 3, 3, 3, 3, 3, 3, 3, 3, 3, 3, 3, 3, 3, 3, 3, 3, 3, 3, 3, 3, 3, 3, 3, 3, 3, 3, 3, 3, 3, 3, 3, 3, 3, 3, 3, 3, 3, 3, 3, 3, 3, 3, 3, 3, 3, 3, 3, 3, 3, 3, 3, 3, 3, 3, 3, 3, 3, 3, 3, 3, 3, 3, 3, 3, 3, 3, 3, 3, 3, 3, 3, 3, 3, 3, 3, 3, 3, 3, 3, 3, 3, 3, 3, 3, 3, 3, 3, 3, 3, 3, 3, 3, 3, 3, 3, 3, 3, 3, 3, 3, 3, 3, 3, 3, 3, 3, 3, 3, 3, 3, 3, 3, 3, 3, 3, 3, 3, 3, 3, 3, 3, 3, 3, 3, 3, 3, 3, 3, 3, 3, 3, 3, 3, 3, 3, 3, 3, 3, 3, 3, 3, 3, 3, 3, 3, 3, 3, 3, 3, 3, 3, 3, 3, 3, 3, 3, 3, 3, 3, 3, 3, 3, 3, 3, 3, 3, 3, 3, 3, 3, 3, 3, 3, 3, 3, 3, 3, 3, 3, 3, 3, 3, 3, 3, 3, 3, 3, 3, 3, 3, 3, 3, 3, 3, 3, 3, 3, 3, 3, 3, 3, 3, 3, 3, 3, 3, 3, 3, 3, 3, 3, 3, 3, 3, 3, 3, 3, 3, 3, 3, 3, 3, 3, 3, 3, 3, 3, 3, 3, 3, 3, 3, 3, 3, 3, 3, 3, 3, 3, 3, 3, 3, 3, 3, 3, 3, 3, 3, 3, 3, 3, 3, 3, 3, 3, 3, 3, 3, 3, 3, 3, 3, 3, 3, 3, 3, 3, 3, 3, 3, 3, 3, 3, 3, 3, 3, 3, 3, 3, 3, 3, 3, 3, 3, 3, 3, 3, 3, 3, 3, 3, 3, 3, 3, 3, 3, 3, 3, 3, 3, 3, 3, 3, 3, 3, 3, 3, 3, 3, 3, 3, 3, 3, 3, 3, 3, 3, 3, 3, 3, 3, 3, 3, 3, 3, 3, 3, 3, 3, 3, 3, 3, 3, 3, 3, 3, 3, 3, 3, 3, 3, 3, 3, 3, 3, 3, 3, 3, 3, 3, 3, 3, 3, 3, 3, 3, 3, 3, 3, 3, 3, 3, 3, 3, 3, 3, 3, 3, 3, 3, 3, 3, 3, 3, 3, 3, 3, 3, 3, 3, 3, 3, 3, 3, 3, 3, 3, 3, 3, 3, 3, 3, 3, 3, 3, 3, 3, 3, 3, 3, 3, 3, 3, 3, 3, 3, 3, 3, 3, 3, 3, 3, 3, 3, 3, 3, 3, 3, 3, 3, 3, 3, 3, 3, 3, 3, 3, 3, 3, 3, 3, 3, 3, 3, 3, 3, 3, 3, 3, 3, 3, 3, 3, 3, 3, 3, 3, 3, 3, 3, 3, 3, 3, 3, 3, 3, 3, 3, 3, 3, 3, 3, 3, 3, 3, 3, 3, 3, 3, 3, 3, 3, 3, 3, 3, 3, 3, 3, 3, 3, 3, 3, 3, 3, 3, 3, 3, 3, 3, 3, 3, 3, 3, 3, 3, 3, 3, 3, 3, 3, 3, 3, 3, 3, 3, 3, 3, 3, 3, 3, 3, 3, 3, 3, 3, 3, 3, 3, 3, 3, 3, 3, 3, 3, 3, 3, 3, 3, 3, 3, 3, 3, 3, 3, 3, 3, 3, 3, 3, 3, 3, 3, 3, 3, 3, 3, 3, 3, 3, 3, 3, 3, 3, 3, 3, 3, 3, 3, 3, 3, 3, 3, 3, 3, 3, 3, 3, 3, 3, 3, 3, 3, 3, 3, 3, 3, 3, 3, 3, 3, 3, 3, 3, 3, 3, 3, 3, 3, 3, 3, 3, 3, 3, 3, 3, 3, 3, 3, 3, 3, 3, 3, 3, 3, 3, 3, 3, 3, 3, 3, 3, 3, 3, 3, 3, 3, 3, 3, 3, 3, 3, 3, 3, 3, 3, 3, 3, 3, 3, 3, 3, 3, 3, 3, 3, 3, 3, 3, 3, 3, 3, 3, 3, 3, 3, 3, 3, 3, 3, 3, 3, 3, 3, 3, 3, 3, 3, 3, 3, 3, 3, 3, 3, 3, 3, 3, 3, 3, 3, 3, 3, 3, 3, 3, 3, 3, 3, 3, 3, 3, 3, 3, 3, 3, 3, 3, 3, 3, 3, 3, 3, 3, 3, 3, 3, 3, 3, 3, 3, 3, 3, 3, 3, 3, 3, 3, 3, 3, 3, 3, 3, 3, 3, 3, 3, 3, 3, 3, 3, 3, 3, 3, 3, 3, 3, 3, 3, 3, 3, 3, 3, 3, 3, 3, 3, 3, 3, 3, 3, 3, 3, 3, 3, 3, 3, 3, 3, 3, 3, 3, 3, 3, 3, 3, 3, 3, 3, 3, 3, 3, 3, 3, 3, 3, 3, 3, 3, 3, 3, 3, 3, 3, 3, 3, 3, 3, 3, 3, 3, 3, 3, 3, 3, 3, 3, 3, 3, 3, 3, 3, 3, 3, 3, 3, 3, 3, 3, 3, 3, 3, 3, 3, 3, 3, 3, 3, 3, 3, 3, 3, 3, 3, 3, 3, 3, 3, 3, 3, 3, 3, 3, 3, 3, 3, 3, 3, 3, 3, 3, 3, 3, 3, 3, 3, 3, 3, 3, 3, 3, 3, 3, 3, 3, 3, 3, 3, 3, 3, 3, 3, 3, 3, 3, 3, 3, 3, 3, 3, 3, 3, 3, 3, 3, 3, 3, 3, 3, 3, 3, 3, 3, 3, 3, 3, 3, 3, 3, 3, 3, 3, 3, 3, 3, 3, 3, 3, 3, 3, 3, 3, 3, 3, 3, 3, 3, 3, 3, 3, 3, 3, 3, 3, 3, 3, 3, 3, 3, 3, 3, 3, 3, 3, 3, 3, 3, 3, 3, 3, 3, 3, 3, 3, 3, 3, 3, 3, 3, 3, 3, 3, 3, 3, 3, 3, 3, 3, 3, 3, 3, 3, 3, 3, 3, 3, 3, 3, 3, 3, 3, 3, 3, 3, 3, 3, 3, 3, 3, 3, 3, 3, 3, 3, 3, 3, 3, 3, 3, 3, 3, 3, 3, 3, 3, 3, 3, 3, 3, 3, 3, 3, 3, 3, 3, 3, 3, 3, 3, 3, 3, 3, 3, 3, 3, 3, 3, 3, 3, 3, 3, 3, 3, 3, 3, 3, 3, 3, 3, 3, 3, 3, 3, 3, 3, 3, 3, 3, 3, 3, 3, 3, 3, 3, 3, 3, 3, 3, 3, 3, 3, 3, 3, 3, 3, 3, 3, 3, 3, 3, 3, 3, 3, 3, 3, 3, 3, 3, 3, 3, 3, 3, 3, 3, 3, 3, 3, 3, 3, 3, 3, 3, 3, 3, 3, 3, 3, 3, 3, 3, 3, 3, 3, 3, 3, 3, 3, 3, 3, 3, 3, 3, 3, 3, 3, 3, 3, 3, 3, 3, 3, 3, 3, 3, 3, 3, 3, 3, 3, 3, 3, 3, 3, 3, 3, 3, 3, 3, 3, 3, 3, 3, 3, 3, 3, 3, 3, 3, 3, 3, 3, 3, 3, 3, 3, 3, 3, 3, 3, 3, 3, 3, 3, 3, 3, 3, 3, 3, 3, 3, 3, 3, 3, 3, 3, 3, 3, 3, 3, 3, 3, 3, 3, 3, 3, 3, 3, 3, 3, 3, 3, 3, 3, 3, 3, 3, 3, 3, 3, 3, 3, 3, 3, 3, 3, 3, 3, 3, 3, 3, 3, 3, 3, 3, 3, 3, 3, 3, 3, 3, 3, 3, 3, 3, 3, 3, 3, 3, 3, 3, 3, 3, 3, 3, 3, 3, 3, 3, 3, 3, 3, 3, 3, 3, 3, 3, 3, 3, 3, 3, 3, 3, 3, 3, 3, 3, 3, 3, 3, 3, 3, 3, 3, 3, 3, 3, 3, 3, 3, 3, 3, 3, 3, 3, 3, 3, 3, 3, 3, 3, 3, 3, 3, 3, 3, 3, 3, 3, 3, 3, 3, 3, 3, 3, 3, 3, 3, 3, 3, 3, 3, 3, 3, 3, 3, 3, 3, 3, 3, 3, 3, 3, 3, 3, 3, 3, 3, 3, 3, 3, 3, 3, 3, 3, 3, 3, 3, 3, 3, 3, 3, 3, 3, 3, 3, 3, 3, 3, 3, 3, 3, 3, 3, 3, 3, 3, 3, 3, 3, 3, 3, 3, 3, 3, 3, 3, 3, 3, 3, 3, 3, 3, 3, 3, 3, 3, 3, 3, 3, 3, 3, 3, 3, 3, 3, 3, 3, 3, 3, 3, 3, 3, 3, 3, 3, 3, 3, 3, 3, 3, 3, 3, 3, 3, 3, 3, 3, 3, 3, 3, 3, 3, 3, 3, 3, 3, 3, 3, 3, 3, 3, 3, 3, 3, 3, 3, 3, 3, 3, 3, 3, 3, 3, 3, 3, 3, 3, 3, 3, 3, 3, 3, 3, 3, 3, 3, 3, 3, 3, 3, 3, 3, 3, 3, 3, 3, 3, 3, 3, 3, 3, 3, 3, 3, 3, 3, 3, 3, 3, 3, 3, 3, 3, 3, 3, 3, 3, 3, 3, 3, 3, 3, 3, 3, 3, 3, 3, 3, 3, 3, 3, 3, 3, 3, 3, 3, 3, 3, 3, 3, 3, 3, 3, 3, 3, 3, 3, 3, 3, 3, 3, 3, 3, 3, 3, 3, 3, 3, 3, 3, 3, 3, 3, 3, 3, 3, 3, 3, 3, 3, 3, 3, 3, 3, 3, 3, 3, 3, 3, 3, 3, 3, 3, 3, 3, 3, 3, 3, 3, 3, 3, 3, 3, 3, 3, 3, 3, 3, 3, 3, 3, 3, 3, 3, 3, 3, 3, 3, 3, 3, 3, 3, 3, 3, 3, 3, 3, 3, 3, 3, 3, 3, 3, 3, 3, 3, 3, 3, 3, 3, 3, 3, 3, 3, 3, 3, 3, 3, 3, 3, 3, 3, 3, 3, 3, 3, 3, 3, 3, 3, 3, 3, 3, 3, 3, 3, 3, 3, 3, 3, 3, 3, 3, 3, 3, 3, 3, 3, 3, 3, 3, 3, 3, 3, 3, 3, 3, 3, 3, 3, 3, 3, 3, 3, 3, 3, 3, 3, 3, 3, 3, 3, 3, 3, 3, 3, 3, 3, 3, 3, 3, 3, 3, 3, 3, 3, 3, 3, 3, 3, 3, 3, 3, 3, 3, 3, 3, 3, 3, 3, 3, 3, 3, 3, 3, 3, 3, 3, 3, 3, 3, 3, 3, 3, 3]
                int[] faceVertexIndices = [0, 1, 263, 0, 263, 262, 1, 2, 264, 1, 264, 263, 2, 3, 265, 2, 265, 264, 3, 4, 266, 3, 266, 265, 4, 5, 267, 4, 267, 266, 5, 6, 268, 5, 268, 267, 6, 7, 269, 6, 269, 268, 7, 8, 270, 7, 270, 269, 8, 9, 271, 8, 271, 270, 9, 10, 272, 9, 272, 271, 10, 11, 273, 10, 273, 272, 11, 12, 274, 11, 274, 273, 12, 13, 275, 12, 275, 274, 13, 14, 276, 13, 276, 275, 14, 15, 277, 14, 277, 276, 15, 16, 278, 15, 278, 277, 16, 17, 279, 16, 279, 278, 17, 18, 280, 17, 280, 279, 18, 19, 281, 18, 281, 280, 19, 20, 282, 19, 282, 281, 20, 21, 283, 20, 283, 282, 21, 22, 284, 21, 284, 283, 22, 23, 285, 22, 285, 284, 23, 24, 286, 23, 286, 285, 24, 25, 287, 24, 287, 286, 25, 26, 288, 25, 288, 287, 26, 27, 289, 26, 289, 288, 27, 28, 290, 27, 290, 289, 28, 29, 291, 28, 291, 290, 29, 30, 292, 29, 292, 291, 30, 31, 293, 30, 293, 292, 31, 32, 294, 31, 294, 293, 32, 33, 295, 32, 295, 294, 33, 34, 296, 33, 296, 295, 34, 35, 297, 34, 297, 296, 35, 36, 298, 35, 298, 297, 36, 37, 299, 36, 299, 298, 37, 38, 300, 37, 300, 299, 38, 39, 301, 38, 301, 300, 39, 40, 302, 39, 302, 301, 40, 41, 303, 40, 303, 302, 41, 42, 304, 41, 304, 303, 42, 43, 305, 42, 305, 304, 43, 44, 306, 43, 306, 305, 44, 45, 307, 44, 307, 306, 45, 46, 308, 45, 308, 307, 46, 47, 309, 46, 309, 308, 47, 48, 310, 47, 310, 309, 48, 49, 311, 48, 311, 310, 49, 50, 312, 49, 312, 311, 50, 51, 313, 50, 313, 312, 51, 52, 314, 51, 314, 313, 52, 53, 315, 52, 315, 314, 53, 54, 316, 53, 316, 315, 54, 55, 317, 54, 317, 316, 55, 56, 318, 55, 318, 317, 56, 57, 319, 56, 319, 318, 57, 58, 320, 57, 320, 319, 58, 59, 321, 58, 321, 320, 59, 60, 322, 59, 322, 321, 60, 61, 323, 60, 323, 322, 61, 62, 324, 61, 324, 323, 62, 63, 325, 62, 325, 324, 63, 64, 326, 63, 326, 325, 64, 65, 327, 64, 327, 326, 65, 66, 328, 65, 328, 327, 66, 67, 329, 66, 329, 328, 67, 68, 330, 67, 330, 329, 68, 69, 331, 68, 331, 330, 69, 70, 332, 69, 332, 331, 70, 71, 333, 70, 333, 332, 71, 72, 334, 71, 334, 333, 72, 73, 335, 72, 335, 334, 73, 74, 336, 73, 336, 335, 74, 75, 337, 74, 337, 336, 75, 76, 338, 75, 338, 337, 76, 77, 339, 76, 339, 338, 77, 78, 340, 77, 340, 339, 78, 79, 341, 78, 341, 340, 79, 80, 342, 79, 342, 341, 80, 81, 343, 80, 343, 342, 81, 82, 344, 81, 344, 343, 82, 83, 345, 82, 345, 344, 83, 84, 346, 83, 346, 345, 84, 85, 347, 84, 347, 346, 85, 86, 348, 85, 348, 347, 86, 87, 349, 86, 349, 348, 87, 88, 350, 87, 350, 349, 88, 89, 351, 88, 351, 350, 89, 90, 352, 89, 352, 351, 90, 91, 353, 90, 353, 352, 91, 92, 354, 91, 354, 353, 92, 93, 355, 92, 355, 354, 93, 94, 356, 93, 356, 355, 94, 95, 357, 94, 357, 356, 95, 96, 358, 95, 358, 357, 96, 97, 359, 96, 359, 358, 97, 98, 360, 97, 360, 359, 98, 99, 361, 98, 361, 360, 99, 100, 362, 99, 362, 361, 100, 101, 363, 100, 363, 362, 101, 102, 364, 101, 364, 363, 102, 103, 365, 102, 365, 364, 103, 104, 366, 103, 366, 365, 104, 105, 367, 104, 367, 366, 105, 106, 368, 105, 368, 367, 106, 107, 369, 106, 369, 368, 107, 108, 370, 107, 370, 369, 108, 109, 371, 108, 371, 370, 109, 110, 372, 109, 372, 371, 110, 111, 373, 110, 373, 372, 111, 112, 374, 111, 374, 373, 112, 113, 375, 112, 375, 374, 113, 114, 376, 113, 376, 375, 114, 115, 377, 114, 377, 376, 115, 116, 378, 115, 378, 377, 116, 117, 379, 116, 379, 378, 117, 118, 380, 117, 380, 379, 118, 119, 381, 118, 381, 380, 119, 120, 382, 119, 382, 381, 120, 121, 383, 120, 383, 382, 121, 122, 384, 121, 384, 383, 122, 123, 385, 122, 385, 384, 123, 124, 386, 123, 386, 385, 124, 125, 387, 124, 387, 386, 125, 126, 388, 125, 388, 387, 126, 127, 389, 126, 389, 388, 127, 128, 390, 127, 390, 389, 128, 129, 391, 128, 391, 390, 129, 130, 392, 129, 392, 391, 130, 131, 393, 130, 393, 392, 131, 132, 394, 131, 394, 393, 132, 133, 395, 132, 395, 394, 133, 134, 396, 133, 396, 395, 134, 135, 397, 134, 397, 396, 135, 136, 398, 135, 398, 397, 136, 137, 399, 136, 399, 398, 137, 138, 400, 137, 400, 399, 138, 139, 401, 138, 401, 400, 139, 140, 402, 139, 402, 401, 140, 141, 403, 140, 403, 402, 141, 142, 404, 141, 404, 403, 142, 143, 405, 142, 405, 404, 143, 144, 406, 143, 406, 405, 144, 145, 407, 144, 407, 406, 145, 146, 408, 145, 408, 407, 146, 147, 409, 146, 409, 408, 147, 148, 410, 147, 410, 409, 148, 149, 411, 148, 411, 410, 149, 150, 412, 149, 412, 411, 150, 151, 413, 150, 413, 412, 151, 152, 414, 151, 414, 413, 152, 153, 415, 152, 415, 414, 153, 154, 416, 153, 416, 415, 154, 155, 417, 154, 417, 416, 155, 156, 418, 155, 418, 417, 156, 157, 419, 156, 419, 418, 157, 158, 420, 157, 420, 419, 158, 159, 421, 158, 421, 420, 159, 160, 422, 159, 422, 421, 160, 161, 423, 160, 423, 422, 161, 162, 424, 161, 424, 423, 162, 163, 425, 162, 425, 424, 163, 164, 426, 163, 426, 425, 164, 165, 427, 164, 427, 426, 165, 166, 428, 165, 428, 427, 166, 167, 429, 166, 429, 428, 167, 168, 430, 167, 430, 429, 168, 169, 431, 168, 431, 430, 169, 170, 432, 169, 432, 431, 170, 171, 433, 170, 433, 432, 171, 172, 434, 171, 434, 433, 172, 173, 435, 172, 435, 434, 173, 174, 436, 173, 436, 435, 174, 175, 437, 174, 437, 436, 175, 176, 438, 175, 438, 437, 176, 177, 439, 176, 439, 438, 177, 178, 440, 177, 440, 439, 178, 179, 441, 178, 441, 440, 179, 180, 442, 179, 442, 441, 180, 181, 443, 180, 443, 442, 181, 182, 444, 181, 444, 443, 182, 183, 445, 182, 445, 444, 183, 184, 446, 183, 446, 445, 184, 185, 447, 184, 447, 446, 185, 186, 448, 185, 448, 447, 186, 187, 449, 186, 449, 448, 187, 188, 450, 187, 450, 449, 188, 189, 451, 188, 451, 450, 189, 190, 452, 189, 452, 451, 190, 191, 453, 190, 453, 452, 191, 192, 454, 191, 454, 453, 192, 193, 455, 192, 455, 454, 193, 194, 456, 193, 456, 455, 194, 195, 457, 194, 457, 456, 195, 196, 458, 195, 458, 457, 196, 197, 459, 196, 459, 458, 197, 198, 460, 197, 460, 459, 198, 199, 461, 198, 461, 460, 199, 200, 462, 199, 462, 461, 200, 201, 463, 200, 463, 462, 201, 202, 464, 201, 464, 463, 202, 203, 465, 202, 465, 464, 203, 204, 466, 203, 466, 465, 204, 205, 467, 204, 467, 466, 205, 206, 468, 205, 468, 467, 206, 207, 469, 206, 469, 468, 207, 208, 470, 207, 470, 469, 208, 209, 471, 208, 471, 470, 209, 210, 472, 209, 472, 471, 210, 211, 473, 210, 473, 472, 211, 212, 474, 211, 474, 473, 212, 213, 475, 212, 475, 474, 213, 214, 476, 213, 476, 475, 214, 215, 477, 214, 477, 476, 215, 216, 478, 215, 478, 477, 216, 217, 479, 216, 479, 478, 217, 218, 480, 217, 480, 479, 218, 219, 481, 218, 481, 480, 219, 220, 482, 219, 482, 481, 220, 221, 483, 220, 483, 482, 221, 222, 484, 221, 484, 483, 222, 223, 485, 222, 485, 484, 223, 224, 486, 223, 486, 485, 224, 225, 487, 224, 487, 486, 225, 226, 488, 225, 488, 487, 226, 227, 489, 226, 489, 488, 227, 228, 490, 227, 490, 489, 228, 229, 491, 228, 491, 490, 229, 230, 492, 229, 492, 491, 230, 231, 493, 230, 493, 492, 231, 232, 494, 231, 494, 493, 232, 233, 495, 232, 495, 494, 233, 234, 496, 233, 496, 495, 234, 235, 497, 234, 497, 496, 235, 236, 498, 235, 498, 497, 236, 237, 499, 236, 499, 498, 237, 238, 500, 237, 500, 499, 238, 239, 501, 238, 501, 500, 239, 240, 502, 239, 502, 501, 240, 241, 503, 240, 503, 502, 241, 242, 504, 241, 504, 503, 242, 243, 505, 242, 505, 504, 243, 244, 506, 243, 506, 505, 244, 245, 507, 244, 507, 506, 245, 246, 508, 245, 508, 507, 246, 247, 509, 246, 509, 508, 247, 248, 510, 247, 510, 509, 248, 249, 511, 248, 511, 510, 249, 250, 512, 249, 512, 511, 250, 251, 513, 250, 513, 512, 251, 252, 514, 251, 514, 513, 252, 253, 515, 252, 515, 514, 253, 254, 516, 253, 516, 515, 254, 255, 517, 254, 517, 516, 255, 256, 518, 255, 518, 517, 256, 257, 519, 256, 519, 518, 257, 258, 520, 257, 520, 519, 258, 259, 521, 258, 521, 520, 259, 260, 522, 259, 522, 521, 260, 261, 523, 260, 523, 522, 261, 0, 262, 261, 262, 523, 262, 263, 525, 262, 525, 524, 263, 264, 526, 263, 526, 525, 264, 265, 527, 264, 527, 526, 265, 266, 528, 265, 528, 527, 266, 267, 529, 266, 529, 528, 267, 268, 530, 267, 530, 529, 268, 269, 531, 268, 531, 530, 269, 270, 532, 269, 532, 531, 270, 271, 533, 270, 533, 532, 271, 272, 534, 271, 534, 533, 272, 273, 535, 272, 535, 534, 273, 274, 536, 273, 536, 535, 274, 275, 537, 274, 537, 536, 275, 276, 538, 275, 538, 537, 276, 277, 539, 276, 539, 538, 277, 278, 540, 277, 540, 539, 278, 279, 541, 278, 541, 540, 279, 280, 542, 279, 542, 541, 280, 281, 543, 280, 543, 542, 281, 282, 544, 281, 544, 543, 282, 283, 545, 282, 545, 544, 283, 284, 546, 283, 546, 545, 284, 285, 547, 284, 547, 546, 285, 286, 548, 285, 548, 547, 286, 287, 549, 286, 549, 548, 287, 288, 550, 287, 550, 549, 288, 289, 551, 288, 551, 550, 289, 290, 552, 289, 552, 551, 290, 291, 553, 290, 553, 552, 291, 292, 554, 291, 554, 553, 292, 293, 555, 292, 555, 554, 293, 294, 556, 293, 556, 555, 294, 295, 557, 294, 557, 556, 295, 296, 558, 295, 558, 557, 296, 297, 559, 296, 559, 558, 297, 298, 560, 297, 560, 559, 298, 299, 561, 298, 561, 560, 299, 300, 562, 299, 562, 561, 300, 301, 563, 300, 563, 562, 301, 302, 564, 301, 564, 563, 302, 303, 565, 302, 565, 564, 303, 304, 566, 303, 566, 565, 304, 305, 567, 304, 567, 566, 305, 306, 568, 305, 568, 567, 306, 307, 569, 306, 569, 568, 307, 308, 570, 307, 570, 569, 308, 309, 571, 308, 571, 570, 309, 310, 572, 309, 572, 571, 310, 311, 573, 310, 573, 572, 311, 312, 574, 311, 574, 573, 312, 313, 575, 312, 575, 574, 313, 314, 576, 313, 576, 575, 314, 315, 577, 314, 577, 576, 315, 316, 578, 315, 578, 577, 316, 317, 579, 316, 579, 578, 317, 318, 580, 317, 580, 579, 318, 319, 581, 318, 581, 580, 319, 320, 582, 319, 582, 581, 320, 321, 583, 320, 583, 582, 321, 322, 584, 321, 584, 583, 322, 323, 585, 322, 585, 584, 323, 324, 586, 323, 586, 585, 324, 325, 587, 324, 587, 586, 325, 326, 588, 325, 588, 587, 326, 327, 589, 326, 589, 588, 327, 328, 590, 327, 590, 589, 328, 329, 591, 328, 591, 590, 329, 330, 592, 329, 592, 591, 330, 331, 593, 330, 593, 592, 331, 332, 594, 331, 594, 593, 332, 333, 595, 332, 595, 594, 333, 334, 596, 333, 596, 595, 334, 335, 597, 334, 597, 596, 335, 336, 598, 335, 598, 597, 336, 337, 599, 336, 599, 598, 337, 338, 600, 337, 600, 599, 338, 339, 601, 338, 601, 600, 339, 340, 602, 339, 602, 601, 340, 341, 603, 340, 603, 602, 341, 342, 604, 341, 604, 603, 342, 343, 605, 342, 605, 604, 343, 344, 606, 343, 606, 605, 344, 345, 607, 344, 607, 606, 345, 346, 608, 345, 608, 607, 346, 347, 609, 346, 609, 608, 347, 348, 610, 347, 610, 609, 348, 349, 611, 348, 611, 610, 349, 350, 612, 349, 612, 611, 350, 351, 613, 350, 613, 612, 351, 352, 614, 351, 614, 613, 352, 353, 615, 352, 615, 614, 353, 354, 616, 353, 616, 615, 354, 355, 617, 354, 617, 616, 355, 356, 618, 355, 618, 617, 356, 357, 619, 356, 619, 618, 357, 358, 620, 357, 620, 619, 358, 359, 621, 358, 621, 620, 359, 360, 622, 359, 622, 621, 360, 361, 623, 360, 623, 622, 361, 362, 624, 361, 624, 623, 362, 363, 625, 362, 625, 624, 363, 364, 626, 363, 626, 625, 364, 365, 627, 364, 627, 626, 365, 366, 628, 365, 628, 627, 366, 367, 629, 366, 629, 628, 367, 368, 630, 367, 630, 629, 368, 369, 631, 368, 631, 630, 369, 370, 632, 369, 632, 631, 370, 371, 633, 370, 633, 632, 371, 372, 634, 371, 634, 633, 372, 373, 635, 372, 635, 634, 373, 374, 636, 373, 636, 635, 374, 375, 637, 374, 637, 636, 375, 376, 638, 375, 638, 637, 376, 377, 639, 376, 639, 638, 377, 378, 640, 377, 640, 639, 378, 379, 641, 378, 641, 640, 379, 380, 642, 379, 642, 641, 380, 381, 643, 380, 643, 642, 381, 382, 644, 381, 644, 643, 382, 383, 645, 382, 645, 644, 383, 384, 646, 383, 646, 645, 384, 385, 647, 384, 647, 646, 385, 386, 648, 385, 648, 647, 386, 387, 649, 386, 649, 648, 387, 388, 650, 387, 650, 649, 388, 389, 651, 388, 651, 650, 389, 390, 652, 389, 652, 651, 390, 391, 653, 390, 653, 652, 391, 392, 654, 391, 654, 653, 392, 393, 655, 392, 655, 654, 393, 394, 656, 393, 656, 655, 394, 395, 657, 394, 657, 656, 395, 396, 658, 395, 658, 657, 396, 397, 659, 396, 659, 658, 397, 398, 660, 397, 660, 659, 398, 399, 661, 398, 661, 660, 399, 400, 662, 399, 662, 661, 400, 401, 663, 400, 663, 662, 401, 402, 664, 401, 664, 663, 402, 403, 665, 402, 665, 664, 403, 404, 666, 403, 666, 665, 404, 405, 667, 404, 667, 666, 405, 406, 668, 405, 668, 667, 406, 407, 669, 406, 669, 668, 407, 408, 670, 407, 670, 669, 408, 409, 671, 408, 671, 670, 409, 410, 672, 409, 672, 671, 410, 411, 673, 410, 673, 672, 411, 412, 674, 411, 674, 673, 412, 413, 675, 412, 675, 674, 413, 414, 676, 413, 676, 675, 414, 415, 677, 414, 677, 676, 415, 416, 678, 415, 678, 677, 416, 417, 679, 416, 679, 678, 417, 418, 680, 417, 680, 679, 418, 419, 681, 418, 681, 680, 419, 420, 682, 419, 682, 681, 420, 421, 683, 420, 683, 682, 421, 422, 684, 421, 684, 683, 422, 423, 685, 422, 685, 684, 423, 424, 686, 423, 686, 685, 424, 425, 687, 424, 687, 686, 425, 426, 688, 425, 688, 687, 426, 427, 689, 426, 689, 688, 427, 428, 690, 427, 690, 689, 428, 429, 691, 428, 691, 690, 429, 430, 692, 429, 692, 691, 430, 431, 693, 430, 693, 692, 431, 432, 694, 431, 694, 693, 432, 433, 695, 432, 695, 694, 433, 434, 696, 433, 696, 695, 434, 435, 697, 434, 697, 696, 435, 436, 698, 435, 698, 697, 436, 437, 699, 436, 699, 698, 437, 438, 700, 437, 700, 699, 438, 439, 701, 438, 701, 700, 439, 440, 702, 439, 702, 701, 440, 441, 703, 440, 703, 702, 441, 442, 704, 441, 704, 703, 442, 443, 705, 442, 705, 704, 443, 444, 706, 443, 706, 705, 444, 445, 707, 444, 707, 706, 445, 446, 708, 445, 708, 707, 446, 447, 709, 446, 709, 708, 447, 448, 710, 447, 710, 709, 448, 449, 711, 448, 711, 710, 449, 450, 712, 449, 712, 711, 450, 451, 713, 450, 713, 712, 451, 452, 714, 451, 714, 713, 452, 453, 715, 452, 715, 714, 453, 454, 716, 453, 716, 715, 454, 455, 717, 454, 717, 716, 455, 456, 718, 455, 718, 717, 456, 457, 719, 456, 719, 718, 457, 458, 720, 457, 720, 719, 458, 459, 721, 458, 721, 720, 459, 460, 722, 459, 722, 721, 460, 461, 723, 460, 723, 722, 461, 462, 724, 461, 724, 723, 462, 463, 725, 462, 725, 724, 463, 464, 726, 463, 726, 725, 464, 465, 727, 464, 727, 726, 465, 466, 728, 465, 728, 727, 466, 467, 729, 466, 729, 728, 467, 468, 730, 467, 730, 729, 468, 469, 731, 468, 731, 730, 469, 470, 732, 469, 732, 731, 470, 471, 733, 470, 733, 732, 471, 472, 734, 471, 734, 733, 472, 473, 735, 472, 735, 734, 473, 474, 736, 473, 736, 735, 474, 475, 737, 474, 737, 736, 475, 476, 738, 475, 738, 737, 476, 477, 739, 476, 739, 738, 477, 478, 740, 477, 740, 739, 478, 479, 741, 478, 741, 740, 479, 480, 742, 479, 742, 741, 480, 481, 743, 480, 743, 742, 481, 482, 744, 481, 744, 743, 482, 483, 745, 482, 745, 744, 483, 484, 746, 483, 746, 745, 484, 485, 747, 484, 747, 746, 485, 486, 748, 485, 748, 747, 486, 487, 749, 486, 749, 748, 487, 488, 750, 487, 750, 749, 488, 489, 751, 488, 751, 750, 489, 490, 752, 489, 752, 751, 490, 491, 753, 490, 753, 752, 491, 492, 754, 491, 754, 753, 492, 493, 755, 492, 755, 754, 493, 494, 756, 493, 756, 755, 494, 495, 757, 494, 757, 756, 495, 496, 758, 495, 758, 757, 496, 497, 759, 496, 759, 758, 497, 498, 760, 497, 760, 759, 498, 499, 761, 498, 761, 760, 499, 500, 762, 499, 762, 761, 500, 501, 763, 500, 763, 762, 501, 502, 764, 501, 764, 763, 502, 503, 765, 502, 765, 764, 503, 504, 766, 503, 766, 765, 504, 505, 767, 504, 767, 766, 505, 506, 768, 505, 768, 767, 506, 507, 769, 506, 769, 768, 507, 508, 770, 507, 770, 769, 508, 509, 771, 508, 771, 770, 509, 510, 772, 509, 772, 771, 510, 511, 773, 510, 773, 772, 511, 512, 774, 511, 774, 773, 512, 513, 775, 512, 775, 774, 513, 514, 776, 513, 776, 775, 514, 515, 777, 514, 777, 776, 515, 516, 778, 515, 778, 777, 516, 517, 779, 516, 779, 778, 517, 518, 780, 517, 780, 779, 518, 519, 781, 518, 781, 780, 519, 520, 782, 519, 782, 781, 520, 521, 783, 520, 783, 782, 521, 522, 784, 521, 784, 783, 522, 523, 785, 522, 785, 784, 523, 262, 524, 523, 524, 785, 1573, 1311, 1310, 1572, 1573, 1310, 1574, 1312, 1311, 1573, 1574, 1311, 1575, 1313, 1312, 1574, 1575, 1312, 1576, 1314, 1313, 1575, 1576, 1313, 1577, 1315, 1314, 1576, 1577, 1314, 1578, 1316, 1315, 1577, 1578, 1315, 1579, 1317, 1316, 1578, 1579, 1316, 1580, 1318, 1317, 1579, 1580, 1317, 1581, 1319, 1318, 1580, 1581, 1318, 1582, 1320, 1319, 1581, 1582, 1319, 1583, 1321, 1320, 1582, 1583, 1320, 1584, 1322, 1321, 1583, 1584, 1321, 1585, 1323, 1322, 1584, 1585, 1322, 1586, 1324, 1323, 1585, 1586, 1323, 1587, 1325, 1324, 1586, 1587, 1324, 1588, 1326, 1325, 1587, 1588, 1325, 1589, 1327, 1326, 1588, 1589, 1326, 1590, 1328, 1327, 1589, 1590, 1327, 1591, 1329, 1328, 1590, 1591, 1328, 1592, 1330, 1329, 1591, 1592, 1329, 1593, 1331, 1330, 1592, 1593, 1330, 1594, 1332, 1331, 1593, 1594, 1331, 1595, 1333, 1332, 1594, 1595, 1332, 1596, 1334, 1333, 1595, 1596, 1333, 1597, 1335, 1334, 1596, 1597, 1334, 1598, 1336, 1335, 1597, 1598, 1335, 1599, 1337, 1336, 1598, 1599, 1336, 1600, 1338, 1337, 1599, 1600, 1337, 1601, 1339, 1338, 1600, 1601, 1338, 1602, 1340, 1339, 1601, 1602, 1339, 1603, 1341, 1340, 1602, 1603, 1340, 1604, 1342, 1341, 1603, 1604, 1341, 1605, 1343, 1342, 1604, 1605, 1342, 1606, 1344, 1343, 1605, 1606, 1343, 1607, 1345, 1344, 1606, 1607, 1344, 1608, 1346, 1345, 1607, 1608, 1345, 1609, 1347, 1346, 1608, 1609, 1346, 1610, 1348, 1347, 1609, 1610, 1347, 1611, 1349, 1348, 1610, 1611, 1348, 1612, 1350, 1349, 1611, 1612, 1349, 1613, 1351, 1350, 1612, 1613, 1350, 1614, 1352, 1351, 1613, 1614, 1351, 1615, 1353, 1352, 1614, 1615, 1352, 1616, 1354, 1353, 1615, 1616, 1353, 1617, 1355, 1354, 1616, 1617, 1354, 1618, 1356, 1355, 1617, 1618, 1355, 1619, 1357, 1356, 1618, 1619, 1356, 1620, 1358, 1357, 1619, 1620, 1357, 1621, 1359, 1358, 1620, 1621, 1358, 1622, 1360, 1359, 1621, 1622, 1359, 1623, 1361, 1360, 1622, 1623, 1360, 1624, 1362, 1361, 1623, 1624, 1361, 1625, 1363, 1362, 1624, 1625, 1362, 1626, 1364, 1363, 1625, 1626, 1363, 1627, 1365, 1364, 1626, 1627, 1364, 1628, 1366, 1365, 1627, 1628, 1365, 1629, 1367, 1366, 1628, 1629, 1366, 1630, 1368, 1367, 1629, 1630, 1367, 1631, 1369, 1368, 1630, 1631, 1368, 1632, 1370, 1369, 1631, 1632, 1369, 1633, 1371, 1370, 1632, 1633, 1370, 1634, 1372, 1371, 1633, 1634, 1371, 1635, 1373, 1372, 1634, 1635, 1372, 1636, 1374, 1373, 1635, 1636, 1373, 1637, 1375, 1374, 1636, 1637, 1374, 1638, 1376, 1375, 1637, 1638, 1375, 1639, 1377, 1376, 1638, 1639, 1376, 1640, 1378, 1377, 1639, 1640, 1377, 1641, 1379, 1378, 1640, 1641, 1378, 1642, 1380, 1379, 1641, 1642, 1379, 1643, 1381, 1380, 1642, 1643, 1380, 1644, 1382, 1381, 1643, 1644, 1381, 1645, 1383, 1382, 1644, 1645, 1382, 1646, 1384, 1383, 1645, 1646, 1383, 1647, 1385, 1384, 1646, 1647, 1384, 1648, 1386, 1385, 1647, 1648, 1385, 1649, 1387, 1386, 1648, 1649, 1386, 1650, 1388, 1387, 1649, 1650, 1387, 1651, 1389, 1388, 1650, 1651, 1388, 1652, 1390, 1389, 1651, 1652, 1389, 1653, 1391, 1390, 1652, 1653, 1390, 1654, 1392, 1391, 1653, 1654, 1391, 1655, 1393, 1392, 1654, 1655, 1392, 1656, 1394, 1393, 1655, 1656, 1393, 1657, 1395, 1394, 1656, 1657, 1394, 1658, 1396, 1395, 1657, 1658, 1395, 1659, 1397, 1396, 1658, 1659, 1396, 1660, 1398, 1397, 1659, 1660, 1397, 1661, 1399, 1398, 1660, 1661, 1398, 1662, 1400, 1399, 1661, 1662, 1399, 1663, 1401, 1400, 1662, 1663, 1400, 1664, 1402, 1401, 1663, 1664, 1401, 1665, 1403, 1402, 1664, 1665, 1402, 1666, 1404, 1403, 1665, 1666, 1403, 1667, 1405, 1404, 1666, 1667, 1404, 1668, 1406, 1405, 1667, 1668, 1405, 1669, 1407, 1406, 1668, 1669, 1406, 1670, 1408, 1407, 1669, 1670, 1407, 1671, 1409, 1408, 1670, 1671, 1408, 1672, 1410, 1409, 1671, 1672, 1409, 1673, 1411, 1410, 1672, 1673, 1410, 1674, 1412, 1411, 1673, 1674, 1411, 1675, 1413, 1412, 1674, 1675, 1412, 1676, 1414, 1413, 1675, 1676, 1413, 1677, 1415, 1414, 1676, 1677, 1414, 1678, 1416, 1415, 1677, 1678, 1415, 1679, 1417, 1416, 1678, 1679, 1416, 1680, 1418, 1417, 1679, 1680, 1417, 1681, 1419, 1418, 1680, 1681, 1418, 1682, 1420, 1419, 1681, 1682, 1419, 1683, 1421, 1420, 1682, 1683, 1420, 1684, 1422, 1421, 1683, 1684, 1421, 1685, 1423, 1422, 1684, 1685, 1422, 1686, 1424, 1423, 1685, 1686, 1423, 1687, 1425, 1424, 1686, 1687, 1424, 1688, 1426, 1425, 1687, 1688, 1425, 1689, 1427, 1426, 1688, 1689, 1426, 1690, 1428, 1427, 1689, 1690, 1427, 1691, 1429, 1428, 1690, 1691, 1428, 1692, 1430, 1429, 1691, 1692, 1429, 1693, 1431, 1430, 1692, 1693, 1430, 1694, 1432, 1431, 1693, 1694, 1431, 1695, 1433, 1432, 1694, 1695, 1432, 1696, 1434, 1433, 1695, 1696, 1433, 1697, 1435, 1434, 1696, 1697, 1434, 1698, 1436, 1435, 1697, 1698, 1435, 1699, 1437, 1436, 1698, 1699, 1436, 1700, 1438, 1437, 1699, 1700, 1437, 1701, 1439, 1438, 1700, 1701, 1438, 1702, 1440, 1439, 1701, 1702, 1439, 1703, 1441, 1440, 1702, 1703, 1440, 1704, 1442, 1441, 1703, 1704, 1441, 1705, 1443, 1442, 1704, 1705, 1442, 1706, 1444, 1443, 1705, 1706, 1443, 1707, 1445, 1444, 1706, 1707, 1444, 1708, 1446, 1445, 1707, 1708, 1445, 1709, 1447, 1446, 1708, 1709, 1446, 1710, 1448, 1447, 1709, 1710, 1447, 1711, 1449, 1448, 1710, 1711, 1448, 1712, 1450, 1449, 1711, 1712, 1449, 1713, 1451, 1450, 1712, 1713, 1450, 1714, 1452, 1451, 1713, 1714, 1451, 1715, 1453, 1452, 1714, 1715, 1452, 1716, 1454, 1453, 1715, 1716, 1453, 1717, 1455, 1454, 1716, 1717, 1454, 1718, 1456, 1455, 1717, 1718, 1455, 1719, 1457, 1456, 1718, 1719, 1456, 1720, 1458, 1457, 1719, 1720, 1457, 1721, 1459, 1458, 1720, 1721, 1458, 1722, 1460, 1459, 1721, 1722, 1459, 1723, 1461, 1460, 1722, 1723, 1460, 1724, 1462, 1461, 1723, 1724, 1461, 1725, 1463, 1462, 1724, 1725, 1462, 1726, 1464, 1463, 1725, 1726, 1463, 1727, 1465, 1464, 1726, 1727, 1464, 1728, 1466, 1465, 1727, 1728, 1465, 1729, 1467, 1466, 1728, 1729, 1466, 1730, 1468, 1467, 1729, 1730, 1467, 1731, 1469, 1468, 1730, 1731, 1468, 1732, 1470, 1469, 1731, 1732, 1469, 1733, 1471, 1470, 1732, 1733, 1470, 1734, 1472, 1471, 1733, 1734, 1471, 1735, 1473, 1472, 1734, 1735, 1472, 1736, 1474, 1473, 1735, 1736, 1473, 1737, 1475, 1474, 1736, 1737, 1474, 1738, 1476, 1475, 1737, 1738, 1475, 1739, 1477, 1476, 1738, 1739, 1476, 1740, 1478, 1477, 1739, 1740, 1477, 1741, 1479, 1478, 1740, 1741, 1478, 1742, 1480, 1479, 1741, 1742, 1479, 1743, 1481, 1480, 1742, 1743, 1480, 1744, 1482, 1481, 1743, 1744, 1481, 1745, 1483, 1482, 1744, 1745, 1482, 1746, 1484, 1483, 1745, 1746, 1483, 1747, 1485, 1484, 1746, 1747, 1484, 1748, 1486, 1485, 1747, 1748, 1485, 1749, 1487, 1486, 1748, 1749, 1486, 1750, 1488, 1487, 1749, 1750, 1487, 1751, 1489, 1488, 1750, 1751, 1488, 1752, 1490, 1489, 1751, 1752, 1489, 1753, 1491, 1490, 1752, 1753, 1490, 1754, 1492, 1491, 1753, 1754, 1491, 1755, 1493, 1492, 1754, 1755, 1492, 1756, 1494, 1493, 1755, 1756, 1493, 1757, 1495, 1494, 1756, 1757, 1494, 1758, 1496, 1495, 1757, 1758, 1495, 1759, 1497, 1496, 1758, 1759, 1496, 1760, 1498, 1497, 1759, 1760, 1497, 1761, 1499, 1498, 1760, 1761, 1498, 1762, 1500, 1499, 1761, 1762, 1499, 1763, 1501, 1500, 1762, 1763, 1500, 1764, 1502, 1501, 1763, 1764, 1501, 1765, 1503, 1502, 1764, 1765, 1502, 1766, 1504, 1503, 1765, 1766, 1503, 1767, 1505, 1504, 1766, 1767, 1504, 1768, 1506, 1505, 1767, 1768, 1505, 1769, 1507, 1506, 1768, 1769, 1506, 1770, 1508, 1507, 1769, 1770, 1507, 1771, 1509, 1508, 1770, 1771, 1508, 1772, 1510, 1509, 1771, 1772, 1509, 1773, 1511, 1510, 1772, 1773, 1510, 1774, 1512, 1511, 1773, 1774, 1511, 1775, 1513, 1512, 1774, 1775, 1512, 1776, 1514, 1513, 1775, 1776, 1513, 1777, 1515, 1514, 1776, 1777, 1514, 1778, 1516, 1515, 1777, 1778, 1515, 1779, 1517, 1516, 1778, 1779, 1516, 1780, 1518, 1517, 1779, 1780, 1517, 1781, 1519, 1518, 1780, 1781, 1518, 1782, 1520, 1519, 1781, 1782, 1519, 1783, 1521, 1520, 1782, 1783, 1520, 1784, 1522, 1521, 1783, 1784, 1521, 1785, 1523, 1522, 1784, 1785, 1522, 1786, 1524, 1523, 1785, 1786, 1523, 1787, 1525, 1524, 1786, 1787, 1524, 1788, 1526, 1525, 1787, 1788, 1525, 1789, 1527, 1526, 1788, 1789, 1526, 1790, 1528, 1527, 1789, 1790, 1527, 1791, 1529, 1528, 1790, 1791, 1528, 1792, 1530, 1529, 1791, 1792, 1529, 1793, 1531, 1530, 1792, 1793, 1530, 1794, 1532, 1531, 1793, 1794, 1531, 1795, 1533, 1532, 1794, 1795, 1532, 1796, 1534, 1533, 1795, 1796, 1533, 1797, 1535, 1534, 1796, 1797, 1534, 1798, 1536, 1535, 1797, 1798, 1535, 1799, 1537, 1536, 1798, 1799, 1536, 1800, 1538, 1537, 1799, 1800, 1537, 1801, 1539, 1538, 1800, 1801, 1538, 1802, 1540, 1539, 1801, 1802, 1539, 1803, 1541, 1540, 1802, 1803, 1540, 1804, 1542, 1541, 1803, 1804, 1541, 1805, 1543, 1542, 1804, 1805, 1542, 1806, 1544, 1543, 1805, 1806, 1543, 1807, 1545, 1544, 1806, 1807, 1544, 1808, 1546, 1545, 1807, 1808, 1545, 1809, 1547, 1546, 1808, 1809, 1546, 1810, 1548, 1547, 1809, 1810, 1547, 1811, 1549, 1548, 1810, 1811, 1548, 1812, 1550, 1549, 1811, 1812, 1549, 1813, 1551, 1550, 1812, 1813, 1550, 1814, 1552, 1551, 1813, 1814, 1551, 1815, 1553, 1552, 1814, 1815, 1552, 1816, 1554, 1553, 1815, 1816, 1553, 1817, 1555, 1554, 1816, 1817, 1554, 1818, 1556, 1555, 1817, 1818, 1555, 1819, 1557, 1556, 1818, 1819, 1556, 1820, 1558, 1557, 1819, 1820, 1557, 1821, 1559, 1558, 1820, 1821, 1558, 1822, 1560, 1559, 1821, 1822, 1559, 1823, 1561, 1560, 1822, 1823, 1560, 1824, 1562, 1561, 1823, 1824, 1561, 1825, 1563, 1562, 1824, 1825, 1562, 1826, 1564, 1563, 1825, 1826, 1563, 1827, 1565, 1564, 1826, 1827, 1564, 1828, 1566, 1565, 1827, 1828, 1565, 1829, 1567, 1566, 1828, 1829, 1566, 1830, 1568, 1567, 1829, 1830, 1567, 1831, 1569, 1568, 1830, 1831, 1568, 1832, 1570, 1569, 1831, 1832, 1569, 1833, 1571, 1570, 1832, 1833, 1570, 1572, 1310, 1571, 1833, 1572, 1571, 787, 1, 0, 786, 787, 0, 788, 2, 1, 787, 788, 1, 789, 3, 2, 788, 789, 2, 790, 4, 3, 789, 790, 3, 791, 5, 4, 790, 791, 4, 792, 6, 5, 791, 792, 5, 793, 7, 6, 792, 793, 6, 794, 8, 7, 793, 794, 7, 795, 9, 8, 794, 795, 8, 796, 10, 9, 795, 796, 9, 797, 11, 10, 796, 797, 10, 798, 12, 11, 797, 798, 11, 799, 13, 12, 798, 799, 12, 800, 14, 13, 799, 800, 13, 801, 15, 14, 800, 801, 14, 802, 16, 15, 801, 802, 15, 803, 17, 16, 802, 803, 16, 804, 18, 17, 803, 804, 17, 805, 19, 18, 804, 805, 18, 806, 20, 19, 805, 806, 19, 807, 21, 20, 806, 807, 20, 808, 22, 21, 807, 808, 21, 809, 23, 22, 808, 809, 22, 810, 24, 23, 809, 810, 23, 811, 25, 24, 810, 811, 24, 812, 26, 25, 811, 812, 25, 813, 27, 26, 812, 813, 26, 814, 28, 27, 813, 814, 27, 815, 29, 28, 814, 815, 28, 816, 30, 29, 815, 816, 29, 817, 31, 30, 816, 817, 30, 818, 32, 31, 817, 818, 31, 819, 33, 32, 818, 819, 32, 820, 34, 33, 819, 820, 33, 821, 35, 34, 820, 821, 34, 822, 36, 35, 821, 822, 35, 823, 37, 36, 822, 823, 36, 824, 38, 37, 823, 824, 37, 825, 39, 38, 824, 825, 38, 826, 40, 39, 825, 826, 39, 827, 41, 40, 826, 827, 40, 828, 42, 41, 827, 828, 41, 829, 43, 42, 828, 829, 42, 830, 44, 43, 829, 830, 43, 831, 45, 44, 830, 831, 44, 832, 46, 45, 831, 832, 45, 833, 47, 46, 832, 833, 46, 834, 48, 47, 833, 834, 47, 835, 49, 48, 834, 835, 48, 836, 50, 49, 835, 836, 49, 837, 51, 50, 836, 837, 50, 838, 52, 51, 837, 838, 51, 839, 53, 52, 838, 839, 52, 840, 54, 53, 839, 840, 53, 841, 55, 54, 840, 841, 54, 842, 56, 55, 841, 842, 55, 843, 57, 56, 842, 843, 56, 844, 58, 57, 843, 844, 57, 845, 59, 58, 844, 845, 58, 846, 60, 59, 845, 846, 59, 847, 61, 60, 846, 847, 60, 848, 62, 61, 847, 848, 61, 849, 63, 62, 848, 849, 62, 850, 64, 63, 849, 850, 63, 851, 65, 64, 850, 851, 64, 852, 66, 65, 851, 852, 65, 853, 67, 66, 852, 853, 66, 854, 68, 67, 853, 854, 67, 855, 69, 68, 854, 855, 68, 856, 70, 69, 855, 856, 69, 857, 71, 70, 856, 857, 70, 858, 72, 71, 857, 858, 71, 859, 73, 72, 858, 859, 72, 860, 74, 73, 859, 860, 73, 861, 75, 74, 860, 861, 74, 862, 76, 75, 861, 862, 75, 863, 77, 76, 862, 863, 76, 864, 78, 77, 863, 864, 77, 865, 79, 78, 864, 865, 78, 866, 80, 79, 865, 866, 79, 867, 81, 80, 866, 867, 80, 868, 82, 81, 867, 868, 81, 869, 83, 82, 868, 869, 82, 870, 84, 83, 869, 870, 83, 871, 85, 84, 870, 871, 84, 872, 86, 85, 871, 872, 85, 873, 87, 86, 872, 873, 86, 874, 88, 87, 873, 874, 87, 875, 89, 88, 874, 875, 88, 876, 90, 89, 875, 876, 89, 877, 91, 90, 876, 877, 90, 878, 92, 91, 877, 878, 91, 879, 93, 92, 878, 879, 92, 880, 94, 93, 879, 880, 93, 881, 95, 94, 880, 881, 94, 882, 96, 95, 881, 882, 95, 883, 97, 96, 882, 883, 96, 884, 98, 97, 883, 884, 97, 885, 99, 98, 884, 885, 98, 886, 100, 99, 885, 886, 99, 887, 101, 100, 886, 887, 100, 888, 102, 101, 887, 888, 101, 889, 103, 102, 888, 889, 102, 890, 104, 103, 889, 890, 103, 891, 105, 104, 890, 891, 104, 892, 106, 105, 891, 892, 105, 893, 107, 106, 892, 893, 106, 894, 108, 107, 893, 894, 107, 895, 109, 108, 894, 895, 108, 896, 110, 109, 895, 896, 109, 897, 111, 110, 896, 897, 110, 898, 112, 111, 897, 898, 111, 899, 113, 112, 898, 899, 112, 900, 114, 113, 899, 900, 113, 901, 115, 114, 900, 901, 114, 902, 116, 115, 901, 902, 115, 903, 117, 116, 902, 903, 116, 904, 118, 117, 903, 904, 117, 905, 119, 118, 904, 905, 118, 906, 120, 119, 905, 906, 119, 907, 121, 120, 906, 907, 120, 908, 122, 121, 907, 908, 121, 909, 123, 122, 908, 909, 122, 910, 124, 123, 909, 910, 123, 911, 125, 124, 910, 911, 124, 912, 126, 125, 911, 912, 125, 913, 127, 126, 912, 913, 126, 914, 128, 127, 913, 914, 127, 915, 129, 128, 914, 915, 128, 916, 130, 129, 915, 916, 129, 917, 131, 130, 916, 917, 130, 918, 132, 131, 917, 918, 131, 919, 133, 132, 918, 919, 132, 920, 134, 133, 919, 920, 133, 921, 135, 134, 920, 921, 134, 922, 136, 135, 921, 922, 135, 923, 137, 136, 922, 923, 136, 924, 138, 137, 923, 924, 137, 925, 139, 138, 924, 925, 138, 926, 140, 139, 925, 926, 139, 927, 141, 140, 926, 927, 140, 928, 142, 141, 927, 928, 141, 929, 143, 142, 928, 929, 142, 930, 144, 143, 929, 930, 143, 931, 145, 144, 930, 931, 144, 932, 146, 145, 931, 932, 145, 933, 147, 146, 932, 933, 146, 934, 148, 147, 933, 934, 147, 935, 149, 148, 934, 935, 148, 936, 150, 149, 935, 936, 149, 937, 151, 150, 936, 937, 150, 938, 152, 151, 937, 938, 151, 939, 153, 152, 938, 939, 152, 940, 154, 153, 939, 940, 153, 941, 155, 154, 940, 941, 154, 942, 156, 155, 941, 942, 155, 943, 157, 156, 942, 943, 156, 944, 158, 157, 943, 944, 157, 945, 159, 158, 944, 945, 158, 946, 160, 159, 945, 946, 159, 947, 161, 160, 946, 947, 160, 948, 162, 161, 947, 948, 161, 949, 163, 162, 948, 949, 162, 950, 164, 163, 949, 950, 163, 951, 165, 164, 950, 951, 164, 952, 166, 165, 951, 952, 165, 953, 167, 166, 952, 953, 166, 954, 168, 167, 953, 954, 167, 955, 169, 168, 954, 955, 168, 956, 170, 169, 955, 956, 169, 957, 171, 170, 956, 957, 170, 958, 172, 171, 957, 958, 171, 959, 173, 172, 958, 959, 172, 960, 174, 173, 959, 960, 173, 961, 175, 174, 960, 961, 174, 962, 176, 175, 961, 962, 175, 963, 177, 176, 962, 963, 176, 964, 178, 177, 963, 964, 177, 965, 179, 178, 964, 965, 178, 966, 180, 179, 965, 966, 179, 967, 181, 180, 966, 967, 180, 968, 182, 181, 967, 968, 181, 969, 183, 182, 968, 969, 182, 970, 184, 183, 969, 970, 183, 971, 185, 184, 970, 971, 184, 972, 186, 185, 971, 972, 185, 973, 187, 186, 972, 973, 186, 974, 188, 187, 973, 974, 187, 975, 189, 188, 974, 975, 188, 976, 190, 189, 975, 976, 189, 977, 191, 190, 976, 977, 190, 978, 192, 191, 977, 978, 191, 979, 193, 192, 978, 979, 192, 980, 194, 193, 979, 980, 193, 981, 195, 194, 980, 981, 194, 982, 196, 195, 981, 982, 195, 983, 197, 196, 982, 983, 196, 984, 198, 197, 983, 984, 197, 985, 199, 198, 984, 985, 198, 986, 200, 199, 985, 986, 199, 987, 201, 200, 986, 987, 200, 988, 202, 201, 987, 988, 201, 989, 203, 202, 988, 989, 202, 990, 204, 203, 989, 990, 203, 991, 205, 204, 990, 991, 204, 992, 206, 205, 991, 992, 205, 993, 207, 206, 992, 993, 206, 994, 208, 207, 993, 994, 207, 995, 209, 208, 994, 995, 208, 996, 210, 209, 995, 996, 209, 997, 211, 210, 996, 997, 210, 998, 212, 211, 997, 998, 211, 999, 213, 212, 998, 999, 212, 1000, 214, 213, 999, 1000, 213, 1001, 215, 214, 1000, 1001, 214, 1002, 216, 215, 1001, 1002, 215, 1003, 217, 216, 1002, 1003, 216, 1004, 218, 217, 1003, 1004, 217, 1005, 219, 218, 1004, 1005, 218, 1006, 220, 219, 1005, 1006, 219, 1007, 221, 220, 1006, 1007, 220, 1008, 222, 221, 1007, 1008, 221, 1009, 223, 222, 1008, 1009, 222, 1010, 224, 223, 1009, 1010, 223, 1011, 225, 224, 1010, 1011, 224, 1012, 226, 225, 1011, 1012, 225, 1013, 227, 226, 1012, 1013, 226, 1014, 228, 227, 1013, 1014, 227, 1015, 229, 228, 1014, 1015, 228, 1016, 230, 229, 1015, 1016, 229, 1017, 231, 230, 1016, 1017, 230, 1018, 232, 231, 1017, 1018, 231, 1019, 233, 232, 1018, 1019, 232, 1020, 234, 233, 1019, 1020, 233, 1021, 235, 234, 1020, 1021, 234, 1022, 236, 235, 1021, 1022, 235, 1023, 237, 236, 1022, 1023, 236, 1024, 238, 237, 1023, 1024, 237, 1025, 239, 238, 1024, 1025, 238, 1026, 240, 239, 1025, 1026, 239, 1027, 241, 240, 1026, 1027, 240, 1028, 242, 241, 1027, 1028, 241, 1029, 243, 242, 1028, 1029, 242, 1030, 244, 243, 1029, 1030, 243, 1031, 245, 244, 1030, 1031, 244, 1032, 246, 245, 1031, 1032, 245, 1033, 247, 246, 1032, 1033, 246, 1034, 248, 247, 1033, 1034, 247, 1035, 249, 248, 1034, 1035, 248, 1036, 250, 249, 1035, 1036, 249, 1037, 251, 250, 1036, 1037, 250, 1038, 252, 251, 1037, 1038, 251, 1039, 253, 252, 1038, 1039, 252, 1040, 254, 253, 1039, 1040, 253, 1041, 255, 254, 1040, 1041, 254, 1042, 256, 255, 1041, 1042, 255, 1043, 257, 256, 1042, 1043, 256, 1044, 258, 257, 1043, 1044, 257, 1045, 259, 258, 1044, 1045, 258, 1046, 260, 259, 1045, 1046, 259, 1047, 261, 260, 1046, 1047, 260, 786, 0, 261, 1047, 786, 261, 1049, 787, 786, 1048, 1049, 786, 1050, 788, 787, 1049, 1050, 787, 1051, 789, 788, 1050, 1051, 788, 1052, 790, 789, 1051, 1052, 789, 1053, 791, 790, 1052, 1053, 790, 1054, 792, 791, 1053, 1054, 791, 1055, 793, 792, 1054, 1055, 792, 1056, 794, 793, 1055, 1056, 793, 1057, 795, 794, 1056, 1057, 794, 1058, 796, 795, 1057, 1058, 795, 1059, 797, 796, 1058, 1059, 796, 1060, 798, 797, 1059, 1060, 797, 1061, 799, 798, 1060, 1061, 798, 1062, 800, 799, 1061, 1062, 799, 1063, 801, 800, 1062, 1063, 800, 1064, 802, 801, 1063, 1064, 801, 1065, 803, 802, 1064, 1065, 802, 1066, 804, 803, 1065, 1066, 803, 1067, 805, 804, 1066, 1067, 804, 1068, 806, 805, 1067, 1068, 805, 1069, 807, 806, 1068, 1069, 806, 1070, 808, 807, 1069, 1070, 807, 1071, 809, 808, 1070, 1071, 808, 1072, 810, 809, 1071, 1072, 809, 1073, 811, 810, 1072, 1073, 810, 1074, 812, 811, 1073, 1074, 811, 1075, 813, 812, 1074, 1075, 812, 1076, 814, 813, 1075, 1076, 813, 1077, 815, 814, 1076, 1077, 814, 1078, 816, 815, 1077, 1078, 815, 1079, 817, 816, 1078, 1079, 816, 1080, 818, 817, 1079, 1080, 817, 1081, 819, 818, 1080, 1081, 818, 1082, 820, 819, 1081, 1082, 819, 1083, 821, 820, 1082, 1083, 820, 1084, 822, 821, 1083, 1084, 821, 1085, 823, 822, 1084, 1085, 822, 1086, 824, 823, 1085, 1086, 823, 1087, 825, 824, 1086, 1087, 824, 1088, 826, 825, 1087, 1088, 825, 1089, 827, 826, 1088, 1089, 826, 1090, 828, 827, 1089, 1090, 827, 1091, 829, 828, 1090, 1091, 828, 1092, 830, 829, 1091, 1092, 829, 1093, 831, 830, 1092, 1093, 830, 1094, 832, 831, 1093, 1094, 831, 1095, 833, 832, 1094, 1095, 832, 1096, 834, 833, 1095, 1096, 833, 1097, 835, 834, 1096, 1097, 834, 1098, 836, 835, 1097, 1098, 835, 1099, 837, 836, 1098, 1099, 836, 1100, 838, 837, 1099, 1100, 837, 1101, 839, 838, 1100, 1101, 838, 1102, 840, 839, 1101, 1102, 839, 1103, 841, 840, 1102, 1103, 840, 1104, 842, 841, 1103, 1104, 841, 1105, 843, 842, 1104, 1105, 842, 1106, 844, 843, 1105, 1106, 843, 1107, 845, 844, 1106, 1107, 844, 1108, 846, 845, 1107, 1108, 845, 1109, 847, 846, 1108, 1109, 846, 1110, 848, 847, 1109, 1110, 847, 1111, 849, 848, 1110, 1111, 848, 1112, 850, 849, 1111, 1112, 849, 1113, 851, 850, 1112, 1113, 850, 1114, 852, 851, 1113, 1114, 851, 1115, 853, 852, 1114, 1115, 852, 1116, 854, 853, 1115, 1116, 853, 1117, 855, 854, 1116, 1117, 854, 1118, 856, 855, 1117, 1118, 855, 1119, 857, 856, 1118, 1119, 856, 1120, 858, 857, 1119, 1120, 857, 1121, 859, 858, 1120, 1121, 858, 1122, 860, 859, 1121, 1122, 859, 1123, 861, 860, 1122, 1123, 860, 1124, 862, 861, 1123, 1124, 861, 1125, 863, 862, 1124, 1125, 862, 1126, 864, 863, 1125, 1126, 863, 1127, 865, 864, 1126, 1127, 864, 1128, 866, 865, 1127, 1128, 865, 1129, 867, 866, 1128, 1129, 866, 1130, 868, 867, 1129, 1130, 867, 1131, 869, 868, 1130, 1131, 868, 1132, 870, 869, 1131, 1132, 869, 1133, 871, 870, 1132, 1133, 870, 1134, 872, 871, 1133, 1134, 871, 1135, 873, 872, 1134, 1135, 872, 1136, 874, 873, 1135, 1136, 873, 1137, 875, 874, 1136, 1137, 874, 1138, 876, 875, 1137, 1138, 875, 1139, 877, 876, 1138, 1139, 876, 1140, 878, 877, 1139, 1140, 877, 1141, 879, 878, 1140, 1141, 878, 1142, 880, 879, 1141, 1142, 879, 1143, 881, 880, 1142, 1143, 880, 1144, 882, 881, 1143, 1144, 881, 1145, 883, 882, 1144, 1145, 882, 1146, 884, 883, 1145, 1146, 883, 1147, 885, 884, 1146, 1147, 884, 1148, 886, 885, 1147, 1148, 885, 1149, 887, 886, 1148, 1149, 886, 1150, 888, 887, 1149, 1150, 887, 1151, 889, 888, 1150, 1151, 888, 1152, 890, 889, 1151, 1152, 889, 1153, 891, 890, 1152, 1153, 890, 1154, 892, 891, 1153, 1154, 891, 1155, 893, 892, 1154, 1155, 892, 1156, 894, 893, 1155, 1156, 893, 1157, 895, 894, 1156, 1157, 894, 1158, 896, 895, 1157, 1158, 895, 1159, 897, 896, 1158, 1159, 896, 1160, 898, 897, 1159, 1160, 897, 1161, 899, 898, 1160, 1161, 898, 1162, 900, 899, 1161, 1162, 899, 1163, 901, 900, 1162, 1163, 900, 1164, 902, 901, 1163, 1164, 901, 1165, 903, 902, 1164, 1165, 902, 1166, 904, 903, 1165, 1166, 903, 1167, 905, 904, 1166, 1167, 904, 1168, 906, 905, 1167, 1168, 905, 1169, 907, 906, 1168, 1169, 906, 1170, 908, 907, 1169, 1170, 907, 1171, 909, 908, 1170, 1171, 908, 1172, 910, 909, 1171, 1172, 909, 1173, 911, 910, 1172, 1173, 910, 1174, 912, 911, 1173, 1174, 911, 1175, 913, 912, 1174, 1175, 912, 1176, 914, 913, 1175, 1176, 913, 1177, 915, 914, 1176, 1177, 914, 1178, 916, 915, 1177, 1178, 915, 1179, 917, 916, 1178, 1179, 916, 1180, 918, 917, 1179, 1180, 917, 1181, 919, 918, 1180, 1181, 918, 1182, 920, 919, 1181, 1182, 919, 1183, 921, 920, 1182, 1183, 920, 1184, 922, 921, 1183, 1184, 921, 1185, 923, 922, 1184, 1185, 922, 1186, 924, 923, 1185, 1186, 923, 1187, 925, 924, 1186, 1187, 924, 1188, 926, 925, 1187, 1188, 925, 1189, 927, 926, 1188, 1189, 926, 1190, 928, 927, 1189, 1190, 927, 1191, 929, 928, 1190, 1191, 928, 1192, 930, 929, 1191, 1192, 929, 1193, 931, 930, 1192, 1193, 930, 1194, 932, 931, 1193, 1194, 931, 1195, 933, 932, 1194, 1195, 932, 1196, 934, 933, 1195, 1196, 933, 1197, 935, 934, 1196, 1197, 934, 1198, 936, 935, 1197, 1198, 935, 1199, 937, 936, 1198, 1199, 936, 1200, 938, 937, 1199, 1200, 937, 1201, 939, 938, 1200, 1201, 938, 1202, 940, 939, 1201, 1202, 939, 1203, 941, 940, 1202, 1203, 940, 1204, 942, 941, 1203, 1204, 941, 1205, 943, 942, 1204, 1205, 942, 1206, 944, 943, 1205, 1206, 943, 1207, 945, 944, 1206, 1207, 944, 1208, 946, 945, 1207, 1208, 945, 1209, 947, 946, 1208, 1209, 946, 1210, 948, 947, 1209, 1210, 947, 1211, 949, 948, 1210, 1211, 948, 1212, 950, 949, 1211, 1212, 949, 1213, 951, 950, 1212, 1213, 950, 1214, 952, 951, 1213, 1214, 951, 1215, 953, 952, 1214, 1215, 952, 1216, 954, 953, 1215, 1216, 953, 1217, 955, 954, 1216, 1217, 954, 1218, 956, 955, 1217, 1218, 955, 1219, 957, 956, 1218, 1219, 956, 1220, 958, 957, 1219, 1220, 957, 1221, 959, 958, 1220, 1221, 958, 1222, 960, 959, 1221, 1222, 959, 1223, 961, 960, 1222, 1223, 960, 1224, 962, 961, 1223, 1224, 961, 1225, 963, 962, 1224, 1225, 962, 1226, 964, 963, 1225, 1226, 963, 1227, 965, 964, 1226, 1227, 964, 1228, 966, 965, 1227, 1228, 965, 1229, 967, 966, 1228, 1229, 966, 1230, 968, 967, 1229, 1230, 967, 1231, 969, 968, 1230, 1231, 968, 1232, 970, 969, 1231, 1232, 969, 1233, 971, 970, 1232, 1233, 970, 1234, 972, 971, 1233, 1234, 971, 1235, 973, 972, 1234, 1235, 972, 1236, 974, 973, 1235, 1236, 973, 1237, 975, 974, 1236, 1237, 974, 1238, 976, 975, 1237, 1238, 975, 1239, 977, 976, 1238, 1239, 976, 1240, 978, 977, 1239, 1240, 977, 1241, 979, 978, 1240, 1241, 978, 1242, 980, 979, 1241, 1242, 979, 1243, 981, 980, 1242, 1243, 980, 1244, 982, 981, 1243, 1244, 981, 1245, 983, 982, 1244, 1245, 982, 1246, 984, 983, 1245, 1246, 983, 1247, 985, 984, 1246, 1247, 984, 1248, 986, 985, 1247, 1248, 985, 1249, 987, 986, 1248, 1249, 986, 1250, 988, 987, 1249, 1250, 987, 1251, 989, 988, 1250, 1251, 988, 1252, 990, 989, 1251, 1252, 989, 1253, 991, 990, 1252, 1253, 990, 1254, 992, 991, 1253, 1254, 991, 1255, 993, 992, 1254, 1255, 992, 1256, 994, 993, 1255, 1256, 993, 1257, 995, 994, 1256, 1257, 994, 1258, 996, 995, 1257, 1258, 995, 1259, 997, 996, 1258, 1259, 996, 1260, 998, 997, 1259, 1260, 997, 1261, 999, 998, 1260, 1261, 998, 1262, 1000, 999, 1261, 1262, 999, 1263, 1001, 1000, 1262, 1263, 1000, 1264, 1002, 1001, 1263, 1264, 1001, 1265, 1003, 1002, 1264, 1265, 1002, 1266, 1004, 1003, 1265, 1266, 1003, 1267, 1005, 1004, 1266, 1267, 1004, 1268, 1006, 1005, 1267, 1268, 1005, 1269, 1007, 1006, 1268, 1269, 1006, 1270, 1008, 1007, 1269, 1270, 1007, 1271, 1009, 1008, 1270, 1271, 1008, 1272, 1010, 1009, 1271, 1272, 1009, 1273, 1011, 1010, 1272, 1273, 1010, 1274, 1012, 1011, 1273, 1274, 1011, 1275, 1013, 1012, 1274, 1275, 1012, 1276, 1014, 1013, 1275, 1276, 1013, 1277, 1015, 1014, 1276, 1277, 1014, 1278, 1016, 1015, 1277, 1278, 1015, 1279, 1017, 1016, 1278, 1279, 1016, 1280, 1018, 1017, 1279, 1280, 1017, 1281, 1019, 1018, 1280, 1281, 1018, 1282, 1020, 1019, 1281, 1282, 1019, 1283, 1021, 1020, 1282, 1283, 1020, 1284, 1022, 1021, 1283, 1284, 1021, 1285, 1023, 1022, 1284, 1285, 1022, 1286, 1024, 1023, 1285, 1286, 1023, 1287, 1025, 1024, 1286, 1287, 1024, 1288, 1026, 1025, 1287, 1288, 1025, 1289, 1027, 1026, 1288, 1289, 1026, 1290, 1028, 1027, 1289, 1290, 1027, 1291, 1029, 1028, 1290, 1291, 1028, 1292, 1030, 1029, 1291, 1292, 1029, 1293, 1031, 1030, 1292, 1293, 1030, 1294, 1032, 1031, 1293, 1294, 1031, 1295, 1033, 1032, 1294, 1295, 1032, 1296, 1034, 1033, 1295, 1296, 1033, 1297, 1035, 1034, 1296, 1297, 1034, 1298, 1036, 1035, 1297, 1298, 1035, 1299, 1037, 1036, 1298, 1299, 1036, 1300, 1038, 1037, 1299, 1300, 1037, 1301, 1039, 1038, 1300, 1301, 1038, 1302, 1040, 1039, 1301, 1302, 1039, 1303, 1041, 1040, 1302, 1303, 1040, 1304, 1042, 1041, 1303, 1304, 1041, 1305, 1043, 1042, 1304, 1305, 1042, 1306, 1044, 1043, 1305, 1306, 1043, 1307, 1045, 1044, 1306, 1307, 1044, 1308, 1046, 1045, 1307, 1308, 1045, 1309, 1047, 1046, 1308, 1309, 1046, 1048, 786, 1047, 1309, 1048, 1047, 1311, 1049, 1048, 1310, 1311, 1048, 1312, 1050, 1049, 1311, 1312, 1049, 1313, 1051, 1050, 1312, 1313, 1050, 1314, 1052, 1051, 1313, 1314, 1051, 1315, 1053, 1052, 1314, 1315, 1052, 1316, 1054, 1053, 1315, 1316, 1053, 1317, 1055, 1054, 1316, 1317, 1054, 1318, 1056, 1055, 1317, 1318, 1055, 1319, 1057, 1056, 1318, 1319, 1056, 1320, 1058, 1057, 1319, 1320, 1057, 1321, 1059, 1058, 1320, 1321, 1058, 1322, 1060, 1059, 1321, 1322, 1059, 1323, 1061, 1060, 1322, 1323, 1060, 1324, 1062, 1061, 1323, 1324, 1061, 1325, 1063, 1062, 1324, 1325, 1062, 1326, 1064, 1063, 1325, 1326, 1063, 1327, 1065, 1064, 1326, 1327, 1064, 1328, 1066, 1065, 1327, 1328, 1065, 1329, 1067, 1066, 1328, 1329, 1066, 1330, 1068, 1067, 1329, 1330, 1067, 1331, 1069, 1068, 1330, 1331, 1068, 1332, 1070, 1069, 1331, 1332, 1069, 1333, 1071, 1070, 1332, 1333, 1070, 1334, 1072, 1071, 1333, 1334, 1071, 1335, 1073, 1072, 1334, 1335, 1072, 1336, 1074, 1073, 1335, 1336, 1073, 1337, 1075, 1074, 1336, 1337, 1074, 1338, 1076, 1075, 1337, 1338, 1075, 1339, 1077, 1076, 1338, 1339, 1076, 1340, 1078, 1077, 1339, 1340, 1077, 1341, 1079, 1078, 1340, 1341, 1078, 1342, 1080, 1079, 1341, 1342, 1079, 1343, 1081, 1080, 1342, 1343, 1080, 1344, 1082, 1081, 1343, 1344, 1081, 1345, 1083, 1082, 1344, 1345, 1082, 1346, 1084, 1083, 1345, 1346, 1083, 1347, 1085, 1084, 1346, 1347, 1084, 1348, 1086, 1085, 1347, 1348, 1085, 1349, 1087, 1086, 1348, 1349, 1086, 1350, 1088, 1087, 1349, 1350, 1087, 1351, 1089, 1088, 1350, 1351, 1088, 1352, 1090, 1089, 1351, 1352, 1089, 1353, 1091, 1090, 1352, 1353, 1090, 1354, 1092, 1091, 1353, 1354, 1091, 1355, 1093, 1092, 1354, 1355, 1092, 1356, 1094, 1093, 1355, 1356, 1093, 1357, 1095, 1094, 1356, 1357, 1094, 1358, 1096, 1095, 1357, 1358, 1095, 1359, 1097, 1096, 1358, 1359, 1096, 1360, 1098, 1097, 1359, 1360, 1097, 1361, 1099, 1098, 1360, 1361, 1098, 1362, 1100, 1099, 1361, 1362, 1099, 1363, 1101, 1100, 1362, 1363, 1100, 1364, 1102, 1101, 1363, 1364, 1101, 1365, 1103, 1102, 1364, 1365, 1102, 1366, 1104, 1103, 1365, 1366, 1103, 1367, 1105, 1104, 1366, 1367, 1104, 1368, 1106, 1105, 1367, 1368, 1105, 1369, 1107, 1106, 1368, 1369, 1106, 1370, 1108, 1107, 1369, 1370, 1107, 1371, 1109, 1108, 1370, 1371, 1108, 1372, 1110, 1109, 1371, 1372, 1109, 1373, 1111, 1110, 1372, 1373, 1110, 1374, 1112, 1111, 1373, 1374, 1111, 1375, 1113, 1112, 1374, 1375, 1112, 1376, 1114, 1113, 1375, 1376, 1113, 1377, 1115, 1114, 1376, 1377, 1114, 1378, 1116, 1115, 1377, 1378, 1115, 1379, 1117, 1116, 1378, 1379, 1116, 1380, 1118, 1117, 1379, 1380, 1117, 1381, 1119, 1118, 1380, 1381, 1118, 1382, 1120, 1119, 1381, 1382, 1119, 1383, 1121, 1120, 1382, 1383, 1120, 1384, 1122, 1121, 1383, 1384, 1121, 1385, 1123, 1122, 1384, 1385, 1122, 1386, 1124, 1123, 1385, 1386, 1123, 1387, 1125, 1124, 1386, 1387, 1124, 1388, 1126, 1125, 1387, 1388, 1125, 1389, 1127, 1126, 1388, 1389, 1126, 1390, 1128, 1127, 1389, 1390, 1127, 1391, 1129, 1128, 1390, 1391, 1128, 1392, 1130, 1129, 1391, 1392, 1129, 1393, 1131, 1130, 1392, 1393, 1130, 1394, 1132, 1131, 1393, 1394, 1131, 1395, 1133, 1132, 1394, 1395, 1132, 1396, 1134, 1133, 1395, 1396, 1133, 1397, 1135, 1134, 1396, 1397, 1134, 1398, 1136, 1135, 1397, 1398, 1135, 1399, 1137, 1136, 1398, 1399, 1136, 1400, 1138, 1137, 1399, 1400, 1137, 1401, 1139, 1138, 1400, 1401, 1138, 1402, 1140, 1139, 1401, 1402, 1139, 1403, 1141, 1140, 1402, 1403, 1140, 1404, 1142, 1141, 1403, 1404, 1141, 1405, 1143, 1142, 1404, 1405, 1142, 1406, 1144, 1143, 1405, 1406, 1143, 1407, 1145, 1144, 1406, 1407, 1144, 1408, 1146, 1145, 1407, 1408, 1145, 1409, 1147, 1146, 1408, 1409, 1146, 1410, 1148, 1147, 1409, 1410, 1147, 1411, 1149, 1148, 1410, 1411, 1148, 1412, 1150, 1149, 1411, 1412, 1149, 1413, 1151, 1150, 1412, 1413, 1150, 1414, 1152, 1151, 1413, 1414, 1151, 1415, 1153, 1152, 1414, 1415, 1152, 1416, 1154, 1153, 1415, 1416, 1153, 1417, 1155, 1154, 1416, 1417, 1154, 1418, 1156, 1155, 1417, 1418, 1155, 1419, 1157, 1156, 1418, 1419, 1156, 1420, 1158, 1157, 1419, 1420, 1157, 1421, 1159, 1158, 1420, 1421, 1158, 1422, 1160, 1159, 1421, 1422, 1159, 1423, 1161, 1160, 1422, 1423, 1160, 1424, 1162, 1161, 1423, 1424, 1161, 1425, 1163, 1162, 1424, 1425, 1162, 1426, 1164, 1163, 1425, 1426, 1163, 1427, 1165, 1164, 1426, 1427, 1164, 1428, 1166, 1165, 1427, 1428, 1165, 1429, 1167, 1166, 1428, 1429, 1166, 1430, 1168, 1167, 1429, 1430, 1167, 1431, 1169, 1168, 1430, 1431, 1168, 1432, 1170, 1169, 1431, 1432, 1169, 1433, 1171, 1170, 1432, 1433, 1170, 1434, 1172, 1171, 1433, 1434, 1171, 1435, 1173, 1172, 1434, 1435, 1172, 1436, 1174, 1173, 1435, 1436, 1173, 1437, 1175, 1174, 1436, 1437, 1174, 1438, 1176, 1175, 1437, 1438, 1175, 1439, 1177, 1176, 1438, 1439, 1176, 1440, 1178, 1177, 1439, 1440, 1177, 1441, 1179, 1178, 1440, 1441, 1178, 1442, 1180, 1179, 1441, 1442, 1179, 1443, 1181, 1180, 1442, 1443, 1180, 1444, 1182, 1181, 1443, 1444, 1181, 1445, 1183, 1182, 1444, 1445, 1182, 1446, 1184, 1183, 1445, 1446, 1183, 1447, 1185, 1184, 1446, 1447, 1184, 1448, 1186, 1185, 1447, 1448, 1185, 1449, 1187, 1186, 1448, 1449, 1186, 1450, 1188, 1187, 1449, 1450, 1187, 1451, 1189, 1188, 1450, 1451, 1188, 1452, 1190, 1189, 1451, 1452, 1189, 1453, 1191, 1190, 1452, 1453, 1190, 1454, 1192, 1191, 1453, 1454, 1191, 1455, 1193, 1192, 1454, 1455, 1192, 1456, 1194, 1193, 1455, 1456, 1193, 1457, 1195, 1194, 1456, 1457, 1194, 1458, 1196, 1195, 1457, 1458, 1195, 1459, 1197, 1196, 1458, 1459, 1196, 1460, 1198, 1197, 1459, 1460, 1197, 1461, 1199, 1198, 1460, 1461, 1198, 1462, 1200, 1199, 1461, 1462, 1199, 1463, 1201, 1200, 1462, 1463, 1200, 1464, 1202, 1201, 1463, 1464, 1201, 1465, 1203, 1202, 1464, 1465, 1202, 1466, 1204, 1203, 1465, 1466, 1203, 1467, 1205, 1204, 1466, 1467, 1204, 1468, 1206, 1205, 1467, 1468, 1205, 1469, 1207, 1206, 1468, 1469, 1206, 1470, 1208, 1207, 1469, 1470, 1207, 1471, 1209, 1208, 1470, 1471, 1208, 1472, 1210, 1209, 1471, 1472, 1209, 1473, 1211, 1210, 1472, 1473, 1210, 1474, 1212, 1211, 1473, 1474, 1211, 1475, 1213, 1212, 1474, 1475, 1212, 1476, 1214, 1213, 1475, 1476, 1213, 1477, 1215, 1214, 1476, 1477, 1214, 1478, 1216, 1215, 1477, 1478, 1215, 1479, 1217, 1216, 1478, 1479, 1216, 1480, 1218, 1217, 1479, 1480, 1217, 1481, 1219, 1218, 1480, 1481, 1218, 1482, 1220, 1219, 1481, 1482, 1219, 1483, 1221, 1220, 1482, 1483, 1220, 1484, 1222, 1221, 1483, 1484, 1221, 1485, 1223, 1222, 1484, 1485, 1222, 1486, 1224, 1223, 1485, 1486, 1223, 1487, 1225, 1224, 1486, 1487, 1224, 1488, 1226, 1225, 1487, 1488, 1225, 1489, 1227, 1226, 1488, 1489, 1226, 1490, 1228, 1227, 1489, 1490, 1227, 1491, 1229, 1228, 1490, 1491, 1228, 1492, 1230, 1229, 1491, 1492, 1229, 1493, 1231, 1230, 1492, 1493, 1230, 1494, 1232, 1231, 1493, 1494, 1231, 1495, 1233, 1232, 1494, 1495, 1232, 1496, 1234, 1233, 1495, 1496, 1233, 1497, 1235, 1234, 1496, 1497, 1234, 1498, 1236, 1235, 1497, 1498, 1235, 1499, 1237, 1236, 1498, 1499, 1236, 1500, 1238, 1237, 1499, 1500, 1237, 1501, 1239, 1238, 1500, 1501, 1238, 1502, 1240, 1239, 1501, 1502, 1239, 1503, 1241, 1240, 1502, 1503, 1240, 1504, 1242, 1241, 1503, 1504, 1241, 1505, 1243, 1242, 1504, 1505, 1242, 1506, 1244, 1243, 1505, 1506, 1243, 1507, 1245, 1244, 1506, 1507, 1244, 1508, 1246, 1245, 1507, 1508, 1245, 1509, 1247, 1246, 1508, 1509, 1246, 1510, 1248, 1247, 1509, 1510, 1247, 1511, 1249, 1248, 1510, 1511, 1248, 1512, 1250, 1249, 1511, 1512, 1249, 1513, 1251, 1250, 1512, 1513, 1250, 1514, 1252, 1251, 1513, 1514, 1251, 1515, 1253, 1252, 1514, 1515, 1252, 1516, 1254, 1253, 1515, 1516, 1253, 1517, 1255, 1254, 1516, 1517, 1254, 1518, 1256, 1255, 1517, 1518, 1255, 1519, 1257, 1256, 1518, 1519, 1256, 1520, 1258, 1257, 1519, 1520, 1257, 1521, 1259, 1258, 1520, 1521, 1258, 1522, 1260, 1259, 1521, 1522, 1259, 1523, 1261, 1260, 1522, 1523, 1260, 1524, 1262, 1261, 1523, 1524, 1261, 1525, 1263, 1262, 1524, 1525, 1262, 1526, 1264, 1263, 1525, 1526, 1263, 1527, 1265, 1264, 1526, 1527, 1264, 1528, 1266, 1265, 1527, 1528, 1265, 1529, 1267, 1266, 1528, 1529, 1266, 1530, 1268, 1267, 1529, 1530, 1267, 1531, 1269, 1268, 1530, 1531, 1268, 1532, 1270, 1269, 1531, 1532, 1269, 1533, 1271, 1270, 1532, 1533, 1270, 1534, 1272, 1271, 1533, 1534, 1271, 1535, 1273, 1272, 1534, 1535, 1272, 1536, 1274, 1273, 1535, 1536, 1273, 1537, 1275, 1274, 1536, 1537, 1274, 1538, 1276, 1275, 1537, 1538, 1275, 1539, 1277, 1276, 1538, 1539, 1276, 1540, 1278, 1277, 1539, 1540, 1277, 1541, 1279, 1278, 1540, 1541, 1278, 1542, 1280, 1279, 1541, 1542, 1279, 1543, 1281, 1280, 1542, 1543, 1280, 1544, 1282, 1281, 1543, 1544, 1281, 1545, 1283, 1282, 1544, 1545, 1282, 1546, 1284, 1283, 1545, 1546, 1283, 1547, 1285, 1284, 1546, 1547, 1284, 1548, 1286, 1285, 1547, 1548, 1285, 1549, 1287, 1286, 1548, 1549, 1286, 1550, 1288, 1287, 1549, 1550, 1287, 1551, 1289, 1288, 1550, 1551, 1288, 1552, 1290, 1289, 1551, 1552, 1289, 1553, 1291, 1290, 1552, 1553, 1290, 1554, 1292, 1291, 1553, 1554, 1291, 1555, 1293, 1292, 1554, 1555, 1292, 1556, 1294, 1293, 1555, 1556, 1293, 1557, 1295, 1294, 1556, 1557, 1294, 1558, 1296, 1295, 1557, 1558, 1295, 1559, 1297, 1296, 1558, 1559, 1296, 1560, 1298, 1297, 1559, 1560, 1297, 1561, 1299, 1298, 1560, 1561, 1298, 1562, 1300, 1299, 1561, 1562, 1299, 1563, 1301, 1300, 1562, 1563, 1300, 1564, 1302, 1301, 1563, 1564, 1301, 1565, 1303, 1302, 1564, 1565, 1302, 1566, 1304, 1303, 1565, 1566, 1303, 1567, 1305, 1304, 1566, 1567, 1304, 1568, 1306, 1305, 1567, 1568, 1305, 1569, 1307, 1306, 1568, 1569, 1306, 1570, 1308, 1307, 1569, 1570, 1307, 1571, 1309, 1308, 1570, 1571, 1308, 1310, 1048, 1309, 1571, 1310, 1309, 524, 525, 1573, 524, 1573, 1572, 525, 526, 1574, 525, 1574, 1573, 526, 527, 1575, 526, 1575, 1574, 527, 528, 1576, 527, 1576, 1575, 528, 529, 1577, 528, 1577, 1576, 529, 530, 1578, 529, 1578, 1577, 530, 531, 1579, 530, 1579, 1578, 531, 532, 1580, 531, 1580, 1579, 532, 533, 1581, 532, 1581, 1580, 533, 534, 1582, 533, 1582, 1581, 534, 535, 1583, 534, 1583, 1582, 535, 536, 1584, 535, 1584, 1583, 536, 537, 1585, 536, 1585, 1584, 537, 538, 1586, 537, 1586, 1585, 538, 539, 1587, 538, 1587, 1586, 539, 540, 1588, 539, 1588, 1587, 540, 541, 1589, 540, 1589, 1588, 541, 542, 1590, 541, 1590, 1589, 542, 543, 1591, 542, 1591, 1590, 543, 544, 1592, 543, 1592, 1591, 544, 545, 1593, 544, 1593, 1592, 545, 546, 1594, 545, 1594, 1593, 546, 547, 1595, 546, 1595, 1594, 547, 548, 1596, 547, 1596, 1595, 548, 549, 1597, 548, 1597, 1596, 549, 550, 1598, 549, 1598, 1597, 550, 551, 1599, 550, 1599, 1598, 551, 552, 1600, 551, 1600, 1599, 552, 553, 1601, 552, 1601, 1600, 553, 554, 1602, 553, 1602, 1601, 554, 555, 1603, 554, 1603, 1602, 555, 556, 1604, 555, 1604, 1603, 556, 557, 1605, 556, 1605, 1604, 557, 558, 1606, 557, 1606, 1605, 558, 559, 1607, 558, 1607, 1606, 559, 560, 1608, 559, 1608, 1607, 560, 561, 1609, 560, 1609, 1608, 561, 562, 1610, 561, 1610, 1609, 562, 563, 1611, 562, 1611, 1610, 563, 564, 1612, 563, 1612, 1611, 564, 565, 1613, 564, 1613, 1612, 565, 566, 1614, 565, 1614, 1613, 566, 567, 1615, 566, 1615, 1614, 567, 568, 1616, 567, 1616, 1615, 568, 569, 1617, 568, 1617, 1616, 569, 570, 1618, 569, 1618, 1617, 570, 571, 1619, 570, 1619, 1618, 571, 572, 1620, 571, 1620, 1619, 572, 573, 1621, 572, 1621, 1620, 573, 574, 1622, 573, 1622, 1621, 574, 575, 1623, 574, 1623, 1622, 575, 576, 1624, 575, 1624, 1623, 576, 577, 1625, 576, 1625, 1624, 577, 578, 1626, 577, 1626, 1625, 578, 579, 1627, 578, 1627, 1626, 579, 580, 1628, 579, 1628, 1627, 580, 581, 1629, 580, 1629, 1628, 581, 582, 1630, 581, 1630, 1629, 582, 583, 1631, 582, 1631, 1630, 583, 584, 1632, 583, 1632, 1631, 584, 585, 1633, 584, 1633, 1632, 585, 586, 1634, 585, 1634, 1633, 586, 587, 1635, 586, 1635, 1634, 587, 588, 1636, 587, 1636, 1635, 588, 589, 1637, 588, 1637, 1636, 589, 590, 1638, 589, 1638, 1637, 590, 591, 1639, 590, 1639, 1638, 591, 592, 1640, 591, 1640, 1639, 592, 593, 1641, 592, 1641, 1640, 593, 594, 1642, 593, 1642, 1641, 594, 595, 1643, 594, 1643, 1642, 595, 596, 1644, 595, 1644, 1643, 596, 597, 1645, 596, 1645, 1644, 597, 598, 1646, 597, 1646, 1645, 598, 599, 1647, 598, 1647, 1646, 599, 600, 1648, 599, 1648, 1647, 600, 601, 1649, 600, 1649, 1648, 601, 602, 1650, 601, 1650, 1649, 602, 603, 1651, 602, 1651, 1650, 603, 604, 1652, 603, 1652, 1651, 604, 605, 1653, 604, 1653, 1652, 605, 606, 1654, 605, 1654, 1653, 606, 607, 1655, 606, 1655, 1654, 607, 608, 1656, 607, 1656, 1655, 608, 609, 1657, 608, 1657, 1656, 609, 610, 1658, 609, 1658, 1657, 610, 611, 1659, 610, 1659, 1658, 611, 612, 1660, 611, 1660, 1659, 612, 613, 1661, 612, 1661, 1660, 613, 614, 1662, 613, 1662, 1661, 614, 615, 1663, 614, 1663, 1662, 615, 616, 1664, 615, 1664, 1663, 616, 617, 1665, 616, 1665, 1664, 617, 618, 1666, 617, 1666, 1665, 618, 619, 1667, 618, 1667, 1666, 619, 620, 1668, 619, 1668, 1667, 620, 621, 1669, 620, 1669, 1668, 621, 622, 1670, 621, 1670, 1669, 622, 623, 1671, 622, 1671, 1670, 623, 624, 1672, 623, 1672, 1671, 624, 625, 1673, 624, 1673, 1672, 625, 626, 1674, 625, 1674, 1673, 626, 627, 1675, 626, 1675, 1674, 627, 628, 1676, 627, 1676, 1675, 628, 629, 1677, 628, 1677, 1676, 629, 630, 1678, 629, 1678, 1677, 630, 631, 1679, 630, 1679, 1678, 631, 632, 1680, 631, 1680, 1679, 632, 633, 1681, 632, 1681, 1680, 633, 634, 1682, 633, 1682, 1681, 634, 635, 1683, 634, 1683, 1682, 635, 636, 1684, 635, 1684, 1683, 636, 637, 1685, 636, 1685, 1684, 637, 638, 1686, 637, 1686, 1685, 638, 639, 1687, 638, 1687, 1686, 639, 640, 1688, 639, 1688, 1687, 640, 641, 1689, 640, 1689, 1688, 641, 642, 1690, 641, 1690, 1689, 642, 643, 1691, 642, 1691, 1690, 643, 644, 1692, 643, 1692, 1691, 644, 645, 1693, 644, 1693, 1692, 645, 646, 1694, 645, 1694, 1693, 646, 647, 1695, 646, 1695, 1694, 647, 648, 1696, 647, 1696, 1695, 648, 649, 1697, 648, 1697, 1696, 649, 650, 1698, 649, 1698, 1697, 650, 651, 1699, 650, 1699, 1698, 651, 652, 1700, 651, 1700, 1699, 652, 653, 1701, 652, 1701, 1700, 653, 654, 1702, 653, 1702, 1701, 654, 655, 1703, 654, 1703, 1702, 655, 656, 1704, 655, 1704, 1703, 656, 657, 1705, 656, 1705, 1704, 657, 658, 1706, 657, 1706, 1705, 658, 659, 1707, 658, 1707, 1706, 659, 660, 1708, 659, 1708, 1707, 660, 661, 1709, 660, 1709, 1708, 661, 662, 1710, 661, 1710, 1709, 662, 663, 1711, 662, 1711, 1710, 663, 664, 1712, 663, 1712, 1711, 664, 665, 1713, 664, 1713, 1712, 665, 666, 1714, 665, 1714, 1713, 666, 667, 1715, 666, 1715, 1714, 667, 668, 1716, 667, 1716, 1715, 668, 669, 1717, 668, 1717, 1716, 669, 670, 1718, 669, 1718, 1717, 670, 671, 1719, 670, 1719, 1718, 671, 672, 1720, 671, 1720, 1719, 672, 673, 1721, 672, 1721, 1720, 673, 674, 1722, 673, 1722, 1721, 674, 675, 1723, 674, 1723, 1722, 675, 676, 1724, 675, 1724, 1723, 676, 677, 1725, 676, 1725, 1724, 677, 678, 1726, 677, 1726, 1725, 678, 679, 1727, 678, 1727, 1726, 679, 680, 1728, 679, 1728, 1727, 680, 681, 1729, 680, 1729, 1728, 681, 682, 1730, 681, 1730, 1729, 682, 683, 1731, 682, 1731, 1730, 683, 684, 1732, 683, 1732, 1731, 684, 685, 1733, 684, 1733, 1732, 685, 686, 1734, 685, 1734, 1733, 686, 687, 1735, 686, 1735, 1734, 687, 688, 1736, 687, 1736, 1735, 688, 689, 1737, 688, 1737, 1736, 689, 690, 1738, 689, 1738, 1737, 690, 691, 1739, 690, 1739, 1738, 691, 692, 1740, 691, 1740, 1739, 692, 693, 1741, 692, 1741, 1740, 693, 694, 1742, 693, 1742, 1741, 694, 695, 1743, 694, 1743, 1742, 695, 696, 1744, 695, 1744, 1743, 696, 697, 1745, 696, 1745, 1744, 697, 698, 1746, 697, 1746, 1745, 698, 699, 1747, 698, 1747, 1746, 699, 700, 1748, 699, 1748, 1747, 700, 701, 1749, 700, 1749, 1748, 701, 702, 1750, 701, 1750, 1749, 702, 703, 1751, 702, 1751, 1750, 703, 704, 1752, 703, 1752, 1751, 704, 705, 1753, 704, 1753, 1752, 705, 706, 1754, 705, 1754, 1753, 706, 707, 1755, 706, 1755, 1754, 707, 708, 1756, 707, 1756, 1755, 708, 709, 1757, 708, 1757, 1756, 709, 710, 1758, 709, 1758, 1757, 710, 711, 1759, 710, 1759, 1758, 711, 712, 1760, 711, 1760, 1759, 712, 713, 1761, 712, 1761, 1760, 713, 714, 1762, 713, 1762, 1761, 714, 715, 1763, 714, 1763, 1762, 715, 716, 1764, 715, 1764, 1763, 716, 717, 1765, 716, 1765, 1764, 717, 718, 1766, 717, 1766, 1765, 718, 719, 1767, 718, 1767, 1766, 719, 720, 1768, 719, 1768, 1767, 720, 721, 1769, 720, 1769, 1768, 721, 722, 1770, 721, 1770, 1769, 722, 723, 1771, 722, 1771, 1770, 723, 724, 1772, 723, 1772, 1771, 724, 725, 1773, 724, 1773, 1772, 725, 726, 1774, 725, 1774, 1773, 726, 727, 1775, 726, 1775, 1774, 727, 728, 1776, 727, 1776, 1775, 728, 729, 1777, 728, 1777, 1776, 729, 730, 1778, 729, 1778, 1777, 730, 731, 1779, 730, 1779, 1778, 731, 732, 1780, 731, 1780, 1779, 732, 733, 1781, 732, 1781, 1780, 733, 734, 1782, 733, 1782, 1781, 734, 735, 1783, 734, 1783, 1782, 735, 736, 1784, 735, 1784, 1783, 736, 737, 1785, 736, 1785, 1784, 737, 738, 1786, 737, 1786, 1785, 738, 739, 1787, 738, 1787, 1786, 739, 740, 1788, 739, 1788, 1787, 740, 741, 1789, 740, 1789, 1788, 741, 742, 1790, 741, 1790, 1789, 742, 743, 1791, 742, 1791, 1790, 743, 744, 1792, 743, 1792, 1791, 744, 745, 1793, 744, 1793, 1792, 745, 746, 1794, 745, 1794, 1793, 746, 747, 1795, 746, 1795, 1794, 747, 748, 1796, 747, 1796, 1795, 748, 749, 1797, 748, 1797, 1796, 749, 750, 1798, 749, 1798, 1797, 750, 751, 1799, 750, 1799, 1798, 751, 752, 1800, 751, 1800, 1799, 752, 753, 1801, 752, 1801, 1800, 753, 754, 1802, 753, 1802, 1801, 754, 755, 1803, 754, 1803, 1802, 755, 756, 1804, 755, 1804, 1803, 756, 757, 1805, 756, 1805, 1804, 757, 758, 1806, 757, 1806, 1805, 758, 759, 1807, 758, 1807, 1806, 759, 760, 1808, 759, 1808, 1807, 760, 761, 1809, 760, 1809, 1808, 761, 762, 1810, 761, 1810, 1809, 762, 763, 1811, 762, 1811, 1810, 763, 764, 1812, 763, 1812, 1811, 764, 765, 1813, 764, 1813, 1812, 765, 766, 1814, 765, 1814, 1813, 766, 767, 1815, 766, 1815, 1814, 767, 768, 1816, 767, 1816, 1815, 768, 769, 1817, 768, 1817, 1816, 769, 770, 1818, 769, 1818, 1817, 770, 771, 1819, 770, 1819, 1818, 771, 772, 1820, 771, 1820, 1819, 772, 773, 1821, 772, 1821, 1820, 773, 774, 1822, 773, 1822, 1821, 774, 775, 1823, 774, 1823, 1822, 775, 776, 1824, 775, 1824, 1823, 776, 777, 1825, 776, 1825, 1824, 777, 778, 1826, 777, 1826, 1825, 778, 779, 1827, 778, 1827, 1826, 779, 780, 1828, 779, 1828, 1827, 780, 781, 1829, 780, 1829, 1828, 781, 782, 1830, 781, 1830, 1829, 782, 783, 1831, 782, 1831, 1830, 783, 784, 1832, 783, 1832, 1831, 784, 785, 1833, 784, 1833, 1832, 785, 524, 1572, 785, 1572, 1833]
                rel material:binding:physics = </World/BatteryWorkcell/Table/Looks/LaminatePhysics> (
                    bindMaterialAs = "weakerThanDescendants"
                )
                uniform token orientation = "rightHanded"
                uniform token physics:approximation = "none"
                bool physics:collisionEnabled = 1
                custom float physxCollision:contactOffset = 0.001
                custom float physxCollision:restOffset = 0
                point3f[] points = [(-0.55, 0.14244865, 0.74), (-0.55, 0.1418394, 0.74), (-0.55, 0.13039713, 0.74), (-0.55, 0.12917584, 0.74), (-0.55, 0.11834536, 0.74), (-0.55, 0.1165065, 0.74), (-0.55, 0.106293626, 0.74), (-0.55, 0.10382883, 0.74), (-0.55, 0.094242625, 0.74), (-0.55, 0.091140695, 0.74), (-0.55, 0.082193695, 0.74), (-0.55, 0.078440495, 0.74), (-0.55, 0.07014895, 0.74), (-0.55, 0.0657274, 0.74), (-0.55, 0.058111534, 0.74), (-0.55, 0.05300147, 0.74), (-0.55, 0.046085767, 0.74), (-0.55, 0.040263906, 0.74), (-0.55, 0.034077454, 0.74), (-0.55, 0.027517265, 0.74), (-0.55, 0.022094127, 0.74), (-0.55, 0.014765745, 0.74), (-0.55, 0.010145345, 0.74), (-0.55, 0.0020154922, 0.74), (-0.55, -0.001756927, 0.74), (-0.55, -0.010725038, 0.74), (-0.55, -0.013597942, 0.74), (-0.55, -0.02344467, 0.74), (-0.55, -0.025359713, 0.74), (-0.55, -0.036129016, 0.74), (-0.55, -0.0370205, 0.74), (-0.55, -0.04855424, 0.74), (-0.55, -0.04875995, 0.74), (-0.55, -0.05992989, 0.74), (-0.55, -0.06131492, 0.74), (-0.55, -0.071110696, 0.74), (-0.55, -0.07376628, 0.74), (-0.55, -0.0820534, 0.74), (-0.55, -0.0860804, 0.74), (-0.55, -0.09270731, 0.74), (-0.55, -0.09821672, 0.74), (-0.55, -0.10301338, 0.74), (-0.55, -0.110126674, 0.74), (-0.55, -0.11290309, 0.74), (-0.55, -0.12175248, 0.74), (-0.55, -0.122297384, 0.74), (-0.55, -0.13302574, 0.74), (-0.55, -0.14386602, 0.74), (-0.55, -0.26, 0.74), (-0.5498796, -0.26245043, 0.74), (-0.54951966, -0.26487726, 0.74), (-0.5489235, -0.26725712, 0.74), (-0.548097, -0.26956707, 0.74), (-0.54704803, -0.27178493, 0.74), (-0.54578674, -0.27388924, 0.74), (-0.54432523, -0.27585983, 0.74), (-0.54267764, -0.27767766, 0.74), (-0.5408598, -0.27932525, 0.74), (-0.5388892, -0.28078675, 0.74), (-0.53678495, -0.28204802, 0.74), (-0.53456706, -0.283097, 0.74), (-0.53225714, -0.2839235, 0.74), (-0.52987725, -0.28451964, 0.74), (-0.52745044, -0.28487962, 0.74), (-0.525, -0.285, 0.74), (0.525, -0.285, 0.74), (0.52745044, -0.28487962, 0.74), (0.52987725, -0.28451964, 0.74), (0.53225714, -0.2839235, 0.74), (0.53456706, -0.283097, 0.74), (0.53678495, -0.28204802, 0.74), (0.5388892, -0.28078675, 0.74), (0.5408598, -0.27932525, 0.74), (0.54267764, -0.27767766, 0.74), (0.54432523, -0.27585983, 0.74), (0.54578674, -0.27388924, 0.74), (0.54704803, -0.27178493, 0.74), (0.548097, -0.26956707, 0.74), (0.5489235, -0.26725712, 0.74), (0.54951966, -0.26487726, 0.74), (0.5498796, -0.26245043, 0.74), (0.55, -0.26, 0.74), (0.55, -0.14386602, 0.74), (0.55, -0.13302574, 0.74), (0.55, -0.122297384, 0.74), (0.55, -0.12175248, 0.74), (0.55, -0.11290309, 0.74), (0.55, -0.110126674, 0.74), (0.55, -0.10301338, 0.74), (0.55, -0.09821672, 0.74), (0.55, -0.09270731, 0.74), (0.55, -0.0860804, 0.74), (0.55, -0.0820534, 0.74), (0.55, -0.07376628, 0.74), (0.55, -0.071110696, 0.74), (0.55, -0.06131492, 0.74), (0.55, -0.05992989, 0.74), (0.55, -0.04875995, 0.74), (0.55, -0.04855424, 0.74), (0.55, -0.0370205, 0.74), (0.55, -0.036129016, 0.74), (0.55, -0.025359713, 0.74), (0.55, -0.02344467, 0.74), (0.55, -0.013597942, 0.74), (0.55, -0.010725038, 0.74), (0.55, -0.001756927, 0.74), (0.55, 0.0020154922, 0.74), (0.55, 0.010145345, 0.74), (0.55, 0.014765745, 0.74), (0.55, 0.022094127, 0.74), (0.55, 0.027517265, 0.74), (0.55, 0.034077454, 0.74), (0.55, 0.040263906, 0.74), (0.55, 0.046085767, 0.74), (0.55, 0.05300147, 0.74), (0.55, 0.058111534, 0.74), (0.55, 0.0657274, 0.74), (0.55, 0.07014895, 0.74), (0.55, 0.078440495, 0.74), (0.55, 0.082193695, 0.74), (0.55, 0.091140695, 0.74), (0.55, 0.094242625, 0.74), (0.55, 0.10382883, 0.74), (0.55, 0.106293626, 0.74), (0.55, 0.1165065, 0.74), (0.55, 0.11834536, 0.74), (0.55, 0.12917584, 0.74), (0.55, 0.13039713, 0.74), (0.55, 0.1418394, 0.74), (0.55, 0.14244865, 0.74), (0.55, 0.1545, 0.74), (0.55, 0.16655135, 0.74), (0.55, 0.1671606, 0.74), (0.55, 0.17860287, 0.74), (0.55, 0.17982416, 0.74), (0.55, 0.19065464, 0.74), (0.55, 0.1924935, 0.74), (0.55, 0.20270638, 0.74), (0.55, 0.20517117, 0.74), (0.55, 0.21475737, 0.74), (0.55, 0.21785931, 0.74), (0.55, 0.22680631, 0.74), (0.55, 0.2305595, 0.74), (0.55, 0.23885104, 0.74), (0.55, 0.2432726, 0.74), (0.55, 0.25088847, 0.74), (0.55, 0.25599852, 0.74), (0.55, 0.26, 0.74), (0.5498796, 0.26245043, 0.74), (0.5498162, 0.262878, 0.74), (0.54951966, 0.26487726, 0.74), (0.5489235, 0.26725712, 0.74), (0.5485054, 0.26842567, 0.74), (0.548097, 0.26956707, 0.74), (0.54704803, 0.27178493, 0.74), (0.54578674, 0.27388924, 0.74), (0.54571605, 0.27398458, 0.74), (0.54432523, 0.27585983, 0.74), (0.54267764, 0.27767766, 0.74), (0.5408598, 0.27932525, 0.74), (0.5408113, 0.27936128, 0.74), (0.5388892, 0.28078675, 0.74), (0.53678495, 0.28204802, 0.74), (0.53456706, 0.283097, 0.74), (0.5344107, 0.28315294, 0.74), (0.53225714, 0.2839235, 0.74), (0.52987725, 0.28451964, 0.74), (0.52745044, 0.28487962, 0.74), (0.525, 0.285, 0.74), (0.5136536, 0.285, 0.74), (0.49721292, 0.285, 0.74), (0.47070354, 0.285, 0.74), (0.45933965, 0.285, 0.74), (0.43440753, 0.285, 0.74), (0.4269832, 0.285, 0.74), (0.40335572, 0.285, 0.74), (0.39906102, 0.285, 0.74), (0.37651664, 0.285, 0.74), (0.37476406, 0.285, 0.74), (0.35347697, 0.285, 0.74), (0.35311925, 0.285, 0.74), (0.33472478, 0.285, 0.74), (0.33257663, 0.285, 0.74), (0.3181365, 0.285, 0.74), (0.3144354, 0.285, 0.74), (0.30341986, 0.285, 0.74), (0.298341, 0.285, 0.74), (0.29034334, 0.285, 0.74), (0.28401366, 0.285, 0.74), (0.2787234, 0.285, 0.74), (0.27123114, 0.285, 0.74), (0.268415, 0.285, 0.74), (0.25981668, 0.285, 0.74), (0.2593052, 0.285, 0.74), (0.24962983, 0.285, 0.74), (0.24056023, 0.285, 0.74), (-0.24056023, 0.285, 0.74), (-0.24962983, 0.285, 0.74), (-0.2593052, 0.285, 0.74), (-0.25981668, 0.285, 0.74), (-0.268415, 0.285, 0.74), (-0.27123114, 0.285, 0.74), (-0.2787234, 0.285, 0.74), (-0.28401366, 0.285, 0.74), (-0.29034334, 0.285, 0.74), (-0.298341, 0.285, 0.74), (-0.30341986, 0.285, 0.74), (-0.3144354, 0.285, 0.74), (-0.3181365, 0.285, 0.74), (-0.33257663, 0.285, 0.74), (-0.33472478, 0.285, 0.74), (-0.35311925, 0.285, 0.74), (-0.35347697, 0.285, 0.74), (-0.37476406, 0.285, 0.74), (-0.37651664, 0.285, 0.74), (-0.39906102, 0.285, 0.74), (-0.40335572, 0.285, 0.74), (-0.4269832, 0.285, 0.74), (-0.43440753, 0.285, 0.74), (-0.45933965, 0.285, 0.74), (-0.47070354, 0.285, 0.74), (-0.49721292, 0.285, 0.74), (-0.5136536, 0.285, 0.74), (-0.525, 0.285, 0.74), (-0.52745044, 0.28487962, 0.74), (-0.52987725, 0.28451964, 0.74), (-0.53225714, 0.2839235, 0.74), (-0.5344107, 0.28315294, 0.74), (-0.53456706, 0.283097, 0.74), (-0.53678495, 0.28204802, 0.74), (-0.5388892, 0.28078675, 0.74), (-0.5408113, 0.27936128, 0.74), (-0.5408598, 0.27932525, 0.74), (-0.54267764, 0.27767766, 0.74), (-0.54432523, 0.27585983, 0.74), (-0.54571605, 0.27398458, 0.74), (-0.54578674, 0.27388924, 0.74), (-0.54704803, 0.27178493, 0.74), (-0.548097, 0.26956707, 0.74), (-0.5485054, 0.26842567, 0.74), (-0.5489235, 0.26725712, 0.74), (-0.54951966, 0.26487726, 0.74), (-0.5498162, 0.262878, 0.74), (-0.5498796, 0.26245043, 0.74), (-0.55, 0.26, 0.74), (-0.55, 0.25599852, 0.74), (-0.55, 0.25088847, 0.74), (-0.55, 0.2432726, 0.74), (-0.55, 0.23885104, 0.74), (-0.55, 0.2305595, 0.74), (-0.55, 0.22680631, 0.74), (-0.55, 0.21785931, 0.74), (-0.55, 0.21475737, 0.74), (-0.55, 0.20517117, 0.74), (-0.55, 0.20270638, 0.74), (-0.55, 0.1924935, 0.74), (-0.55, 0.19065464, 0.74), (-0.55, 0.17982416, 0.74), (-0.55, 0.17860287, 0.74), (-0.55, 0.1671606, 0.74), (-0.55, 0.16655135, 0.74), (-0.55, 0.1545, 0.74), (-0.11791542, 0.1519163, 0.74), (-0.117911145, 0.15178578, 0.74), (-0.11767058, 0.14934327, 0.74), (-0.11764496, 0.14908317, 0.74), (-0.11726659, 0.1467914, 0.74), (-0.11720259, 0.14640374, 0.74), (-0.116705306, 0.14427102, 0.74), (-0.116585925, 0.14375901, 0.74), (-0.11598934, 0.14179234, 0.74), (-0.1157976, 0.14116026, 0.74), (-0.11512205, 0.13936536, 0.74), (-0.114841, 0.13861863, 0.74), (-0.114107534, 0.13699983, 0.74), (-0.113720216, 0.13614503, 0.74), (-0.11295062, 0.1347052, 0.74), (-0.11244006, 0.13375, 0.74), (-0.11165688, 0.13249056, 0.74), (-0.11100599, 0.13144383, 0.74), (-0.11023259, 0.13036457, 0.74), (-0.10942417, 0.1292364, 0.74), (-0.10868477, 0.12833545, 0.74), (-0.107701354, 0.12713715, 0.74), (-0.10702115, 0.1264109, 0.74), (-0.10584493, 0.12515506, 0.74), (-0.10525021, 0.12459805, 0.74), (-0.10386285, 0.123298645, 0.74), (-0.10338117, 0.12290334, 0.74), (-0.1017636, 0.12157584, 0.74), (-0.101424076, 0.12133253, 0.74), (-0.09955616, 0.119994015, 0.74), (-0.099389814, 0.11989057, 0.74), (-0.0972867, 0.11858277, 0.74), (-0.09725, 0.11855995, 0.74), (-0.09511339, 0.1174179, 0.74), (-0.09485498, 0.11727978, 0.74), (-0.09289804, 0.116393104, 0.74), (-0.092381366, 0.116159, 0.74), (-0.09065538, 0.11550938, 0.74), (-0.089839734, 0.1152024, 0.74), (-0.08840184, 0.11476622, 0.74), (-0.087240994, 0.11441408, 0.74), (-0.0861562, 0.11416114, 0.74), (-0.08459625, 0.11379741, 0.74), (-0.08394056, 0.113689154, 0.74), (-0.08191684, 0.11335504, 0.74), (-0.08178197, 0.113341756, 0.74), (-0.07921423, 0.11308885, 0.74), (-0.0765, 0.113, 0.74), (-0.055066343, 0.113, 0.74), (-0.054730736, 0.113, 0.74), (-0.0543784, 0.113, 0.74), (-0.054012902, 0.113, 0.74), (-0.0536378, 0.113, 0.74), (-0.05325662, 0.113, 0.74), (-0.052872825, 0.113, 0.74), (-0.05248979, 0.113, 0.74), (-0.0521108, 0.113, 0.74), (-0.051738996, 0.113, 0.74), (-0.05137741, 0.113, 0.74), (-0.05102892, 0.113, 0.74), (-0.05069627, 0.113, 0.74), (-0.05038204, 0.113, 0.74), (-0.050088663, 0.113, 0.74), (-0.049818408, 0.113, 0.74), (-0.04957338, 0.113, 0.74), (0.04957338, 0.113, 0.74), (0.049818408, 0.113, 0.74), (0.050088663, 0.113, 0.74), (0.05038204, 0.113, 0.74), (0.05069627, 0.113, 0.74), (0.05102892, 0.113, 0.74), (0.05137741, 0.113, 0.74), (0.051738996, 0.113, 0.74), (0.0521108, 0.113, 0.74), (0.05248979, 0.113, 0.74), (0.052872825, 0.113, 0.74), (0.05325662, 0.113, 0.74), (0.0536378, 0.113, 0.74), (0.054012902, 0.113, 0.74), (0.0543784, 0.113, 0.74), (0.054730736, 0.113, 0.74), (0.055066343, 0.113, 0.74), (0.0765, 0.113, 0.74), (0.07921423, 0.11308885, 0.74), (0.08178197, 0.113341756, 0.74), (0.08191684, 0.11335504, 0.74), (0.08394056, 0.113689154, 0.74), (0.08459625, 0.11379741, 0.74), (0.0861562, 0.11416114, 0.74), (0.087240994, 0.11441408, 0.74), (0.08840184, 0.11476622, 0.74), (0.089839734, 0.1152024, 0.74), (0.09065538, 0.11550938, 0.74), (0.092381366, 0.116159, 0.74), (0.09289804, 0.116393104, 0.74), (0.09485498, 0.11727978, 0.74), (0.09511339, 0.1174179, 0.74), (0.09725, 0.11855995, 0.74), (0.0972867, 0.11858277, 0.74), (0.099389814, 0.11989057, 0.74), (0.09955616, 0.119994015, 0.74), (0.101424076, 0.12133253, 0.74), (0.1017636, 0.12157584, 0.74), (0.10338117, 0.12290334, 0.74), (0.10386285, 0.123298645, 0.74), (0.10525021, 0.12459805, 0.74), (0.10584493, 0.12515506, 0.74), (0.10702115, 0.1264109, 0.74), (0.107701354, 0.12713715, 0.74), (0.10868477, 0.12833545, 0.74), (0.10942417, 0.1292364, 0.74), (0.11023259, 0.13036457, 0.74), (0.11100599, 0.13144383, 0.74), (0.11165688, 0.13249056, 0.74), (0.11244006, 0.13375, 0.74), (0.11295062, 0.1347052, 0.74), (0.113720216, 0.13614503, 0.74), (0.114107534, 0.13699983, 0.74), (0.114841, 0.13861863, 0.74), (0.11512205, 0.13936536, 0.74), (0.1157976, 0.14116026, 0.74), (0.11598934, 0.14179234, 0.74), (0.116585925, 0.14375901, 0.74), (0.116705306, 0.14427102, 0.74), (0.11720259, 0.14640374, 0.74), (0.11726659, 0.1467914, 0.74), (0.11764496, 0.14908317, 0.74), (0.11767058, 0.14934327, 0.74), (0.117911145, 0.15178578, 0.74), (0.11791542, 0.1519163, 0.74), (0.118, 0.1545, 0.74), (0.11791542, 0.1570837, 0.74), (0.117911145, 0.15721422, 0.74), (0.11767058, 0.15965673, 0.74), (0.11764496, 0.15991683, 0.74), (0.11726659, 0.1622086, 0.74), (0.11720259, 0.16259626, 0.74), (0.116705306, 0.16472898, 0.74), (0.116585925, 0.16524099, 0.74), (0.11598934, 0.16720766, 0.74), (0.1157976, 0.16783974, 0.74), (0.11512205, 0.16963464, 0.74), (0.114841, 0.17038137, 0.74), (0.114107534, 0.17200017, 0.74), (0.113720216, 0.17285497, 0.74), (0.11295062, 0.1742948, 0.74), (0.11244006, 0.17525, 0.74), (0.11198557, 0.17598087, 0.74), (0.111706406, 0.17642981, 0.74), (0.11165688, 0.17650944, 0.74), (0.11142576, 0.17688113, 0.74), (0.11114597, 0.17733105, 0.74), (0.11100599, 0.17755617, 0.74), (0.110851295, 0.17777205, 0.74), (0.11054442, 0.17820029, 0.74), (0.11024646, 0.17861609, 0.74), (0.11023259, 0.17863543, 0.74), (0.10995985, 0.17901605, 0.74), (0.10968695, 0.17939688, 0.74), (0.10943004, 0.1797554, 0.74), (0.10942417, 0.1797636, 0.74), (0.10916291, 0.18008193, 0.74), (0.108917885, 0.1803805, 0.74), (0.10869782, 0.18064865, 0.74), (0.10868477, 0.18066455, 0.74), (0.1085047, 0.18088397, 0.74), (0.10834036, 0.18108422, 0.74), (0.10820646, 0.18124738, 0.74), (0.108104445, 0.18137167, 0.74), (0.107701354, 0.18186285, 0.74), (0.10702115, 0.1825891, 0.74), (0.10584493, 0.18384492, 0.74), (0.10525021, 0.18440196, 0.74), (0.10386285, 0.18570136, 0.74), (0.10338117, 0.18609665, 0.74), (0.1017636, 0.18742417, 0.74), (0.101424076, 0.18766746, 0.74), (0.09955616, 0.18900599, 0.74), (0.099389814, 0.18910943, 0.74), (0.0972867, 0.19041723, 0.74), (0.09725, 0.19044006, 0.74), (0.09511339, 0.1915821, 0.74), (0.09485498, 0.19172022, 0.74), (0.09289804, 0.1926069, 0.74), (0.092381366, 0.192841, 0.74), (0.09065538, 0.19349061, 0.74), (0.089839734, 0.1937976, 0.74), (0.08840184, 0.19423379, 0.74), (0.087240994, 0.19458592, 0.74), (0.0861562, 0.19483887, 0.74), (0.08459625, 0.19520259, 0.74), (0.08394056, 0.19531085, 0.74), (0.08191684, 0.19564496, 0.74), (0.08178197, 0.19565825, 0.74), (0.07921423, 0.19591114, 0.74), (0.0765, 0.196, 0.74), (-0.0765, 0.196, 0.74), (-0.07921423, 0.19591114, 0.74), (-0.08178197, 0.19565825, 0.74), (-0.08191684, 0.19564496, 0.74), (-0.08394056, 0.19531085, 0.74), (-0.08459625, 0.19520259, 0.74), (-0.0861562, 0.19483887, 0.74), (-0.087240994, 0.19458592, 0.74), (-0.08840184, 0.19423379, 0.74), (-0.089839734, 0.1937976, 0.74), (-0.09065538, 0.19349061, 0.74), (-0.092381366, 0.192841, 0.74), (-0.09289804, 0.1926069, 0.74), (-0.09485498, 0.19172022, 0.74), (-0.09511339, 0.1915821, 0.74), (-0.09725, 0.19044006, 0.74), (-0.0972867, 0.19041723, 0.74), (-0.099389814, 0.18910943, 0.74), (-0.09955616, 0.18900599, 0.74), (-0.101424076, 0.18766746, 0.74), (-0.1017636, 0.18742417, 0.74), (-0.10338117, 0.18609665, 0.74), (-0.10386285, 0.18570136, 0.74), (-0.10525021, 0.18440196, 0.74), (-0.10584493, 0.18384492, 0.74), (-0.10702115, 0.1825891, 0.74), (-0.107701354, 0.18186285, 0.74), (-0.108104445, 0.18137167, 0.74), (-0.10820646, 0.18124738, 0.74), (-0.10834036, 0.18108422, 0.74), (-0.1085047, 0.18088397, 0.74), (-0.10868477, 0.18066455, 0.74), (-0.10869782, 0.18064865, 0.74), (-0.108917885, 0.1803805, 0.74), (-0.10916291, 0.18008193, 0.74), (-0.10942417, 0.1797636, 0.74), (-0.10943004, 0.1797554, 0.74), (-0.10968695, 0.17939688, 0.74), (-0.10995985, 0.17901605, 0.74), (-0.11023259, 0.17863543, 0.74), (-0.11024646, 0.17861609, 0.74), (-0.11054442, 0.17820029, 0.74), (-0.110851295, 0.17777205, 0.74), (-0.11100599, 0.17755617, 0.74), (-0.11114597, 0.17733105, 0.74), (-0.11142576, 0.17688113, 0.74), (-0.11165688, 0.17650944, 0.74), (-0.111706406, 0.17642981, 0.74), (-0.11198557, 0.17598087, 0.74), (-0.11244006, 0.17525, 0.74), (-0.11295062, 0.1742948, 0.74), (-0.113720216, 0.17285497, 0.74), (-0.114107534, 0.17200017, 0.74), (-0.114841, 0.17038137, 0.74), (-0.11512205, 0.16963464, 0.74), (-0.1157976, 0.16783974, 0.74), (-0.11598934, 0.16720766, 0.74), (-0.116585925, 0.16524099, 0.74), (-0.116705306, 0.16472898, 0.74), (-0.11720259, 0.16259626, 0.74), (-0.11726659, 0.1622086, 0.74), (-0.11764496, 0.15991683, 0.74), (-0.11767058, 0.15965673, 0.74), (-0.117911145, 0.15721422, 0.74), (-0.11791542, 0.1570837, 0.74), (-0.118, 0.1545, 0.74), (-0.11491757, 0.15198198, 0.74), (-0.11490506, 0.15185496, 0.74), (-0.11467063, 0.14947474, 0.74), (-0.1146289, 0.14922203, 0.74), (-0.114260234, 0.14698902, 0.74), (-0.11417257, 0.14661306, 0.74), (-0.11368814, 0.14453547, 0.74), (-0.113537796, 0.14403982, 0.74), (-0.11295681, 0.14212458, 0.74), (-0.112727, 0.14151399, 0.74), (-0.11206936, 0.1397667, 0.74), (-0.111743286, 0.13904703, 0.74), (-0.1110296, 0.13747188, 0.74), (-0.11059039, 0.13665019, 0.74), (-0.10984198, 0.13525, 0.74), (-0.10927269, 0.13433452, 0.74), (-0.10851158, 0.13311055, 0.74), (-0.10779513, 0.13211074, 0.74), (-0.1070441, 0.13106269, 0.74), (-0.10616319, 0.12998928, 0.74), (-0.10544583, 0.12911518, 0.74), (-0.10438285, 0.12798025, 0.74), (-0.10372361, 0.12727639, 0.74), (-0.102460526, 0.12609337, 0.74), (-0.10188481, 0.12555417, 0.74), (-0.10040295, 0.12433803, 0.74), (-0.09993731, 0.1239559, 0.74), (-0.098217145, 0.122723244, 0.74), (-0.09788945, 0.12248842, 0.74), (-0.09591026, 0.12125768, 0.74), (-0.09575, 0.12115802, 0.74), (-0.093528114, 0.119970396, 0.74), (-0.093485594, 0.11995114, 0.74), (-0.09123331, 0.11893064, 0.74), (-0.090934455, 0.11881816, 0.74), (-0.08887542, 0.11804319, 0.74), (-0.08827807, 0.117861986, 0.74), (-0.08646453, 0.11731186, 0.74), (-0.08552047, 0.11709173, 0.74), (-0.08401098, 0.116739765, 0.74), (-0.08266361, 0.11651731, 0.74), (-0.08152526, 0.11632937, 0.74), (-0.07970619, 0.11615021, 0.74), (-0.07901802, 0.11608243, 0.74), (-0.076641664, 0.11600464, 0.74), (-0.0765, 0.116, 0.74), (-0.073645584, 0.116, 0.74), (-0.07096988, 0.116, 0.74), (-0.051085647, 0.116, 0.74), (-0.0507743, 0.116, 0.74), (-0.05044743, 0.116, 0.74), (-0.050108355, 0.116, 0.74), (-0.049760368, 0.116, 0.74), (-0.04940674, 0.116, 0.74), (-0.049050692, 0.116, 0.74), (-0.04869535, 0.116, 0.74), (-0.04834375, 0.116, 0.74), (-0.047998827, 0.116, 0.74), (-0.04766338, 0.116, 0.74), (-0.04734008, 0.116, 0.74), (-0.047031477, 0.116, 0.74), (-0.046739966, 0.116, 0.74), (-0.046467796, 0.116, 0.74), (-0.046217076, 0.116, 0.74), (-0.04598976, 0.116, 0.74), (0.04598976, 0.116, 0.74), (0.046217076, 0.116, 0.74), (0.046467796, 0.116, 0.74), (0.046739966, 0.116, 0.74), (0.047031477, 0.116, 0.74), (0.04734008, 0.116, 0.74), (0.04766338, 0.116, 0.74), (0.047998827, 0.116, 0.74), (0.04834375, 0.116, 0.74), (0.04869535, 0.116, 0.74), (0.049050692, 0.116, 0.74), (0.04940674, 0.116, 0.74), (0.049760368, 0.116, 0.74), (0.050108355, 0.116, 0.74), (0.05044743, 0.116, 0.74), (0.0507743, 0.116, 0.74), (0.051085647, 0.116, 0.74), (0.07096988, 0.116, 0.74), (0.073645584, 0.116, 0.74), (0.0765, 0.116, 0.74), (0.076641664, 0.11600464, 0.74), (0.07901802, 0.11608243, 0.74), (0.07970619, 0.11615021, 0.74), (0.08152526, 0.11632937, 0.74), (0.08266361, 0.11651731, 0.74), (0.08401098, 0.116739765, 0.74), (0.08552047, 0.11709173, 0.74), (0.08646453, 0.11731186, 0.74), (0.08827807, 0.117861986, 0.74), (0.08887542, 0.11804319, 0.74), (0.090934455, 0.11881816, 0.74), (0.09123331, 0.11893064, 0.74), (0.093485594, 0.11995114, 0.74), (0.093528114, 0.119970396, 0.74), (0.09575, 0.12115802, 0.74), (0.09591026, 0.12125768, 0.74), (0.09788945, 0.12248842, 0.74), (0.098217145, 0.122723244, 0.74), (0.09993731, 0.1239559, 0.74), (0.10040295, 0.12433803, 0.74), (0.10188481, 0.12555417, 0.74), (0.102460526, 0.12609337, 0.74), (0.10372361, 0.12727639, 0.74), (0.10438285, 0.12798025, 0.74), (0.10544583, 0.12911518, 0.74), (0.10616319, 0.12998928, 0.74), (0.1070441, 0.13106269, 0.74), (0.10779513, 0.13211074, 0.74), (0.10851158, 0.13311055, 0.74), (0.10927269, 0.13433452, 0.74), (0.10984198, 0.13525, 0.74), (0.11059039, 0.13665019, 0.74), (0.1110296, 0.13747188, 0.74), (0.111743286, 0.13904703, 0.74), (0.11206936, 0.1397667, 0.74), (0.112727, 0.14151399, 0.74), (0.11295681, 0.14212458, 0.74), (0.113537796, 0.14403982, 0.74), (0.11368814, 0.14453547, 0.74), (0.11417257, 0.14661306, 0.74), (0.114260234, 0.14698902, 0.74), (0.1146289, 0.14922203, 0.74), (0.11467063, 0.14947474, 0.74), (0.11490506, 0.15185496, 0.74), (0.11491757, 0.15198198, 0.74), (0.115, 0.1545, 0.74), (0.11491757, 0.15701802, 0.74), (0.11490506, 0.15714504, 0.74), (0.11467063, 0.15952526, 0.74), (0.1146289, 0.15977797, 0.74), (0.114260234, 0.16201098, 0.74), (0.11417257, 0.16238694, 0.74), (0.11368814, 0.16446453, 0.74), (0.113537796, 0.16496016, 0.74), (0.11295681, 0.16687542, 0.74), (0.112727, 0.16748601, 0.74), (0.11206936, 0.1692333, 0.74), (0.111743286, 0.16995297, 0.74), (0.1110296, 0.17152812, 0.74), (0.11059039, 0.17234981, 0.74), (0.10984198, 0.17375, 0.74), (0.10927269, 0.17466548, 0.74), (0.10883101, 0.17537576, 0.74), (0.108559705, 0.17581207, 0.74), (0.10851158, 0.17588945, 0.74), (0.10825705, 0.17624466, 0.74), (0.10794912, 0.17667437, 0.74), (0.10779513, 0.17688926, 0.74), (0.10764491, 0.1770989, 0.74), (0.10734691, 0.17751475, 0.74), (0.107057564, 0.17791852, 0.74), (0.1070441, 0.17793731, 0.74), (0.106746726, 0.17829968, 0.74), (0.10644936, 0.17866202, 0.74), (0.10616958, 0.17900293, 0.74), (0.10616319, 0.17901072, 0.74), (0.10590973, 0.17931956, 0.74), (0.105672, 0.17960922, 0.74), (0.10545848, 0.1798694, 0.74), (0.10544583, 0.17988482, 0.74), (0.10525102, 0.18009281, 0.74), (0.1050733, 0.18028256, 0.74), (0.104928546, 0.18043712, 0.74), (0.10481829, 0.18055484, 0.74), (0.10438285, 0.18101975, 0.74), (0.10372361, 0.18172361, 0.74), (0.102460526, 0.18290663, 0.74), (0.10188481, 0.18344583, 0.74), (0.10040295, 0.18466197, 0.74), (0.09993731, 0.18504411, 0.74), (0.098217145, 0.18627676, 0.74), (0.09788945, 0.18651158, 0.74), (0.09591026, 0.18774232, 0.74), (0.09575, 0.18784198, 0.74), (0.093528114, 0.1890296, 0.74), (0.093485594, 0.18904887, 0.74), (0.09123331, 0.19006936, 0.74), (0.090934455, 0.19018184, 0.74), (0.08887542, 0.19095682, 0.74), (0.08827807, 0.19113801, 0.74), (0.08646453, 0.19168815, 0.74), (0.08552047, 0.19190827, 0.74), (0.08401098, 0.19226024, 0.74), (0.08266361, 0.19248268, 0.74), (0.08152526, 0.19267063, 0.74), (0.07970619, 0.19284979, 0.74), (0.07901802, 0.19291757, 0.74), (0.076641664, 0.19299537, 0.74), (0.0765, 0.193, 0.74), (0.073645584, 0.193, 0.74), (0.07096988, 0.193, 0.74), (-0.07096988, 0.193, 0.74), (-0.073645584, 0.193, 0.74), (-0.0765, 0.193, 0.74), (-0.076641664, 0.19299537, 0.74), (-0.07901802, 0.19291757, 0.74), (-0.07970619, 0.19284979, 0.74), (-0.08152526, 0.19267063, 0.74), (-0.08266361, 0.19248268, 0.74), (-0.08401098, 0.19226024, 0.74), (-0.08552047, 0.19190827, 0.74), (-0.08646453, 0.19168815, 0.74), (-0.08827807, 0.19113801, 0.74), (-0.08887542, 0.19095682, 0.74), (-0.090934455, 0.19018184, 0.74), (-0.09123331, 0.19006936, 0.74), (-0.093485594, 0.18904887, 0.74), (-0.093528114, 0.1890296, 0.74), (-0.09575, 0.18784198, 0.74), (-0.09591026, 0.18774232, 0.74), (-0.09788945, 0.18651158, 0.74), (-0.098217145, 0.18627676, 0.74), (-0.09993731, 0.18504411, 0.74), (-0.10040295, 0.18466197, 0.74), (-0.10188481, 0.18344583, 0.74), (-0.102460526, 0.18290663, 0.74), (-0.10372361, 0.18172361, 0.74), (-0.10438285, 0.18101975, 0.74), (-0.10481829, 0.18055484, 0.74), (-0.104928546, 0.18043712, 0.74), (-0.1050733, 0.18028256, 0.74), (-0.10525102, 0.18009281, 0.74), (-0.10544583, 0.17988482, 0.74), (-0.10545848, 0.1798694, 0.74), (-0.105672, 0.17960922, 0.74), (-0.10590973, 0.17931956, 0.74), (-0.10616319, 0.17901072, 0.74), (-0.10616958, 0.17900293, 0.74), (-0.10644936, 0.17866202, 0.74), (-0.106746726, 0.17829968, 0.74), (-0.1070441, 0.17793731, 0.74), (-0.107057564, 0.17791852, 0.74), (-0.10734691, 0.17751475, 0.74), (-0.10764491, 0.1770989, 0.74), (-0.10779513, 0.17688926, 0.74), (-0.10794912, 0.17667437, 0.74), (-0.10825705, 0.17624466, 0.74), (-0.10851158, 0.17588945, 0.74), (-0.108559705, 0.17581207, 0.74), (-0.10883101, 0.17537576, 0.74), (-0.10927269, 0.17466548, 0.74), (-0.10984198, 0.17375, 0.74), (-0.11059039, 0.17234981, 0.74), (-0.1110296, 0.17152812, 0.74), (-0.111743286, 0.16995297, 0.74), (-0.11206936, 0.1692333, 0.74), (-0.112727, 0.16748601, 0.74), (-0.11295681, 0.16687542, 0.74), (-0.113537796, 0.16496016, 0.74), (-0.11368814, 0.16446453, 0.74), (-0.11417257, 0.16238694, 0.74), (-0.114260234, 0.16201098, 0.74), (-0.1146289, 0.15977797, 0.74), (-0.11467063, 0.15952526, 0.74), (-0.11490506, 0.15714504, 0.74), (-0.11491757, 0.15701802, 0.74), (-0.115, 0.1545, 0.74), (-0.55, 0.14244865, 0.739), (-0.55, 0.1418394, 0.739), (-0.55, 0.13039713, 0.739), (-0.55, 0.12917584, 0.739), (-0.55, 0.11834536, 0.739), (-0.55, 0.1165065, 0.739), (-0.55, 0.106293626, 0.739), (-0.55, 0.10382883, 0.739), (-0.55, 0.094242625, 0.739), (-0.55, 0.091140695, 0.739), (-0.55, 0.082193695, 0.739), (-0.55, 0.078440495, 0.739), (-0.55, 0.07014895, 0.739), (-0.55, 0.0657274, 0.739), (-0.55, 0.058111534, 0.739), (-0.55, 0.05300147, 0.739), (-0.55, 0.046085767, 0.739), (-0.55, 0.040263906, 0.739), (-0.55, 0.034077454, 0.739), (-0.55, 0.027517265, 0.739), (-0.55, 0.022094127, 0.739), (-0.55, 0.014765745, 0.739), (-0.55, 0.010145345, 0.739), (-0.55, 0.0020154922, 0.739), (-0.55, -0.001756927, 0.739), (-0.55, -0.010725038, 0.739), (-0.55, -0.013597942, 0.739), (-0.55, -0.02344467, 0.739), (-0.55, -0.025359713, 0.739), (-0.55, -0.036129016, 0.739), (-0.55, -0.0370205, 0.739), (-0.55, -0.04855424, 0.739), (-0.55, -0.04875995, 0.739), (-0.55, -0.05992989, 0.739), (-0.55, -0.06131492, 0.739), (-0.55, -0.071110696, 0.739), (-0.55, -0.07376628, 0.739), (-0.55, -0.0820534, 0.739), (-0.55, -0.0860804, 0.739), (-0.55, -0.09270731, 0.739), (-0.55, -0.09821672, 0.739), (-0.55, -0.10301338, 0.739), (-0.55, -0.110126674, 0.739), (-0.55, -0.11290309, 0.739), (-0.55, -0.12175248, 0.739), (-0.55, -0.122297384, 0.739), (-0.55, -0.13302574, 0.739), (-0.55, -0.14386602, 0.739), (-0.55, -0.26, 0.739), (-0.5498796, -0.26245043, 0.739), (-0.54951966, -0.26487726, 0.739), (-0.5489235, -0.26725712, 0.739), (-0.548097, -0.26956707, 0.739), (-0.54704803, -0.27178493, 0.739), (-0.54578674, -0.27388924, 0.739), (-0.54432523, -0.27585983, 0.739), (-0.54267764, -0.27767766, 0.739), (-0.5408598, -0.27932525, 0.739), (-0.5388892, -0.28078675, 0.739), (-0.53678495, -0.28204802, 0.739), (-0.53456706, -0.283097, 0.739), (-0.53225714, -0.2839235, 0.739), (-0.52987725, -0.28451964, 0.739), (-0.52745044, -0.28487962, 0.739), (-0.525, -0.285, 0.739), (0.525, -0.285, 0.739), (0.52745044, -0.28487962, 0.739), (0.52987725, -0.28451964, 0.739), (0.53225714, -0.2839235, 0.739), (0.53456706, -0.283097, 0.739), (0.53678495, -0.28204802, 0.739), (0.5388892, -0.28078675, 0.739), (0.5408598, -0.27932525, 0.739), (0.54267764, -0.27767766, 0.739), (0.54432523, -0.27585983, 0.739), (0.54578674, -0.27388924, 0.739), (0.54704803, -0.27178493, 0.739), (0.548097, -0.26956707, 0.739), (0.5489235, -0.26725712, 0.739), (0.54951966, -0.26487726, 0.739), (0.5498796, -0.26245043, 0.739), (0.55, -0.26, 0.739), (0.55, -0.14386602, 0.739), (0.55, -0.13302574, 0.739), (0.55, -0.122297384, 0.739), (0.55, -0.12175248, 0.739), (0.55, -0.11290309, 0.739), (0.55, -0.110126674, 0.739), (0.55, -0.10301338, 0.739), (0.55, -0.09821672, 0.739), (0.55, -0.09270731, 0.739), (0.55, -0.0860804, 0.739), (0.55, -0.0820534, 0.739), (0.55, -0.07376628, 0.739), (0.55, -0.071110696, 0.739), (0.55, -0.06131492, 0.739), (0.55, -0.05992989, 0.739), (0.55, -0.04875995, 0.739), (0.55, -0.04855424, 0.739), (0.55, -0.0370205, 0.739), (0.55, -0.036129016, 0.739), (0.55, -0.025359713, 0.739), (0.55, -0.02344467, 0.739), (0.55, -0.013597942, 0.739), (0.55, -0.010725038, 0.739), (0.55, -0.001756927, 0.739), (0.55, 0.0020154922, 0.739), (0.55, 0.010145345, 0.739), (0.55, 0.014765745, 0.739), (0.55, 0.022094127, 0.739), (0.55, 0.027517265, 0.739), (0.55, 0.034077454, 0.739), (0.55, 0.040263906, 0.739), (0.55, 0.046085767, 0.739), (0.55, 0.05300147, 0.739), (0.55, 0.058111534, 0.739), (0.55, 0.0657274, 0.739), (0.55, 0.07014895, 0.739), (0.55, 0.078440495, 0.739), (0.55, 0.082193695, 0.739), (0.55, 0.091140695, 0.739), (0.55, 0.094242625, 0.739), (0.55, 0.10382883, 0.739), (0.55, 0.106293626, 0.739), (0.55, 0.1165065, 0.739), (0.55, 0.11834536, 0.739), (0.55, 0.12917584, 0.739), (0.55, 0.13039713, 0.739), (0.55, 0.1418394, 0.739), (0.55, 0.14244865, 0.739), (0.55, 0.1545, 0.739), (0.55, 0.16655135, 0.739), (0.55, 0.1671606, 0.739), (0.55, 0.17860287, 0.739), (0.55, 0.17982416, 0.739), (0.55, 0.19065464, 0.739), (0.55, 0.1924935, 0.739), (0.55, 0.20270638, 0.739), (0.55, 0.20517117, 0.739), (0.55, 0.21475737, 0.739), (0.55, 0.21785931, 0.739), (0.55, 0.22680631, 0.739), (0.55, 0.2305595, 0.739), (0.55, 0.23885104, 0.739), (0.55, 0.2432726, 0.739), (0.55, 0.25088847, 0.739), (0.55, 0.25599852, 0.739), (0.55, 0.26, 0.739), (0.5498796, 0.26245043, 0.739), (0.5498162, 0.262878, 0.739), (0.54951966, 0.26487726, 0.739), (0.5489235, 0.26725712, 0.739), (0.5485054, 0.26842567, 0.739), (0.548097, 0.26956707, 0.739), (0.54704803, 0.27178493, 0.739), (0.54578674, 0.27388924, 0.739), (0.54571605, 0.27398458, 0.739), (0.54432523, 0.27585983, 0.739), (0.54267764, 0.27767766, 0.739), (0.5408598, 0.27932525, 0.739), (0.5408113, 0.27936128, 0.739), (0.5388892, 0.28078675, 0.739), (0.53678495, 0.28204802, 0.739), (0.53456706, 0.283097, 0.739), (0.5344107, 0.28315294, 0.739), (0.53225714, 0.2839235, 0.739), (0.52987725, 0.28451964, 0.739), (0.52745044, 0.28487962, 0.739), (0.525, 0.285, 0.739), (0.5136536, 0.285, 0.739), (0.49721292, 0.285, 0.739), (0.47070354, 0.285, 0.739), (0.45933965, 0.285, 0.739), (0.43440753, 0.285, 0.739), (0.4269832, 0.285, 0.739), (0.40335572, 0.285, 0.739), (0.39906102, 0.285, 0.739), (0.37651664, 0.285, 0.739), (0.37476406, 0.285, 0.739), (0.35347697, 0.285, 0.739), (0.35311925, 0.285, 0.739), (0.33472478, 0.285, 0.739), (0.33257663, 0.285, 0.739), (0.3181365, 0.285, 0.739), (0.3144354, 0.285, 0.739), (0.30341986, 0.285, 0.739), (0.298341, 0.285, 0.739), (0.29034334, 0.285, 0.739), (0.28401366, 0.285, 0.739), (0.2787234, 0.285, 0.739), (0.27123114, 0.285, 0.739), (0.268415, 0.285, 0.739), (0.25981668, 0.285, 0.739), (0.2593052, 0.285, 0.739), (0.24962983, 0.285, 0.739), (0.24056023, 0.285, 0.739), (-0.24056023, 0.285, 0.739), (-0.24962983, 0.285, 0.739), (-0.2593052, 0.285, 0.739), (-0.25981668, 0.285, 0.739), (-0.268415, 0.285, 0.739), (-0.27123114, 0.285, 0.739), (-0.2787234, 0.285, 0.739), (-0.28401366, 0.285, 0.739), (-0.29034334, 0.285, 0.739), (-0.298341, 0.285, 0.739), (-0.30341986, 0.285, 0.739), (-0.3144354, 0.285, 0.739), (-0.3181365, 0.285, 0.739), (-0.33257663, 0.285, 0.739), (-0.33472478, 0.285, 0.739), (-0.35311925, 0.285, 0.739), (-0.35347697, 0.285, 0.739), (-0.37476406, 0.285, 0.739), (-0.37651664, 0.285, 0.739), (-0.39906102, 0.285, 0.739), (-0.40335572, 0.285, 0.739), (-0.4269832, 0.285, 0.739), (-0.43440753, 0.285, 0.739), (-0.45933965, 0.285, 0.739), (-0.47070354, 0.285, 0.739), (-0.49721292, 0.285, 0.739), (-0.5136536, 0.285, 0.739), (-0.525, 0.285, 0.739), (-0.52745044, 0.28487962, 0.739), (-0.52987725, 0.28451964, 0.739), (-0.53225714, 0.2839235, 0.739), (-0.5344107, 0.28315294, 0.739), (-0.53456706, 0.283097, 0.739), (-0.53678495, 0.28204802, 0.739), (-0.5388892, 0.28078675, 0.739), (-0.5408113, 0.27936128, 0.739), (-0.5408598, 0.27932525, 0.739), (-0.54267764, 0.27767766, 0.739), (-0.54432523, 0.27585983, 0.739), (-0.54571605, 0.27398458, 0.739), (-0.54578674, 0.27388924, 0.739), (-0.54704803, 0.27178493, 0.739), (-0.548097, 0.26956707, 0.739), (-0.5485054, 0.26842567, 0.739), (-0.5489235, 0.26725712, 0.739), (-0.54951966, 0.26487726, 0.739), (-0.5498162, 0.262878, 0.739), (-0.5498796, 0.26245043, 0.739), (-0.55, 0.26, 0.739), (-0.55, 0.25599852, 0.739), (-0.55, 0.25088847, 0.739), (-0.55, 0.2432726, 0.739), (-0.55, 0.23885104, 0.739), (-0.55, 0.2305595, 0.739), (-0.55, 0.22680631, 0.739), (-0.55, 0.21785931, 0.739), (-0.55, 0.21475737, 0.739), (-0.55, 0.20517117, 0.739), (-0.55, 0.20270638, 0.739), (-0.55, 0.1924935, 0.739), (-0.55, 0.19065464, 0.739), (-0.55, 0.17982416, 0.739), (-0.55, 0.17860287, 0.739), (-0.55, 0.1671606, 0.739), (-0.55, 0.16655135, 0.739), (-0.55, 0.1545, 0.739), (-0.55, 0.14244865, 0.736), (-0.55, 0.1418394, 0.736), (-0.55, 0.13039713, 0.736), (-0.55, 0.12917584, 0.736), (-0.55, 0.11834536, 0.736), (-0.55, 0.1165065, 0.736), (-0.55, 0.106293626, 0.736), (-0.55, 0.10382883, 0.736), (-0.55, 0.094242625, 0.736), (-0.55, 0.091140695, 0.736), (-0.55, 0.082193695, 0.736), (-0.55, 0.078440495, 0.736), (-0.55, 0.07014895, 0.736), (-0.55, 0.0657274, 0.736), (-0.55, 0.058111534, 0.736), (-0.55, 0.05300147, 0.736), (-0.55, 0.046085767, 0.736), (-0.55, 0.040263906, 0.736), (-0.55, 0.034077454, 0.736), (-0.55, 0.027517265, 0.736), (-0.55, 0.022094127, 0.736), (-0.55, 0.014765745, 0.736), (-0.55, 0.010145345, 0.736), (-0.55, 0.0020154922, 0.736), (-0.55, -0.001756927, 0.736), (-0.55, -0.010725038, 0.736), (-0.55, -0.013597942, 0.736), (-0.55, -0.02344467, 0.736), (-0.55, -0.025359713, 0.736), (-0.55, -0.036129016, 0.736), (-0.55, -0.0370205, 0.736), (-0.55, -0.04855424, 0.736), (-0.55, -0.04875995, 0.736), (-0.55, -0.05992989, 0.736), (-0.55, -0.06131492, 0.736), (-0.55, -0.071110696, 0.736), (-0.55, -0.07376628, 0.736), (-0.55, -0.0820534, 0.736), (-0.55, -0.0860804, 0.736), (-0.55, -0.09270731, 0.736), (-0.55, -0.09821672, 0.736), (-0.55, -0.10301338, 0.736), (-0.55, -0.110126674, 0.736), (-0.55, -0.11290309, 0.736), (-0.55, -0.12175248, 0.736), (-0.55, -0.122297384, 0.736), (-0.55, -0.13302574, 0.736), (-0.55, -0.14386602, 0.736), (-0.55, -0.26, 0.736), (-0.5498796, -0.26245043, 0.736), (-0.54951966, -0.26487726, 0.736), (-0.5489235, -0.26725712, 0.736), (-0.548097, -0.26956707, 0.736), (-0.54704803, -0.27178493, 0.736), (-0.54578674, -0.27388924, 0.736), (-0.54432523, -0.27585983, 0.736), (-0.54267764, -0.27767766, 0.736), (-0.5408598, -0.27932525, 0.736), (-0.5388892, -0.28078675, 0.736), (-0.53678495, -0.28204802, 0.736), (-0.53456706, -0.283097, 0.736), (-0.53225714, -0.2839235, 0.736), (-0.52987725, -0.28451964, 0.736), (-0.52745044, -0.28487962, 0.736), (-0.525, -0.285, 0.736), (0.525, -0.285, 0.736), (0.52745044, -0.28487962, 0.736), (0.52987725, -0.28451964, 0.736), (0.53225714, -0.2839235, 0.736), (0.53456706, -0.283097, 0.736), (0.53678495, -0.28204802, 0.736), (0.5388892, -0.28078675, 0.736), (0.5408598, -0.27932525, 0.736), (0.54267764, -0.27767766, 0.736), (0.54432523, -0.27585983, 0.736), (0.54578674, -0.27388924, 0.736), (0.54704803, -0.27178493, 0.736), (0.548097, -0.26956707, 0.736), (0.5489235, -0.26725712, 0.736), (0.54951966, -0.26487726, 0.736), (0.5498796, -0.26245043, 0.736), (0.55, -0.26, 0.736), (0.55, -0.14386602, 0.736), (0.55, -0.13302574, 0.736), (0.55, -0.122297384, 0.736), (0.55, -0.12175248, 0.736), (0.55, -0.11290309, 0.736), (0.55, -0.110126674, 0.736), (0.55, -0.10301338, 0.736), (0.55, -0.09821672, 0.736), (0.55, -0.09270731, 0.736), (0.55, -0.0860804, 0.736), (0.55, -0.0820534, 0.736), (0.55, -0.07376628, 0.736), (0.55, -0.071110696, 0.736), (0.55, -0.06131492, 0.736), (0.55, -0.05992989, 0.736), (0.55, -0.04875995, 0.736), (0.55, -0.04855424, 0.736), (0.55, -0.0370205, 0.736), (0.55, -0.036129016, 0.736), (0.55, -0.025359713, 0.736), (0.55, -0.02344467, 0.736), (0.55, -0.013597942, 0.736), (0.55, -0.010725038, 0.736), (0.55, -0.001756927, 0.736), (0.55, 0.0020154922, 0.736), (0.55, 0.010145345, 0.736), (0.55, 0.014765745, 0.736), (0.55, 0.022094127, 0.736), (0.55, 0.027517265, 0.736), (0.55, 0.034077454, 0.736), (0.55, 0.040263906, 0.736), (0.55, 0.046085767, 0.736), (0.55, 0.05300147, 0.736), (0.55, 0.058111534, 0.736), (0.55, 0.0657274, 0.736), (0.55, 0.07014895, 0.736), (0.55, 0.078440495, 0.736), (0.55, 0.082193695, 0.736), (0.55, 0.091140695, 0.736), (0.55, 0.094242625, 0.736), (0.55, 0.10382883, 0.736), (0.55, 0.106293626, 0.736), (0.55, 0.1165065, 0.736), (0.55, 0.11834536, 0.736), (0.55, 0.12917584, 0.736), (0.55, 0.13039713, 0.736), (0.55, 0.1418394, 0.736), (0.55, 0.14244865, 0.736), (0.55, 0.1545, 0.736), (0.55, 0.16655135, 0.736), (0.55, 0.1671606, 0.736), (0.55, 0.17860287, 0.736), (0.55, 0.17982416, 0.736), (0.55, 0.19065464, 0.736), (0.55, 0.1924935, 0.736), (0.55, 0.20270638, 0.736), (0.55, 0.20517117, 0.736), (0.55, 0.21475737, 0.736), (0.55, 0.21785931, 0.736), (0.55, 0.22680631, 0.736), (0.55, 0.2305595, 0.736), (0.55, 0.23885104, 0.736), (0.55, 0.2432726, 0.736), (0.55, 0.25088847, 0.736), (0.55, 0.25599852, 0.736), (0.55, 0.26, 0.736), (0.5498796, 0.26245043, 0.736), (0.5498162, 0.262878, 0.736), (0.54951966, 0.26487726, 0.736), (0.5489235, 0.26725712, 0.736), (0.5485054, 0.26842567, 0.736), (0.548097, 0.26956707, 0.736), (0.54704803, 0.27178493, 0.736), (0.54578674, 0.27388924, 0.736), (0.54571605, 0.27398458, 0.736), (0.54432523, 0.27585983, 0.736), (0.54267764, 0.27767766, 0.736), (0.5408598, 0.27932525, 0.736), (0.5408113, 0.27936128, 0.736), (0.5388892, 0.28078675, 0.736), (0.53678495, 0.28204802, 0.736), (0.53456706, 0.283097, 0.736), (0.5344107, 0.28315294, 0.736), (0.53225714, 0.2839235, 0.736), (0.52987725, 0.28451964, 0.736), (0.52745044, 0.28487962, 0.736), (0.525, 0.285, 0.736), (0.5136536, 0.285, 0.736), (0.49721292, 0.285, 0.736), (0.47070354, 0.285, 0.736), (0.45933965, 0.285, 0.736), (0.43440753, 0.285, 0.736), (0.4269832, 0.285, 0.736), (0.40335572, 0.285, 0.736), (0.39906102, 0.285, 0.736), (0.37651664, 0.285, 0.736), (0.37476406, 0.285, 0.736), (0.35347697, 0.285, 0.736), (0.35311925, 0.285, 0.736), (0.33472478, 0.285, 0.736), (0.33257663, 0.285, 0.736), (0.3181365, 0.285, 0.736), (0.3144354, 0.285, 0.736), (0.30341986, 0.285, 0.736), (0.298341, 0.285, 0.736), (0.29034334, 0.285, 0.736), (0.28401366, 0.285, 0.736), (0.2787234, 0.285, 0.736), (0.27123114, 0.285, 0.736), (0.268415, 0.285, 0.736), (0.25981668, 0.285, 0.736), (0.2593052, 0.285, 0.736), (0.24962983, 0.285, 0.736), (0.24056023, 0.285, 0.736), (-0.24056023, 0.285, 0.736), (-0.24962983, 0.285, 0.736), (-0.2593052, 0.285, 0.736), (-0.25981668, 0.285, 0.736), (-0.268415, 0.285, 0.736), (-0.27123114, 0.285, 0.736), (-0.2787234, 0.285, 0.736), (-0.28401366, 0.285, 0.736), (-0.29034334, 0.285, 0.736), (-0.298341, 0.285, 0.736), (-0.30341986, 0.285, 0.736), (-0.3144354, 0.285, 0.736), (-0.3181365, 0.285, 0.736), (-0.33257663, 0.285, 0.736), (-0.33472478, 0.285, 0.736), (-0.35311925, 0.285, 0.736), (-0.35347697, 0.285, 0.736), (-0.37476406, 0.285, 0.736), (-0.37651664, 0.285, 0.736), (-0.39906102, 0.285, 0.736), (-0.40335572, 0.285, 0.736), (-0.4269832, 0.285, 0.736), (-0.43440753, 0.285, 0.736), (-0.45933965, 0.285, 0.736), (-0.47070354, 0.285, 0.736), (-0.49721292, 0.285, 0.736), (-0.5136536, 0.285, 0.736), (-0.525, 0.285, 0.736), (-0.52745044, 0.28487962, 0.736), (-0.52987725, 0.28451964, 0.736), (-0.53225714, 0.2839235, 0.736), (-0.5344107, 0.28315294, 0.736), (-0.53456706, 0.283097, 0.736), (-0.53678495, 0.28204802, 0.736), (-0.5388892, 0.28078675, 0.736), (-0.5408113, 0.27936128, 0.736), (-0.5408598, 0.27932525, 0.736), (-0.54267764, 0.27767766, 0.736), (-0.54432523, 0.27585983, 0.736), (-0.54571605, 0.27398458, 0.736), (-0.54578674, 0.27388924, 0.736), (-0.54704803, 0.27178493, 0.736), (-0.548097, 0.26956707, 0.736), (-0.5485054, 0.26842567, 0.736), (-0.5489235, 0.26725712, 0.736), (-0.54951966, 0.26487726, 0.736), (-0.5498162, 0.262878, 0.736), (-0.5498796, 0.26245043, 0.736), (-0.55, 0.26, 0.736), (-0.55, 0.25599852, 0.736), (-0.55, 0.25088847, 0.736), (-0.55, 0.2432726, 0.736), (-0.55, 0.23885104, 0.736), (-0.55, 0.2305595, 0.736), (-0.55, 0.22680631, 0.736), (-0.55, 0.21785931, 0.736), (-0.55, 0.21475737, 0.736), (-0.55, 0.20517117, 0.736), (-0.55, 0.20270638, 0.736), (-0.55, 0.1924935, 0.736), (-0.55, 0.19065464, 0.736), (-0.55, 0.17982416, 0.736), (-0.55, 0.17860287, 0.736), (-0.55, 0.1671606, 0.736), (-0.55, 0.16655135, 0.736), (-0.55, 0.1545, 0.736), (-0.55, 0.14244865, 0.716), (-0.55, 0.1418394, 0.716), (-0.55, 0.13039713, 0.716), (-0.55, 0.12917584, 0.716), (-0.55, 0.11834536, 0.716), (-0.55, 0.1165065, 0.716), (-0.55, 0.106293626, 0.716), (-0.55, 0.10382883, 0.716), (-0.55, 0.094242625, 0.716), (-0.55, 0.091140695, 0.716), (-0.55, 0.082193695, 0.716), (-0.55, 0.078440495, 0.716), (-0.55, 0.07014895, 0.716), (-0.55, 0.0657274, 0.716), (-0.55, 0.058111534, 0.716), (-0.55, 0.05300147, 0.716), (-0.55, 0.046085767, 0.716), (-0.55, 0.040263906, 0.716), (-0.55, 0.034077454, 0.716), (-0.55, 0.027517265, 0.716), (-0.55, 0.022094127, 0.716), (-0.55, 0.014765745, 0.716), (-0.55, 0.010145345, 0.716), (-0.55, 0.0020154922, 0.716), (-0.55, -0.001756927, 0.716), (-0.55, -0.010725038, 0.716), (-0.55, -0.013597942, 0.716), (-0.55, -0.02344467, 0.716), (-0.55, -0.025359713, 0.716), (-0.55, -0.036129016, 0.716), (-0.55, -0.0370205, 0.716), (-0.55, -0.04855424, 0.716), (-0.55, -0.04875995, 0.716), (-0.55, -0.05992989, 0.716), (-0.55, -0.06131492, 0.716), (-0.55, -0.071110696, 0.716), (-0.55, -0.07376628, 0.716), (-0.55, -0.0820534, 0.716), (-0.55, -0.0860804, 0.716), (-0.55, -0.09270731, 0.716), (-0.55, -0.09821672, 0.716), (-0.55, -0.10301338, 0.716), (-0.55, -0.110126674, 0.716), (-0.55, -0.11290309, 0.716), (-0.55, -0.12175248, 0.716), (-0.55, -0.122297384, 0.716), (-0.55, -0.13302574, 0.716), (-0.55, -0.14386602, 0.716), (-0.55, -0.26, 0.716), (-0.5498796, -0.26245043, 0.716), (-0.54951966, -0.26487726, 0.716), (-0.5489235, -0.26725712, 0.716), (-0.548097, -0.26956707, 0.716), (-0.54704803, -0.27178493, 0.716), (-0.54578674, -0.27388924, 0.716), (-0.54432523, -0.27585983, 0.716), (-0.54267764, -0.27767766, 0.716), (-0.5408598, -0.27932525, 0.716), (-0.5388892, -0.28078675, 0.716), (-0.53678495, -0.28204802, 0.716), (-0.53456706, -0.283097, 0.716), (-0.53225714, -0.2839235, 0.716), (-0.52987725, -0.28451964, 0.716), (-0.52745044, -0.28487962, 0.716), (-0.525, -0.285, 0.716), (0.525, -0.285, 0.716), (0.52745044, -0.28487962, 0.716), (0.52987725, -0.28451964, 0.716), (0.53225714, -0.2839235, 0.716), (0.53456706, -0.283097, 0.716), (0.53678495, -0.28204802, 0.716), (0.5388892, -0.28078675, 0.716), (0.5408598, -0.27932525, 0.716), (0.54267764, -0.27767766, 0.716), (0.54432523, -0.27585983, 0.716), (0.54578674, -0.27388924, 0.716), (0.54704803, -0.27178493, 0.716), (0.548097, -0.26956707, 0.716), (0.5489235, -0.26725712, 0.716), (0.54951966, -0.26487726, 0.716), (0.5498796, -0.26245043, 0.716), (0.55, -0.26, 0.716), (0.55, -0.14386602, 0.716), (0.55, -0.13302574, 0.716), (0.55, -0.122297384, 0.716), (0.55, -0.12175248, 0.716), (0.55, -0.11290309, 0.716), (0.55, -0.110126674, 0.716), (0.55, -0.10301338, 0.716), (0.55, -0.09821672, 0.716), (0.55, -0.09270731, 0.716), (0.55, -0.0860804, 0.716), (0.55, -0.0820534, 0.716), (0.55, -0.07376628, 0.716), (0.55, -0.071110696, 0.716), (0.55, -0.06131492, 0.716), (0.55, -0.05992989, 0.716), (0.55, -0.04875995, 0.716), (0.55, -0.04855424, 0.716), (0.55, -0.0370205, 0.716), (0.55, -0.036129016, 0.716), (0.55, -0.025359713, 0.716), (0.55, -0.02344467, 0.716), (0.55, -0.013597942, 0.716), (0.55, -0.010725038, 0.716), (0.55, -0.001756927, 0.716), (0.55, 0.0020154922, 0.716), (0.55, 0.010145345, 0.716), (0.55, 0.014765745, 0.716), (0.55, 0.022094127, 0.716), (0.55, 0.027517265, 0.716), (0.55, 0.034077454, 0.716), (0.55, 0.040263906, 0.716), (0.55, 0.046085767, 0.716), (0.55, 0.05300147, 0.716), (0.55, 0.058111534, 0.716), (0.55, 0.0657274, 0.716), (0.55, 0.07014895, 0.716), (0.55, 0.078440495, 0.716), (0.55, 0.082193695, 0.716), (0.55, 0.091140695, 0.716), (0.55, 0.094242625, 0.716), (0.55, 0.10382883, 0.716), (0.55, 0.106293626, 0.716), (0.55, 0.1165065, 0.716), (0.55, 0.11834536, 0.716), (0.55, 0.12917584, 0.716), (0.55, 0.13039713, 0.716), (0.55, 0.1418394, 0.716), (0.55, 0.14244865, 0.716), (0.55, 0.1545, 0.716), (0.55, 0.16655135, 0.716), (0.55, 0.1671606, 0.716), (0.55, 0.17860287, 0.716), (0.55, 0.17982416, 0.716), (0.55, 0.19065464, 0.716), (0.55, 0.1924935, 0.716), (0.55, 0.20270638, 0.716), (0.55, 0.20517117, 0.716), (0.55, 0.21475737, 0.716), (0.55, 0.21785931, 0.716), (0.55, 0.22680631, 0.716), (0.55, 0.2305595, 0.716), (0.55, 0.23885104, 0.716), (0.55, 0.2432726, 0.716), (0.55, 0.25088847, 0.716), (0.55, 0.25599852, 0.716), (0.55, 0.26, 0.716), (0.5498796, 0.26245043, 0.716), (0.5498162, 0.262878, 0.716), (0.54951966, 0.26487726, 0.716), (0.5489235, 0.26725712, 0.716), (0.5485054, 0.26842567, 0.716), (0.548097, 0.26956707, 0.716), (0.54704803, 0.27178493, 0.716), (0.54578674, 0.27388924, 0.716), (0.54571605, 0.27398458, 0.716), (0.54432523, 0.27585983, 0.716), (0.54267764, 0.27767766, 0.716), (0.5408598, 0.27932525, 0.716), (0.5408113, 0.27936128, 0.716), (0.5388892, 0.28078675, 0.716), (0.53678495, 0.28204802, 0.716), (0.53456706, 0.283097, 0.716), (0.5344107, 0.28315294, 0.716), (0.53225714, 0.2839235, 0.716), (0.52987725, 0.28451964, 0.716), (0.52745044, 0.28487962, 0.716), (0.525, 0.285, 0.716), (0.5136536, 0.285, 0.716), (0.49721292, 0.285, 0.716), (0.47070354, 0.285, 0.716), (0.45933965, 0.285, 0.716), (0.43440753, 0.285, 0.716), (0.4269832, 0.285, 0.716), (0.40335572, 0.285, 0.716), (0.39906102, 0.285, 0.716), (0.37651664, 0.285, 0.716), (0.37476406, 0.285, 0.716), (0.35347697, 0.285, 0.716), (0.35311925, 0.285, 0.716), (0.33472478, 0.285, 0.716), (0.33257663, 0.285, 0.716), (0.3181365, 0.285, 0.716), (0.3144354, 0.285, 0.716), (0.30341986, 0.285, 0.716), (0.298341, 0.285, 0.716), (0.29034334, 0.285, 0.716), (0.28401366, 0.285, 0.716), (0.2787234, 0.285, 0.716), (0.27123114, 0.285, 0.716), (0.268415, 0.285, 0.716), (0.25981668, 0.285, 0.716), (0.2593052, 0.285, 0.716), (0.24962983, 0.285, 0.716), (0.24056023, 0.285, 0.716), (-0.24056023, 0.285, 0.716), (-0.24962983, 0.285, 0.716), (-0.2593052, 0.285, 0.716), (-0.25981668, 0.285, 0.716), (-0.268415, 0.285, 0.716), (-0.27123114, 0.285, 0.716), (-0.2787234, 0.285, 0.716), (-0.28401366, 0.285, 0.716), (-0.29034334, 0.285, 0.716), (-0.298341, 0.285, 0.716), (-0.30341986, 0.285, 0.716), (-0.3144354, 0.285, 0.716), (-0.3181365, 0.285, 0.716), (-0.33257663, 0.285, 0.716), (-0.33472478, 0.285, 0.716), (-0.35311925, 0.285, 0.716), (-0.35347697, 0.285, 0.716), (-0.37476406, 0.285, 0.716), (-0.37651664, 0.285, 0.716), (-0.39906102, 0.285, 0.716), (-0.40335572, 0.285, 0.716), (-0.4269832, 0.285, 0.716), (-0.43440753, 0.285, 0.716), (-0.45933965, 0.285, 0.716), (-0.47070354, 0.285, 0.716), (-0.49721292, 0.285, 0.716), (-0.5136536, 0.285, 0.716), (-0.525, 0.285, 0.716), (-0.52745044, 0.28487962, 0.716), (-0.52987725, 0.28451964, 0.716), (-0.53225714, 0.2839235, 0.716), (-0.5344107, 0.28315294, 0.716), (-0.53456706, 0.283097, 0.716), (-0.53678495, 0.28204802, 0.716), (-0.5388892, 0.28078675, 0.716), (-0.5408113, 0.27936128, 0.716), (-0.5408598, 0.27932525, 0.716), (-0.54267764, 0.27767766, 0.716), (-0.54432523, 0.27585983, 0.716), (-0.54571605, 0.27398458, 0.716), (-0.54578674, 0.27388924, 0.716), (-0.54704803, 0.27178493, 0.716), (-0.548097, 0.26956707, 0.716), (-0.5485054, 0.26842567, 0.716), (-0.5489235, 0.26725712, 0.716), (-0.54951966, 0.26487726, 0.716), (-0.5498162, 0.262878, 0.716), (-0.5498796, 0.26245043, 0.716), (-0.55, 0.26, 0.716), (-0.55, 0.25599852, 0.716), (-0.55, 0.25088847, 0.716), (-0.55, 0.2432726, 0.716), (-0.55, 0.23885104, 0.716), (-0.55, 0.2305595, 0.716), (-0.55, 0.22680631, 0.716), (-0.55, 0.21785931, 0.716), (-0.55, 0.21475737, 0.716), (-0.55, 0.20517117, 0.716), (-0.55, 0.20270638, 0.716), (-0.55, 0.1924935, 0.716), (-0.55, 0.19065464, 0.716), (-0.55, 0.17982416, 0.716), (-0.55, 0.17860287, 0.716), (-0.55, 0.1671606, 0.716), (-0.55, 0.16655135, 0.716), (-0.55, 0.1545, 0.716), (-0.11491757, 0.15198198, 0.716), (-0.11490506, 0.15185496, 0.716), (-0.11467063, 0.14947474, 0.716), (-0.1146289, 0.14922203, 0.716), (-0.114260234, 0.14698902, 0.716), (-0.11417257, 0.14661306, 0.716), (-0.11368814, 0.14453547, 0.716), (-0.113537796, 0.14403982, 0.716), (-0.11295681, 0.14212458, 0.716), (-0.112727, 0.14151399, 0.716), (-0.11206936, 0.1397667, 0.716), (-0.111743286, 0.13904703, 0.716), (-0.1110296, 0.13747188, 0.716), (-0.11059039, 0.13665019, 0.716), (-0.10984198, 0.13525, 0.716), (-0.10927269, 0.13433452, 0.716), (-0.10851158, 0.13311055, 0.716), (-0.10779513, 0.13211074, 0.716), (-0.1070441, 0.13106269, 0.716), (-0.10616319, 0.12998928, 0.716), (-0.10544583, 0.12911518, 0.716), (-0.10438285, 0.12798025, 0.716), (-0.10372361, 0.12727639, 0.716), (-0.102460526, 0.12609337, 0.716), (-0.10188481, 0.12555417, 0.716), (-0.10040295, 0.12433803, 0.716), (-0.09993731, 0.1239559, 0.716), (-0.098217145, 0.122723244, 0.716), (-0.09788945, 0.12248842, 0.716), (-0.09591026, 0.12125768, 0.716), (-0.09575, 0.12115802, 0.716), (-0.093528114, 0.119970396, 0.716), (-0.093485594, 0.11995114, 0.716), (-0.09123331, 0.11893064, 0.716), (-0.090934455, 0.11881816, 0.716), (-0.08887542, 0.11804319, 0.716), (-0.08827807, 0.117861986, 0.716), (-0.08646453, 0.11731186, 0.716), (-0.08552047, 0.11709173, 0.716), (-0.08401098, 0.116739765, 0.716), (-0.08266361, 0.11651731, 0.716), (-0.08152526, 0.11632937, 0.716), (-0.07970619, 0.11615021, 0.716), (-0.07901802, 0.11608243, 0.716), (-0.076641664, 0.11600464, 0.716), (-0.0765, 0.116, 0.716), (-0.073645584, 0.116, 0.716), (-0.07096988, 0.116, 0.716), (-0.051085647, 0.116, 0.716), (-0.0507743, 0.116, 0.716), (-0.05044743, 0.116, 0.716), (-0.050108355, 0.116, 0.716), (-0.049760368, 0.116, 0.716), (-0.04940674, 0.116, 0.716), (-0.049050692, 0.116, 0.716), (-0.04869535, 0.116, 0.716), (-0.04834375, 0.116, 0.716), (-0.047998827, 0.116, 0.716), (-0.04766338, 0.116, 0.716), (-0.04734008, 0.116, 0.716), (-0.047031477, 0.116, 0.716), (-0.046739966, 0.116, 0.716), (-0.046467796, 0.116, 0.716), (-0.046217076, 0.116, 0.716), (-0.04598976, 0.116, 0.716), (0.04598976, 0.116, 0.716), (0.046217076, 0.116, 0.716), (0.046467796, 0.116, 0.716), (0.046739966, 0.116, 0.716), (0.047031477, 0.116, 0.716), (0.04734008, 0.116, 0.716), (0.04766338, 0.116, 0.716), (0.047998827, 0.116, 0.716), (0.04834375, 0.116, 0.716), (0.04869535, 0.116, 0.716), (0.049050692, 0.116, 0.716), (0.04940674, 0.116, 0.716), (0.049760368, 0.116, 0.716), (0.050108355, 0.116, 0.716), (0.05044743, 0.116, 0.716), (0.0507743, 0.116, 0.716), (0.051085647, 0.116, 0.716), (0.07096988, 0.116, 0.716), (0.073645584, 0.116, 0.716), (0.0765, 0.116, 0.716), (0.076641664, 0.11600464, 0.716), (0.07901802, 0.11608243, 0.716), (0.07970619, 0.11615021, 0.716), (0.08152526, 0.11632937, 0.716), (0.08266361, 0.11651731, 0.716), (0.08401098, 0.116739765, 0.716), (0.08552047, 0.11709173, 0.716), (0.08646453, 0.11731186, 0.716), (0.08827807, 0.117861986, 0.716), (0.08887542, 0.11804319, 0.716), (0.090934455, 0.11881816, 0.716), (0.09123331, 0.11893064, 0.716), (0.093485594, 0.11995114, 0.716), (0.093528114, 0.119970396, 0.716), (0.09575, 0.12115802, 0.716), (0.09591026, 0.12125768, 0.716), (0.09788945, 0.12248842, 0.716), (0.098217145, 0.122723244, 0.716), (0.09993731, 0.1239559, 0.716), (0.10040295, 0.12433803, 0.716), (0.10188481, 0.12555417, 0.716), (0.102460526, 0.12609337, 0.716), (0.10372361, 0.12727639, 0.716), (0.10438285, 0.12798025, 0.716), (0.10544583, 0.12911518, 0.716), (0.10616319, 0.12998928, 0.716), (0.1070441, 0.13106269, 0.716), (0.10779513, 0.13211074, 0.716), (0.10851158, 0.13311055, 0.716), (0.10927269, 0.13433452, 0.716), (0.10984198, 0.13525, 0.716), (0.11059039, 0.13665019, 0.716), (0.1110296, 0.13747188, 0.716), (0.111743286, 0.13904703, 0.716), (0.11206936, 0.1397667, 0.716), (0.112727, 0.14151399, 0.716), (0.11295681, 0.14212458, 0.716), (0.113537796, 0.14403982, 0.716), (0.11368814, 0.14453547, 0.716), (0.11417257, 0.14661306, 0.716), (0.114260234, 0.14698902, 0.716), (0.1146289, 0.14922203, 0.716), (0.11467063, 0.14947474, 0.716), (0.11490506, 0.15185496, 0.716), (0.11491757, 0.15198198, 0.716), (0.115, 0.1545, 0.716), (0.11491757, 0.15701802, 0.716), (0.11490506, 0.15714504, 0.716), (0.11467063, 0.15952526, 0.716), (0.1146289, 0.15977797, 0.716), (0.114260234, 0.16201098, 0.716), (0.11417257, 0.16238694, 0.716), (0.11368814, 0.16446453, 0.716), (0.113537796, 0.16496016, 0.716), (0.11295681, 0.16687542, 0.716), (0.112727, 0.16748601, 0.716), (0.11206936, 0.1692333, 0.716), (0.111743286, 0.16995297, 0.716), (0.1110296, 0.17152812, 0.716), (0.11059039, 0.17234981, 0.716), (0.10984198, 0.17375, 0.716), (0.10927269, 0.17466548, 0.716), (0.10883101, 0.17537576, 0.716), (0.108559705, 0.17581207, 0.716), (0.10851158, 0.17588945, 0.716), (0.10825705, 0.17624466, 0.716), (0.10794912, 0.17667437, 0.716), (0.10779513, 0.17688926, 0.716), (0.10764491, 0.1770989, 0.716), (0.10734691, 0.17751475, 0.716), (0.107057564, 0.17791852, 0.716), (0.1070441, 0.17793731, 0.716), (0.106746726, 0.17829968, 0.716), (0.10644936, 0.17866202, 0.716), (0.10616958, 0.17900293, 0.716), (0.10616319, 0.17901072, 0.716), (0.10590973, 0.17931956, 0.716), (0.105672, 0.17960922, 0.716), (0.10545848, 0.1798694, 0.716), (0.10544583, 0.17988482, 0.716), (0.10525102, 0.18009281, 0.716), (0.1050733, 0.18028256, 0.716), (0.104928546, 0.18043712, 0.716), (0.10481829, 0.18055484, 0.716), (0.10438285, 0.18101975, 0.716), (0.10372361, 0.18172361, 0.716), (0.102460526, 0.18290663, 0.716), (0.10188481, 0.18344583, 0.716), (0.10040295, 0.18466197, 0.716), (0.09993731, 0.18504411, 0.716), (0.098217145, 0.18627676, 0.716), (0.09788945, 0.18651158, 0.716), (0.09591026, 0.18774232, 0.716), (0.09575, 0.18784198, 0.716), (0.093528114, 0.1890296, 0.716), (0.093485594, 0.18904887, 0.716), (0.09123331, 0.19006936, 0.716), (0.090934455, 0.19018184, 0.716), (0.08887542, 0.19095682, 0.716), (0.08827807, 0.19113801, 0.716), (0.08646453, 0.19168815, 0.716), (0.08552047, 0.19190827, 0.716), (0.08401098, 0.19226024, 0.716), (0.08266361, 0.19248268, 0.716), (0.08152526, 0.19267063, 0.716), (0.07970619, 0.19284979, 0.716), (0.07901802, 0.19291757, 0.716), (0.076641664, 0.19299537, 0.716), (0.0765, 0.193, 0.716), (0.073645584, 0.193, 0.716), (0.07096988, 0.193, 0.716), (-0.07096988, 0.193, 0.716), (-0.073645584, 0.193, 0.716), (-0.0765, 0.193, 0.716), (-0.076641664, 0.19299537, 0.716), (-0.07901802, 0.19291757, 0.716), (-0.07970619, 0.19284979, 0.716), (-0.08152526, 0.19267063, 0.716), (-0.08266361, 0.19248268, 0.716), (-0.08401098, 0.19226024, 0.716), (-0.08552047, 0.19190827, 0.716), (-0.08646453, 0.19168815, 0.716), (-0.08827807, 0.19113801, 0.716), (-0.08887542, 0.19095682, 0.716), (-0.090934455, 0.19018184, 0.716), (-0.09123331, 0.19006936, 0.716), (-0.093485594, 0.18904887, 0.716), (-0.093528114, 0.1890296, 0.716), (-0.09575, 0.18784198, 0.716), (-0.09591026, 0.18774232, 0.716), (-0.09788945, 0.18651158, 0.716), (-0.098217145, 0.18627676, 0.716), (-0.09993731, 0.18504411, 0.716), (-0.10040295, 0.18466197, 0.716), (-0.10188481, 0.18344583, 0.716), (-0.102460526, 0.18290663, 0.716), (-0.10372361, 0.18172361, 0.716), (-0.10438285, 0.18101975, 0.716), (-0.10481829, 0.18055484, 0.716), (-0.104928546, 0.18043712, 0.716), (-0.1050733, 0.18028256, 0.716), (-0.10525102, 0.18009281, 0.716), (-0.10544583, 0.17988482, 0.716), (-0.10545848, 0.1798694, 0.716), (-0.105672, 0.17960922, 0.716), (-0.10590973, 0.17931956, 0.716), (-0.10616319, 0.17901072, 0.716), (-0.10616958, 0.17900293, 0.716), (-0.10644936, 0.17866202, 0.716), (-0.106746726, 0.17829968, 0.716), (-0.1070441, 0.17793731, 0.716), (-0.107057564, 0.17791852, 0.716), (-0.10734691, 0.17751475, 0.716), (-0.10764491, 0.1770989, 0.716), (-0.10779513, 0.17688926, 0.716), (-0.10794912, 0.17667437, 0.716), (-0.10825705, 0.17624466, 0.716), (-0.10851158, 0.17588945, 0.716), (-0.108559705, 0.17581207, 0.716), (-0.10883101, 0.17537576, 0.716), (-0.10927269, 0.17466548, 0.716), (-0.10984198, 0.17375, 0.716), (-0.11059039, 0.17234981, 0.716), (-0.1110296, 0.17152812, 0.716), (-0.111743286, 0.16995297, 0.716), (-0.11206936, 0.1692333, 0.716), (-0.112727, 0.16748601, 0.716), (-0.11295681, 0.16687542, 0.716), (-0.113537796, 0.16496016, 0.716), (-0.11368814, 0.16446453, 0.716), (-0.11417257, 0.16238694, 0.716), (-0.114260234, 0.16201098, 0.716), (-0.1146289, 0.15977797, 0.716), (-0.11467063, 0.15952526, 0.716), (-0.11490506, 0.15714504, 0.716), (-0.11491757, 0.15701802, 0.716), (-0.115, 0.1545, 0.716)]
                uniform token subdivisionScheme = "none"
                uniform token subsetFamily:materialBind:familyType = "partition"

                def GeomSubset "White" (
                    prepend apiSchemas = ["MaterialBindingAPI"]
                )
                {
                    uniform token elementType = "face"
                    uniform token familyName = "materialBind"
                    int[] indices = [0, 1, 2, 3, 4, 5, 6, 7, 8, 9, 10, 11, 12, 13, 14, 15, 16, 17, 18, 19, 20, 21, 22, 23, 24, 25, 26, 27, 28, 29, 30, 31, 32, 33, 34, 35, 36, 37, 38, 39, 40, 41, 42, 43, 44, 45, 46, 47, 48, 49, 50, 51, 52, 53, 54, 55, 56, 57, 58, 59, 60, 61, 62, 63, 64, 65, 66, 67, 68, 69, 70, 71, 72, 73, 74, 75, 76, 77, 78, 79, 80, 81, 82, 83, 84, 85, 86, 87, 88, 89, 90, 91, 92, 93, 94, 95, 96, 97, 98, 99, 100, 101, 102, 103, 104, 105, 106, 107, 108, 109, 110, 111, 112, 113, 114, 115, 116, 117, 118, 119, 120, 121, 122, 123, 124, 125, 126, 127, 128, 129, 130, 131, 132, 133, 134, 135, 136, 137, 138, 139, 140, 141, 142, 143, 144, 145, 146, 147, 148, 149, 150, 151, 152, 153, 154, 155, 156, 157, 158, 159, 160, 161, 162, 163, 164, 165, 166, 167, 168, 169, 170, 171, 172, 173, 174, 175, 176, 177, 178, 179, 180, 181, 182, 183, 184, 185, 186, 187, 188, 189, 190, 191, 192, 193, 194, 195, 196, 197, 198, 199, 200, 201, 202, 203, 204, 205, 206, 207, 208, 209, 210, 211, 212, 213, 214, 215, 216, 217, 218, 219, 220, 221, 222, 223, 224, 225, 226, 227, 228, 229, 230, 231, 232, 233, 234, 235, 236, 237, 238, 239, 240, 241, 242, 243, 244, 245, 246, 247, 248, 249, 250, 251, 252, 253, 254, 255, 256, 257, 258, 259, 260, 261, 262, 263, 264, 265, 266, 267, 268, 269, 270, 271, 272, 273, 274, 275, 276, 277, 278, 279, 280, 281, 282, 283, 284, 285, 286, 287, 288, 289, 290, 291, 292, 293, 294, 295, 296, 297, 298, 299, 300, 301, 302, 303, 304, 305, 306, 307, 308, 309, 310, 311, 312, 313, 314, 315, 316, 317, 318, 319, 320, 321, 322, 323, 324, 325, 326, 327, 328, 329, 330, 331, 332, 333, 334, 335, 336, 337, 338, 339, 340, 341, 342, 343, 344, 345, 346, 347, 348, 349, 350, 351, 352, 353, 354, 355, 356, 357, 358, 359, 360, 361, 362, 363, 364, 365, 366, 367, 368, 369, 370, 371, 372, 373, 374, 375, 376, 377, 378, 379, 380, 381, 382, 383, 384, 385, 386, 387, 388, 389, 390, 391, 392, 393, 394, 395, 396, 397, 398, 399, 400, 401, 402, 403, 404, 405, 406, 407, 408, 409, 410, 411, 412, 413, 414, 415, 416, 417, 418, 419, 420, 421, 422, 423, 424, 425, 426, 427, 428, 429, 430, 431, 432, 433, 434, 435, 436, 437, 438, 439, 440, 441, 442, 443, 444, 445, 446, 447, 448, 449, 450, 451, 452, 453, 454, 455, 456, 457, 458, 459, 460, 461, 462, 463, 464, 465, 466, 467, 468, 469, 470, 471, 472, 473, 474, 475, 476, 477, 478, 479, 480, 481, 482, 483, 484, 485, 486, 487, 488, 489, 490, 491, 492, 493, 494, 495, 496, 497, 498, 499, 500, 501, 502, 503, 504, 505, 506, 507, 508, 509, 510, 511, 512, 513, 514, 515, 516, 517, 518, 519, 520, 521, 522, 523, 1048, 1049, 1050, 1051, 1052, 1053, 1054, 1055, 1056, 1057, 1058, 1059, 1060, 1061, 1062, 1063, 1064, 1065, 1066, 1067, 1068, 1069, 1070, 1071, 1072, 1073, 1074, 1075, 1076, 1077, 1078, 1079, 1080, 1081, 1082, 1083, 1084, 1085, 1086, 1087, 1088, 1089, 1090, 1091, 1092, 1093, 1094, 1095, 1096, 1097, 1098, 1099, 1100, 1101, 1102, 1103, 1104, 1105, 1106, 1107, 1108, 1109, 1110, 1111, 1112, 1113, 1114, 1115, 1116, 1117, 1118, 1119, 1120, 1121, 1122, 1123, 1124, 1125, 1126, 1127, 1128, 1129, 1130, 1131, 1132, 1133, 1134, 1135, 1136, 1137, 1138, 1139, 1140, 1141, 1142, 1143, 1144, 1145, 1146, 1147, 1148, 1149, 1150, 1151, 1152, 1153, 1154, 1155, 1156, 1157, 1158, 1159, 1160, 1161, 1162, 1163, 1164, 1165, 1166, 1167, 1168, 1169, 1170, 1171, 1172, 1173, 1174, 1175, 1176, 1177, 1178, 1179, 1180, 1181, 1182, 1183, 1184, 1185, 1186, 1187, 1188, 1189, 1190, 1191, 1192, 1193, 1194, 1195, 1196, 1197, 1198, 1199, 1200, 1201, 1202, 1203, 1204, 1205, 1206, 1207, 1208, 1209, 1210, 1211, 1212, 1213, 1214, 1215, 1216, 1217, 1218, 1219, 1220, 1221, 1222, 1223, 1224, 1225, 1226, 1227, 1228, 1229, 1230, 1231, 1232, 1233, 1234, 1235, 1236, 1237, 1238, 1239, 1240, 1241, 1242, 1243, 1244, 1245, 1246, 1247, 1248, 1249, 1250, 1251, 1252, 1253, 1254, 1255, 1256, 1257, 1258, 1259, 1260, 1261, 1262, 1263, 1264, 1265, 1266, 1267, 1268, 1269, 1270, 1271, 1272, 1273, 1274, 1275, 1276, 1277, 1278, 1279, 1280, 1281, 1282, 1283, 1284, 1285, 1286, 1287, 1288, 1289, 1290, 1291, 1292, 1293, 1294, 1295, 1296, 1297, 1298, 1299, 1300, 1301, 1302, 1303, 1304, 1305, 1306, 1307, 1308, 1309, 1310, 1311, 1312, 1313, 1314, 1315, 1316, 1317, 1318, 1319, 1320, 1321, 1322, 1323, 1324, 1325, 1326, 1327, 1328, 1329, 1330, 1331, 1332, 1333, 1334, 1335, 1336, 1337, 1338, 1339, 1340, 1341, 1342, 1343, 1344, 1345, 1346, 1347, 1348, 1349, 1350, 1351, 1352, 1353, 1354, 1355, 1356, 1357, 1358, 1359, 1360, 1361, 1362, 1363, 1364, 1365, 1366, 1367, 1368, 1369, 1370, 1371, 1372, 1373, 1374, 1375, 1376, 1377, 1378, 1379, 1380, 1381, 1382, 1383, 1384, 1385, 1386, 1387, 1388, 1389, 1390, 1391, 1392, 1393, 1394, 1395, 1396, 1397, 1398, 1399, 1400, 1401, 1402, 1403, 1404, 1405, 1406, 1407, 1408, 1409, 1410, 1411, 1412, 1413, 1414, 1415, 1416, 1417, 1418, 1419, 1420, 1421, 1422, 1423, 1424, 1425, 1426, 1427, 1428, 1429, 1430, 1431, 1432, 1433, 1434, 1435, 1436, 1437, 1438, 1439, 1440, 1441, 1442, 1443, 1444, 1445, 1446, 1447, 1448, 1449, 1450, 1451, 1452, 1453, 1454, 1455, 1456, 1457, 1458, 1459, 1460, 1461, 1462, 1463, 1464, 1465, 1466, 1467, 1468, 1469, 1470, 1471, 1472, 1473, 1474, 1475, 1476, 1477, 1478, 1479, 1480, 1481, 1482, 1483, 1484, 1485, 1486, 1487, 1488, 1489, 1490, 1491, 1492, 1493, 1494, 1495, 1496, 1497, 1498, 1499, 1500, 1501, 1502, 1503, 1504, 1505, 1506, 1507, 1508, 1509, 1510, 1511, 1512, 1513, 1514, 1515, 1516, 1517, 1518, 1519, 1520, 1521, 1522, 1523, 1524, 1525, 1526, 1527, 1528, 1529, 1530, 1531, 1532, 1533, 1534, 1535, 1536, 1537, 1538, 1539, 1540, 1541, 1542, 1543, 1544, 1545, 1546, 1547, 1548, 1549, 1550, 1551, 1552, 1553, 1554, 1555, 1556, 1557, 1558, 1559, 1560, 1561, 1562, 1563, 1564, 1565, 1566, 1567, 1568, 1569, 1570, 1571, 1572, 1573, 1574, 1575, 1576, 1577, 1578, 1579, 1580, 1581, 1582, 1583, 1584, 1585, 1586, 1587, 1588, 1589, 1590, 1591, 1592, 1593, 1594, 1595, 1596, 1597, 1598, 1599, 1600, 1601, 1602, 1603, 1604, 1605, 1606, 1607, 1608, 1609, 1610, 1611, 1612, 1613, 1614, 1615, 1616, 1617, 1618, 1619, 1620, 1621, 1622, 1623, 1624, 1625, 1626, 1627, 1628, 1629, 1630, 1631, 1632, 1633, 1634, 1635, 1636, 1637, 1638, 1639, 1640, 1641, 1642, 1643, 1644, 1645, 1646, 1647, 1648, 1649, 1650, 1651, 1652, 1653, 1654, 1655, 1656, 1657, 1658, 1659, 1660, 1661, 1662, 1663, 1664, 1665, 1666, 1667, 1668, 1669, 1670, 1671, 1672, 1673, 1674, 1675, 1676, 1677, 1678, 1679, 1680, 1681, 1682, 1683, 1684, 1685, 1686, 1687, 1688, 1689, 1690, 1691, 1692, 1693, 1694, 1695, 1696, 1697, 1698, 1699, 1700, 1701, 1702, 1703, 1704, 1705, 1706, 1707, 1708, 1709, 1710, 1711, 1712, 1713, 1714, 1715, 1716, 1717, 1718, 1719, 1720, 1721, 1722, 1723, 1724, 1725, 1726, 1727, 1728, 1729, 1730, 1731, 1732, 1733, 1734, 1735, 1736, 1737, 1738, 1739, 1740, 1741, 1742, 1743, 1744, 1745, 1746, 1747, 1748, 1749, 1750, 1751, 1752, 1753, 1754, 1755, 1756, 1757, 1758, 1759, 1760, 1761, 1762, 1763, 1764, 1765, 1766, 1767, 1768, 1769, 1770, 1771, 1772, 1773, 1774, 1775, 1776, 1777, 1778, 1779, 1780, 1781, 1782, 1783, 1784, 1785, 1786, 1787, 1788, 1789, 1790, 1791, 1792, 1793, 1794, 1795, 1796, 1797, 1798, 1799, 1800, 1801, 1802, 1803, 1804, 1805, 1806, 1807, 1808, 1809, 1810, 1811, 1812, 1813, 1814, 1815, 1816, 1817, 1818, 1819, 1820, 1821, 1822, 1823, 1824, 1825, 1826, 1827, 1828, 1829, 1830, 1831, 1832, 1833, 1834, 1835, 1836, 1837, 1838, 1839, 1840, 1841, 1842, 1843, 1844, 1845, 1846, 1847, 1848, 1849, 1850, 1851, 1852, 1853, 1854, 1855, 1856, 1857, 1858, 1859, 1860, 1861, 1862, 1863, 1864, 1865, 1866, 1867, 1868, 1869, 1870, 1871, 1872, 1873, 1874, 1875, 1876, 1877, 1878, 1879, 1880, 1881, 1882, 1883, 1884, 1885, 1886, 1887, 1888, 1889, 1890, 1891, 1892, 1893, 1894, 1895, 1896, 1897, 1898, 1899, 1900, 1901, 1902, 1903, 1904, 1905, 1906, 1907, 1908, 1909, 1910, 1911, 1912, 1913, 1914, 1915, 1916, 1917, 1918, 1919, 1920, 1921, 1922, 1923, 1924, 1925, 1926, 1927, 1928, 1929, 1930, 1931, 1932, 1933, 1934, 1935, 1936, 1937, 1938, 1939, 1940, 1941, 1942, 1943, 1944, 1945, 1946, 1947, 1948, 1949, 1950, 1951, 1952, 1953, 1954, 1955, 1956, 1957, 1958, 1959, 1960, 1961, 1962, 1963, 1964, 1965, 1966, 1967, 1968, 1969, 1970, 1971, 1972, 1973, 1974, 1975, 1976, 1977, 1978, 1979, 1980, 1981, 1982, 1983, 1984, 1985, 1986, 1987, 1988, 1989, 1990, 1991, 1992, 1993, 1994, 1995, 1996, 1997, 1998, 1999, 2000, 2001, 2002, 2003, 2004, 2005, 2006, 2007, 2008, 2009, 2010, 2011, 2012, 2013, 2014, 2015, 2016, 2017, 2018, 2019, 2020, 2021, 2022, 2023, 2024, 2025, 2026, 2027, 2028, 2029, 2030, 2031, 2032, 2033, 2034, 2035, 2036, 2037, 2038, 2039, 2040, 2041, 2042, 2043, 2044, 2045, 2046, 2047, 2048, 2049, 2050, 2051, 2052, 2053, 2054, 2055, 2056, 2057, 2058, 2059, 2060, 2061, 2062, 2063, 2064, 2065, 2066, 2067, 2068, 2069, 2070, 2071, 2072, 2073, 2074, 2075, 2076, 2077, 2078, 2079, 2080, 2081, 2082, 2083, 2084, 2085, 2086, 2087, 2088, 2089, 2090, 2091, 2092, 2093, 2094, 2095, 2620, 2621, 2622, 2623, 2624, 2625, 2626, 2627, 2628, 2629, 2630, 2631, 2632, 2633, 2634, 2635, 2636, 2637, 2638, 2639, 2640, 2641, 2642, 2643, 2644, 2645, 2646, 2647, 2648, 2649, 2650, 2651, 2652, 2653, 2654, 2655, 2656, 2657, 2658, 2659, 2660, 2661, 2662, 2663, 2664, 2665, 2666, 2667, 2668, 2669, 2670, 2671, 2672, 2673, 2674, 2675, 2676, 2677, 2678, 2679, 2680, 2681, 2682, 2683, 2684, 2685, 2686, 2687, 2688, 2689, 2690, 2691, 2692, 2693, 2694, 2695, 2696, 2697, 2698, 2699, 2700, 2701, 2702, 2703, 2704, 2705, 2706, 2707, 2708, 2709, 2710, 2711, 2712, 2713, 2714, 2715, 2716, 2717, 2718, 2719, 2720, 2721, 2722, 2723, 2724, 2725, 2726, 2727, 2728, 2729, 2730, 2731, 2732, 2733, 2734, 2735, 2736, 2737, 2738, 2739, 2740, 2741, 2742, 2743, 2744, 2745, 2746, 2747, 2748, 2749, 2750, 2751, 2752, 2753, 2754, 2755, 2756, 2757, 2758, 2759, 2760, 2761, 2762, 2763, 2764, 2765, 2766, 2767, 2768, 2769, 2770, 2771, 2772, 2773, 2774, 2775, 2776, 2777, 2778, 2779, 2780, 2781, 2782, 2783, 2784, 2785, 2786, 2787, 2788, 2789, 2790, 2791, 2792, 2793, 2794, 2795, 2796, 2797, 2798, 2799, 2800, 2801, 2802, 2803, 2804, 2805, 2806, 2807, 2808, 2809, 2810, 2811, 2812, 2813, 2814, 2815, 2816, 2817, 2818, 2819, 2820, 2821, 2822, 2823, 2824, 2825, 2826, 2827, 2828, 2829, 2830, 2831, 2832, 2833, 2834, 2835, 2836, 2837, 2838, 2839, 2840, 2841, 2842, 2843, 2844, 2845, 2846, 2847, 2848, 2849, 2850, 2851, 2852, 2853, 2854, 2855, 2856, 2857, 2858, 2859, 2860, 2861, 2862, 2863, 2864, 2865, 2866, 2867, 2868, 2869, 2870, 2871, 2872, 2873, 2874, 2875, 2876, 2877, 2878, 2879, 2880, 2881, 2882, 2883, 2884, 2885, 2886, 2887, 2888, 2889, 2890, 2891, 2892, 2893, 2894, 2895, 2896, 2897, 2898, 2899, 2900, 2901, 2902, 2903, 2904, 2905, 2906, 2907, 2908, 2909, 2910, 2911, 2912, 2913, 2914, 2915, 2916, 2917, 2918, 2919, 2920, 2921, 2922, 2923, 2924, 2925, 2926, 2927, 2928, 2929, 2930, 2931, 2932, 2933, 2934, 2935, 2936, 2937, 2938, 2939, 2940, 2941, 2942, 2943, 2944, 2945, 2946, 2947, 2948, 2949, 2950, 2951, 2952, 2953, 2954, 2955, 2956, 2957, 2958, 2959, 2960, 2961, 2962, 2963, 2964, 2965, 2966, 2967, 2968, 2969, 2970, 2971, 2972, 2973, 2974, 2975, 2976, 2977, 2978, 2979, 2980, 2981, 2982, 2983, 2984, 2985, 2986, 2987, 2988, 2989, 2990, 2991, 2992, 2993, 2994, 2995, 2996, 2997, 2998, 2999, 3000, 3001, 3002, 3003, 3004, 3005, 3006, 3007, 3008, 3009, 3010, 3011, 3012, 3013, 3014, 3015, 3016, 3017, 3018, 3019, 3020, 3021, 3022, 3023, 3024, 3025, 3026, 3027, 3028, 3029, 3030, 3031, 3032, 3033, 3034, 3035, 3036, 3037, 3038, 3039, 3040, 3041, 3042, 3043, 3044, 3045, 3046, 3047, 3048, 3049, 3050, 3051, 3052, 3053, 3054, 3055, 3056, 3057, 3058, 3059, 3060, 3061, 3062, 3063, 3064, 3065, 3066, 3067, 3068, 3069, 3070, 3071, 3072, 3073, 3074, 3075, 3076, 3077, 3078, 3079, 3080, 3081, 3082, 3083, 3084, 3085, 3086, 3087, 3088, 3089, 3090, 3091, 3092, 3093, 3094, 3095, 3096, 3097, 3098, 3099, 3100, 3101, 3102, 3103, 3104, 3105, 3106, 3107, 3108, 3109, 3110, 3111, 3112, 3113, 3114, 3115, 3116, 3117, 3118, 3119, 3120, 3121, 3122, 3123, 3124, 3125, 3126, 3127, 3128, 3129, 3130, 3131, 3132, 3133, 3134, 3135, 3136, 3137, 3138, 3139, 3140, 3141, 3142, 3143]
                    rel material:binding = </World/BatteryWorkcell/Table/Looks/White>
                }

                def GeomSubset "DarkEdge" (
                    prepend apiSchemas = ["MaterialBindingAPI"]
                )
                {
                    uniform token elementType = "face"
                    uniform token familyName = "materialBind"
                    int[] indices = [2096, 2097, 2098, 2099, 2100, 2101, 2102, 2103, 2104, 2105, 2106, 2107, 2108, 2109, 2110, 2111, 2112, 2113, 2114, 2115, 2116, 2117, 2118, 2119, 2120, 2121, 2122, 2123, 2124, 2125, 2126, 2127, 2128, 2129, 2130, 2131, 2132, 2133, 2134, 2135, 2136, 2137, 2138, 2139, 2140, 2141, 2142, 2143, 2144, 2145, 2146, 2147, 2148, 2149, 2150, 2151, 2152, 2153, 2154, 2155, 2156, 2157, 2158, 2159, 2160, 2161, 2162, 2163, 2164, 2165, 2166, 2167, 2168, 2169, 2170, 2171, 2172, 2173, 2174, 2175, 2176, 2177, 2178, 2179, 2180, 2181, 2182, 2183, 2184, 2185, 2186, 2187, 2188, 2189, 2190, 2191, 2192, 2193, 2194, 2195, 2196, 2197, 2198, 2199, 2200, 2201, 2202, 2203, 2204, 2205, 2206, 2207, 2208, 2209, 2210, 2211, 2212, 2213, 2214, 2215, 2216, 2217, 2218, 2219, 2220, 2221, 2222, 2223, 2224, 2225, 2226, 2227, 2228, 2229, 2230, 2231, 2232, 2233, 2234, 2235, 2236, 2237, 2238, 2239, 2240, 2241, 2242, 2243, 2244, 2245, 2246, 2247, 2248, 2249, 2250, 2251, 2252, 2253, 2254, 2255, 2256, 2257, 2258, 2259, 2260, 2261, 2262, 2263, 2264, 2265, 2266, 2267, 2268, 2269, 2270, 2271, 2272, 2273, 2274, 2275, 2276, 2277, 2278, 2279, 2280, 2281, 2282, 2283, 2284, 2285, 2286, 2287, 2288, 2289, 2290, 2291, 2292, 2293, 2294, 2295, 2296, 2297, 2298, 2299, 2300, 2301, 2302, 2303, 2304, 2305, 2306, 2307, 2308, 2309, 2310, 2311, 2312, 2313, 2314, 2315, 2316, 2317, 2318, 2319, 2320, 2321, 2322, 2323, 2324, 2325, 2326, 2327, 2328, 2329, 2330, 2331, 2332, 2333, 2334, 2335, 2336, 2337, 2338, 2339, 2340, 2341, 2342, 2343, 2344, 2345, 2346, 2347, 2348, 2349, 2350, 2351, 2352, 2353, 2354, 2355, 2356, 2357, 2358, 2359, 2360, 2361, 2362, 2363, 2364, 2365, 2366, 2367, 2368, 2369, 2370, 2371, 2372, 2373, 2374, 2375, 2376, 2377, 2378, 2379, 2380, 2381, 2382, 2383, 2384, 2385, 2386, 2387, 2388, 2389, 2390, 2391, 2392, 2393, 2394, 2395, 2396, 2397, 2398, 2399, 2400, 2401, 2402, 2403, 2404, 2405, 2406, 2407, 2408, 2409, 2410, 2411, 2412, 2413, 2414, 2415, 2416, 2417, 2418, 2419, 2420, 2421, 2422, 2423, 2424, 2425, 2426, 2427, 2428, 2429, 2430, 2431, 2432, 2433, 2434, 2435, 2436, 2437, 2438, 2439, 2440, 2441, 2442, 2443, 2444, 2445, 2446, 2447, 2448, 2449, 2450, 2451, 2452, 2453, 2454, 2455, 2456, 2457, 2458, 2459, 2460, 2461, 2462, 2463, 2464, 2465, 2466, 2467, 2468, 2469, 2470, 2471, 2472, 2473, 2474, 2475, 2476, 2477, 2478, 2479, 2480, 2481, 2482, 2483, 2484, 2485, 2486, 2487, 2488, 2489, 2490, 2491, 2492, 2493, 2494, 2495, 2496, 2497, 2498, 2499, 2500, 2501, 2502, 2503, 2504, 2505, 2506, 2507, 2508, 2509, 2510, 2511, 2512, 2513, 2514, 2515, 2516, 2517, 2518, 2519, 2520, 2521, 2522, 2523, 2524, 2525, 2526, 2527, 2528, 2529, 2530, 2531, 2532, 2533, 2534, 2535, 2536, 2537, 2538, 2539, 2540, 2541, 2542, 2543, 2544, 2545, 2546, 2547, 2548, 2549, 2550, 2551, 2552, 2553, 2554, 2555, 2556, 2557, 2558, 2559, 2560, 2561, 2562, 2563, 2564, 2565, 2566, 2567, 2568, 2569, 2570, 2571, 2572, 2573, 2574, 2575, 2576, 2577, 2578, 2579, 2580, 2581, 2582, 2583, 2584, 2585, 2586, 2587, 2588, 2589, 2590, 2591, 2592, 2593, 2594, 2595, 2596, 2597, 2598, 2599, 2600, 2601, 2602, 2603, 2604, 2605, 2606, 2607, 2608, 2609, 2610, 2611, 2612, 2613, 2614, 2615, 2616, 2617, 2618, 2619]
                    rel material:binding = </World/BatteryWorkcell/Table/Looks/DarkEdge>
                }

                def GeomSubset "SlotRim" (
                    prepend apiSchemas = ["MaterialBindingAPI"]
                )
                {
                    uniform token elementType = "face"
                    uniform token familyName = "materialBind"
                    int[] indices = [524, 525, 526, 527, 528, 529, 530, 531, 532, 533, 534, 535, 536, 537, 538, 539, 540, 541, 542, 543, 544, 545, 546, 547, 548, 549, 550, 551, 552, 553, 554, 555, 556, 557, 558, 559, 560, 561, 562, 563, 564, 565, 566, 567, 568, 569, 570, 571, 572, 573, 574, 575, 576, 577, 578, 579, 580, 581, 582, 583, 584, 585, 586, 587, 588, 589, 590, 591, 592, 593, 594, 595, 596, 597, 598, 599, 600, 601, 602, 603, 604, 605, 606, 607, 608, 609, 610, 611, 612, 613, 614, 615, 616, 617, 618, 619, 620, 621, 622, 623, 624, 625, 626, 627, 628, 629, 630, 631, 632, 633, 634, 635, 636, 637, 638, 639, 640, 641, 642, 643, 644, 645, 646, 647, 648, 649, 650, 651, 652, 653, 654, 655, 656, 657, 658, 659, 660, 661, 662, 663, 664, 665, 666, 667, 668, 669, 670, 671, 672, 673, 674, 675, 676, 677, 678, 679, 680, 681, 682, 683, 684, 685, 686, 687, 688, 689, 690, 691, 692, 693, 694, 695, 696, 697, 698, 699, 700, 701, 702, 703, 704, 705, 706, 707, 708, 709, 710, 711, 712, 713, 714, 715, 716, 717, 718, 719, 720, 721, 722, 723, 724, 725, 726, 727, 728, 729, 730, 731, 732, 733, 734, 735, 736, 737, 738, 739, 740, 741, 742, 743, 744, 745, 746, 747, 748, 749, 750, 751, 752, 753, 754, 755, 756, 757, 758, 759, 760, 761, 762, 763, 764, 765, 766, 767, 768, 769, 770, 771, 772, 773, 774, 775, 776, 777, 778, 779, 780, 781, 782, 783, 784, 785, 786, 787, 788, 789, 790, 791, 792, 793, 794, 795, 796, 797, 798, 799, 800, 801, 802, 803, 804, 805, 806, 807, 808, 809, 810, 811, 812, 813, 814, 815, 816, 817, 818, 819, 820, 821, 822, 823, 824, 825, 826, 827, 828, 829, 830, 831, 832, 833, 834, 835, 836, 837, 838, 839, 840, 841, 842, 843, 844, 845, 846, 847, 848, 849, 850, 851, 852, 853, 854, 855, 856, 857, 858, 859, 860, 861, 862, 863, 864, 865, 866, 867, 868, 869, 870, 871, 872, 873, 874, 875, 876, 877, 878, 879, 880, 881, 882, 883, 884, 885, 886, 887, 888, 889, 890, 891, 892, 893, 894, 895, 896, 897, 898, 899, 900, 901, 902, 903, 904, 905, 906, 907, 908, 909, 910, 911, 912, 913, 914, 915, 916, 917, 918, 919, 920, 921, 922, 923, 924, 925, 926, 927, 928, 929, 930, 931, 932, 933, 934, 935, 936, 937, 938, 939, 940, 941, 942, 943, 944, 945, 946, 947, 948, 949, 950, 951, 952, 953, 954, 955, 956, 957, 958, 959, 960, 961, 962, 963, 964, 965, 966, 967, 968, 969, 970, 971, 972, 973, 974, 975, 976, 977, 978, 979, 980, 981, 982, 983, 984, 985, 986, 987, 988, 989, 990, 991, 992, 993, 994, 995, 996, 997, 998, 999, 1000, 1001, 1002, 1003, 1004, 1005, 1006, 1007, 1008, 1009, 1010, 1011, 1012, 1013, 1014, 1015, 1016, 1017, 1018, 1019, 1020, 1021, 1022, 1023, 1024, 1025, 1026, 1027, 1028, 1029, 1030, 1031, 1032, 1033, 1034, 1035, 1036, 1037, 1038, 1039, 1040, 1041, 1042, 1043, 1044, 1045, 1046, 1047, 3144, 3145, 3146, 3147, 3148, 3149, 3150, 3151, 3152, 3153, 3154, 3155, 3156, 3157, 3158, 3159, 3160, 3161, 3162, 3163, 3164, 3165, 3166, 3167, 3168, 3169, 3170, 3171, 3172, 3173, 3174, 3175, 3176, 3177, 3178, 3179, 3180, 3181, 3182, 3183, 3184, 3185, 3186, 3187, 3188, 3189, 3190, 3191, 3192, 3193, 3194, 3195, 3196, 3197, 3198, 3199, 3200, 3201, 3202, 3203, 3204, 3205, 3206, 3207, 3208, 3209, 3210, 3211, 3212, 3213, 3214, 3215, 3216, 3217, 3218, 3219, 3220, 3221, 3222, 3223, 3224, 3225, 3226, 3227, 3228, 3229, 3230, 3231, 3232, 3233, 3234, 3235, 3236, 3237, 3238, 3239, 3240, 3241, 3242, 3243, 3244, 3245, 3246, 3247, 3248, 3249, 3250, 3251, 3252, 3253, 3254, 3255, 3256, 3257, 3258, 3259, 3260, 3261, 3262, 3263, 3264, 3265, 3266, 3267, 3268, 3269, 3270, 3271, 3272, 3273, 3274, 3275, 3276, 3277, 3278, 3279, 3280, 3281, 3282, 3283, 3284, 3285, 3286, 3287, 3288, 3289, 3290, 3291, 3292, 3293, 3294, 3295, 3296, 3297, 3298, 3299, 3300, 3301, 3302, 3303, 3304, 3305, 3306, 3307, 3308, 3309, 3310, 3311, 3312, 3313, 3314, 3315, 3316, 3317, 3318, 3319, 3320, 3321, 3322, 3323, 3324, 3325, 3326, 3327, 3328, 3329, 3330, 3331, 3332, 3333, 3334, 3335, 3336, 3337, 3338, 3339, 3340, 3341, 3342, 3343, 3344, 3345, 3346, 3347, 3348, 3349, 3350, 3351, 3352, 3353, 3354, 3355, 3356, 3357, 3358, 3359, 3360, 3361, 3362, 3363, 3364, 3365, 3366, 3367, 3368, 3369, 3370, 3371, 3372, 3373, 3374, 3375, 3376, 3377, 3378, 3379, 3380, 3381, 3382, 3383, 3384, 3385, 3386, 3387, 3388, 3389, 3390, 3391, 3392, 3393, 3394, 3395, 3396, 3397, 3398, 3399, 3400, 3401, 3402, 3403, 3404, 3405, 3406, 3407, 3408, 3409, 3410, 3411, 3412, 3413, 3414, 3415, 3416, 3417, 3418, 3419, 3420, 3421, 3422, 3423, 3424, 3425, 3426, 3427, 3428, 3429, 3430, 3431, 3432, 3433, 3434, 3435, 3436, 3437, 3438, 3439, 3440, 3441, 3442, 3443, 3444, 3445, 3446, 3447, 3448, 3449, 3450, 3451, 3452, 3453, 3454, 3455, 3456, 3457, 3458, 3459, 3460, 3461, 3462, 3463, 3464, 3465, 3466, 3467, 3468, 3469, 3470, 3471, 3472, 3473, 3474, 3475, 3476, 3477, 3478, 3479, 3480, 3481, 3482, 3483, 3484, 3485, 3486, 3487, 3488, 3489, 3490, 3491, 3492, 3493, 3494, 3495, 3496, 3497, 3498, 3499, 3500, 3501, 3502, 3503, 3504, 3505, 3506, 3507, 3508, 3509, 3510, 3511, 3512, 3513, 3514, 3515, 3516, 3517, 3518, 3519, 3520, 3521, 3522, 3523, 3524, 3525, 3526, 3527, 3528, 3529, 3530, 3531, 3532, 3533, 3534, 3535, 3536, 3537, 3538, 3539, 3540, 3541, 3542, 3543, 3544, 3545, 3546, 3547, 3548, 3549, 3550, 3551, 3552, 3553, 3554, 3555, 3556, 3557, 3558, 3559, 3560, 3561, 3562, 3563, 3564, 3565, 3566, 3567, 3568, 3569, 3570, 3571, 3572, 3573, 3574, 3575, 3576, 3577, 3578, 3579, 3580, 3581, 3582, 3583, 3584, 3585, 3586, 3587, 3588, 3589, 3590, 3591, 3592, 3593, 3594, 3595, 3596, 3597, 3598, 3599, 3600, 3601, 3602, 3603, 3604, 3605, 3606, 3607, 3608, 3609, 3610, 3611, 3612, 3613, 3614, 3615, 3616, 3617, 3618, 3619, 3620, 3621, 3622, 3623, 3624, 3625, 3626, 3627, 3628, 3629, 3630, 3631, 3632, 3633, 3634, 3635, 3636, 3637, 3638, 3639, 3640, 3641, 3642, 3643, 3644, 3645, 3646, 3647, 3648, 3649, 3650, 3651, 3652, 3653, 3654, 3655, 3656, 3657, 3658, 3659, 3660, 3661, 3662, 3663, 3664, 3665, 3666, 3667]
                    rel material:binding = </World/BatteryWorkcell/Table/Looks/SlotRim>
                }
            }

            def Mesh "Leg_L_Front" (
                prepend apiSchemas = ["MaterialBindingAPI", "PhysicsCollisionAPI", "PhysicsMeshCollisionAPI", "PhysxCollisionAPI"]
            )
            {
                float3[] extent = [(-0.534, -0.269, 0), (-0.498, -0.233, 0.716)]
                int[] faceVertexCounts = [3, 3, 3, 3, 3, 3, 3, 3, 3, 3, 3, 3, 3, 3, 3, 3, 3, 3, 3, 3, 3, 3, 3, 3, 3, 3, 3, 3, 3, 3, 3, 3, 3, 3, 3, 3, 3, 3, 3, 3, 3, 3, 3, 3, 3, 3, 3, 3, 3, 3, 3, 3, 3, 3, 3, 3, 3, 3, 3, 3, 3, 3, 3, 3, 3, 3, 3, 3, 3, 3, 3, 3, 3, 3, 3, 3, 3, 3, 3, 3, 3, 3, 3, 3, 3, 3, 3, 3, 3, 3, 3, 3, 3, 3, 3, 3, 3, 3, 3, 3, 3, 3, 3, 3, 3, 3, 3, 3, 3, 3, 3, 3, 3, 3, 3, 3, 3, 3, 3, 3, 3, 3, 3, 3, 3, 3, 3, 3, 3, 3, 3, 3, 3, 3, 3, 3, 3, 3, 3, 3]
                int[] faceVertexIndices = [0, 1, 37, 0, 37, 36, 1, 2, 38, 1, 38, 37, 2, 3, 39, 2, 39, 38, 3, 4, 40, 3, 40, 39, 4, 5, 41, 4, 41, 40, 5, 6, 42, 5, 42, 41, 6, 7, 43, 6, 43, 42, 7, 8, 44, 7, 44, 43, 8, 9, 45, 8, 45, 44, 9, 10, 46, 9, 46, 45, 10, 11, 47, 10, 47, 46, 11, 12, 48, 11, 48, 47, 12, 13, 49, 12, 49, 48, 13, 14, 50, 13, 50, 49, 14, 15, 51, 14, 51, 50, 15, 16, 52, 15, 52, 51, 16, 17, 53, 16, 53, 52, 17, 18, 54, 17, 54, 53, 18, 19, 55, 18, 55, 54, 19, 20, 56, 19, 56, 55, 20, 21, 57, 20, 57, 56, 21, 22, 58, 21, 58, 57, 22, 23, 59, 22, 59, 58, 23, 24, 60, 23, 60, 59, 24, 25, 61, 24, 61, 60, 25, 26, 62, 25, 62, 61, 26, 27, 63, 26, 63, 62, 27, 28, 64, 27, 64, 63, 28, 29, 65, 28, 65, 64, 29, 30, 66, 29, 66, 65, 30, 31, 67, 30, 67, 66, 31, 32, 68, 31, 68, 67, 32, 33, 69, 32, 69, 68, 33, 34, 70, 33, 70, 69, 34, 35, 71, 34, 71, 70, 35, 0, 36, 35, 36, 71, 0, 2, 1, 0, 3, 2, 0, 4, 3, 0, 5, 4, 0, 6, 5, 0, 7, 6, 0, 8, 7, 0, 9, 8, 0, 10, 9, 0, 11, 10, 0, 12, 11, 0, 13, 12, 0, 14, 13, 0, 15, 14, 0, 16, 15, 0, 17, 16, 0, 18, 17, 0, 19, 18, 0, 20, 19, 0, 21, 20, 0, 22, 21, 0, 23, 22, 0, 24, 23, 0, 25, 24, 0, 26, 25, 0, 27, 26, 0, 28, 27, 0, 29, 28, 0, 30, 29, 0, 31, 30, 0, 32, 31, 0, 33, 32, 0, 34, 33, 0, 35, 34, 36, 37, 38, 36, 38, 39, 36, 39, 40, 36, 40, 41, 36, 41, 42, 36, 42, 43, 36, 43, 44, 36, 44, 45, 36, 45, 46, 36, 46, 47, 36, 47, 48, 36, 48, 49, 36, 49, 50, 36, 50, 51, 36, 51, 52, 36, 52, 53, 36, 53, 54, 36, 54, 55, 36, 55, 56, 36, 56, 57, 36, 57, 58, 36, 58, 59, 36, 59, 60, 36, 60, 61, 36, 61, 62, 36, 62, 63, 36, 63, 64, 36, 64, 65, 36, 65, 66, 36, 66, 67, 36, 67, 68, 36, 68, 69, 36, 69, 70, 36, 70, 71]
                rel material:binding = </World/BatteryWorkcell/Table/Looks/White>
                rel material:binding:physics = </World/BatteryWorkcell/Table/Looks/LaminatePhysics> (
                    bindMaterialAs = "weakerThanDescendants"
                )
                uniform token orientation = "rightHanded"
                uniform token physics:approximation = "none"
                bool physics:collisionEnabled = 1
                custom float physxCollision:contactOffset = 0.001
                custom float physxCollision:restOffset = 0
                point3f[] points = [(-0.50124, -0.24444, 0), (-0.50139755, -0.24284026, 0), (-0.5018642, -0.241302, 0), (-0.50262195, -0.23988432, 0), (-0.5036417, -0.23864172, 0), (-0.5048843, -0.23762195, 0), (-0.506302, -0.2368642, 0), (-0.5078403, -0.23639756, 0), (-0.50944, -0.23624, 0), (-0.52256, -0.23624, 0), (-0.5241597, -0.23639756, 0), (-0.525698, -0.2368642, 0), (-0.5271157, -0.23762195, 0), (-0.5283583, -0.23864172, 0), (-0.52937806, -0.23988432, 0), (-0.5301358, -0.241302, 0), (-0.53060246, -0.24284026, 0), (-0.53076, -0.24444, 0), (-0.53076, -0.25756, 0), (-0.53060246, -0.25915974, 0), (-0.5301358, -0.260698, 0), (-0.52937806, -0.2621157, 0), (-0.5283583, -0.26335827, 0), (-0.5271157, -0.26437804, 0), (-0.525698, -0.26513582, 0), (-0.5241597, -0.26560244, 0), (-0.52256, -0.26576, 0), (-0.50944, -0.26576, 0), (-0.5078403, -0.26560244, 0), (-0.506302, -0.26513582, 0), (-0.5048843, -0.26437804, 0), (-0.5036417, -0.26335827, 0), (-0.50262195, -0.2621157, 0), (-0.5018642, -0.260698, 0), (-0.50139755, -0.25915974, 0), (-0.50124, -0.25756, 0), (-0.498, -0.243, 0.716), (-0.49819216, -0.2410491, 0.716), (-0.4987612, -0.23917316, 0.716), (-0.49968532, -0.2374443, 0.716), (-0.50092894, -0.23592894, 0.716), (-0.5024443, -0.2346853, 0.716), (-0.50417316, -0.2337612, 0.716), (-0.5060491, -0.23319215, 0.716), (-0.508, -0.233, 0.716), (-0.524, -0.233, 0.716), (-0.5259509, -0.23319215, 0.716), (-0.52782685, -0.2337612, 0.716), (-0.5295557, -0.2346853, 0.716), (-0.53107107, -0.23592894, 0.716), (-0.5323147, -0.2374443, 0.716), (-0.53323877, -0.23917316, 0.716), (-0.5338079, -0.2410491, 0.716), (-0.534, -0.243, 0.716), (-0.534, -0.259, 0.716), (-0.5338079, -0.2609509, 0.716), (-0.53323877, -0.26282683, 0.716), (-0.5323147, -0.2645557, 0.716), (-0.53107107, -0.26607108, 0.716), (-0.5295557, -0.2673147, 0.716), (-0.52782685, -0.26823878, 0.716), (-0.5259509, -0.26880786, 0.716), (-0.524, -0.269, 0.716), (-0.508, -0.269, 0.716), (-0.5060491, -0.26880786, 0.716), (-0.50417316, -0.26823878, 0.716), (-0.5024443, -0.2673147, 0.716), (-0.50092894, -0.26607108, 0.716), (-0.49968532, -0.2645557, 0.716), (-0.4987612, -0.26282683, 0.716), (-0.49819216, -0.2609509, 0.716), (-0.498, -0.259, 0.716)]
                uniform token subdivisionScheme = "none"
            }

            def Mesh "Leg_L_Back" (
                prepend apiSchemas = ["MaterialBindingAPI", "PhysicsCollisionAPI", "PhysicsMeshCollisionAPI", "PhysxCollisionAPI"]
            )
            {
                float3[] extent = [(-0.534, 0.233, 0), (-0.498, 0.269, 0.716)]
                int[] faceVertexCounts = [3, 3, 3, 3, 3, 3, 3, 3, 3, 3, 3, 3, 3, 3, 3, 3, 3, 3, 3, 3, 3, 3, 3, 3, 3, 3, 3, 3, 3, 3, 3, 3, 3, 3, 3, 3, 3, 3, 3, 3, 3, 3, 3, 3, 3, 3, 3, 3, 3, 3, 3, 3, 3, 3, 3, 3, 3, 3, 3, 3, 3, 3, 3, 3, 3, 3, 3, 3, 3, 3, 3, 3, 3, 3, 3, 3, 3, 3, 3, 3, 3, 3, 3, 3, 3, 3, 3, 3, 3, 3, 3, 3, 3, 3, 3, 3, 3, 3, 3, 3, 3, 3, 3, 3, 3, 3, 3, 3, 3, 3, 3, 3, 3, 3, 3, 3, 3, 3, 3, 3, 3, 3, 3, 3, 3, 3, 3, 3, 3, 3, 3, 3, 3, 3, 3, 3, 3, 3, 3, 3]
                int[] faceVertexIndices = [0, 1, 37, 0, 37, 36, 1, 2, 38, 1, 38, 37, 2, 3, 39, 2, 39, 38, 3, 4, 40, 3, 40, 39, 4, 5, 41, 4, 41, 40, 5, 6, 42, 5, 42, 41, 6, 7, 43, 6, 43, 42, 7, 8, 44, 7, 44, 43, 8, 9, 45, 8, 45, 44, 9, 10, 46, 9, 46, 45, 10, 11, 47, 10, 47, 46, 11, 12, 48, 11, 48, 47, 12, 13, 49, 12, 49, 48, 13, 14, 50, 13, 50, 49, 14, 15, 51, 14, 51, 50, 15, 16, 52, 15, 52, 51, 16, 17, 53, 16, 53, 52, 17, 18, 54, 17, 54, 53, 18, 19, 55, 18, 55, 54, 19, 20, 56, 19, 56, 55, 20, 21, 57, 20, 57, 56, 21, 22, 58, 21, 58, 57, 22, 23, 59, 22, 59, 58, 23, 24, 60, 23, 60, 59, 24, 25, 61, 24, 61, 60, 25, 26, 62, 25, 62, 61, 26, 27, 63, 26, 63, 62, 27, 28, 64, 27, 64, 63, 28, 29, 65, 28, 65, 64, 29, 30, 66, 29, 66, 65, 30, 31, 67, 30, 67, 66, 31, 32, 68, 31, 68, 67, 32, 33, 69, 32, 69, 68, 33, 34, 70, 33, 70, 69, 34, 35, 71, 34, 71, 70, 35, 0, 36, 35, 36, 71, 0, 2, 1, 0, 3, 2, 0, 4, 3, 0, 5, 4, 0, 6, 5, 0, 7, 6, 0, 8, 7, 0, 9, 8, 0, 10, 9, 0, 11, 10, 0, 12, 11, 0, 13, 12, 0, 14, 13, 0, 15, 14, 0, 16, 15, 0, 17, 16, 0, 18, 17, 0, 19, 18, 0, 20, 19, 0, 21, 20, 0, 22, 21, 0, 23, 22, 0, 24, 23, 0, 25, 24, 0, 26, 25, 0, 27, 26, 0, 28, 27, 0, 29, 28, 0, 30, 29, 0, 31, 30, 0, 32, 31, 0, 33, 32, 0, 34, 33, 0, 35, 34, 36, 37, 38, 36, 38, 39, 36, 39, 40, 36, 40, 41, 36, 41, 42, 36, 42, 43, 36, 43, 44, 36, 44, 45, 36, 45, 46, 36, 46, 47, 36, 47, 48, 36, 48, 49, 36, 49, 50, 36, 50, 51, 36, 51, 52, 36, 52, 53, 36, 53, 54, 36, 54, 55, 36, 55, 56, 36, 56, 57, 36, 57, 58, 36, 58, 59, 36, 59, 60, 36, 60, 61, 36, 61, 62, 36, 62, 63, 36, 63, 64, 36, 64, 65, 36, 65, 66, 36, 66, 67, 36, 67, 68, 36, 68, 69, 36, 69, 70, 36, 70, 71]
                rel material:binding = </World/BatteryWorkcell/Table/Looks/White>
                rel material:binding:physics = </World/BatteryWorkcell/Table/Looks/LaminatePhysics> (
                    bindMaterialAs = "weakerThanDescendants"
                )
                uniform token orientation = "rightHanded"
                uniform token physics:approximation = "none"
                bool physics:collisionEnabled = 1
                custom float physxCollision:contactOffset = 0.001
                custom float physxCollision:restOffset = 0
                point3f[] points = [(-0.50124, 0.25756, 0), (-0.50139755, 0.25915974, 0), (-0.5018642, 0.260698, 0), (-0.50262195, 0.2621157, 0), (-0.5036417, 0.26335827, 0), (-0.5048843, 0.26437804, 0), (-0.506302, 0.26513582, 0), (-0.5078403, 0.26560244, 0), (-0.50944, 0.26576, 0), (-0.52256, 0.26576, 0), (-0.5241597, 0.26560244, 0), (-0.525698, 0.26513582, 0), (-0.5271157, 0.26437804, 0), (-0.5283583, 0.26335827, 0), (-0.52937806, 0.2621157, 0), (-0.5301358, 0.260698, 0), (-0.53060246, 0.25915974, 0), (-0.53076, 0.25756, 0), (-0.53076, 0.24444, 0), (-0.53060246, 0.24284026, 0), (-0.5301358, 0.241302, 0), (-0.52937806, 0.23988432, 0), (-0.5283583, 0.23864172, 0), (-0.5271157, 0.23762195, 0), (-0.525698, 0.2368642, 0), (-0.5241597, 0.23639756, 0), (-0.52256, 0.23624, 0), (-0.50944, 0.23624, 0), (-0.5078403, 0.23639756, 0), (-0.506302, 0.2368642, 0), (-0.5048843, 0.23762195, 0), (-0.5036417, 0.23864172, 0), (-0.50262195, 0.23988432, 0), (-0.5018642, 0.241302, 0), (-0.50139755, 0.24284026, 0), (-0.50124, 0.24444, 0), (-0.498, 0.259, 0.716), (-0.49819216, 0.2609509, 0.716), (-0.4987612, 0.26282683, 0.716), (-0.49968532, 0.2645557, 0.716), (-0.50092894, 0.26607108, 0.716), (-0.5024443, 0.2673147, 0.716), (-0.50417316, 0.26823878, 0.716), (-0.5060491, 0.26880786, 0.716), (-0.508, 0.269, 0.716), (-0.524, 0.269, 0.716), (-0.5259509, 0.26880786, 0.716), (-0.52782685, 0.26823878, 0.716), (-0.5295557, 0.2673147, 0.716), (-0.53107107, 0.26607108, 0.716), (-0.5323147, 0.2645557, 0.716), (-0.53323877, 0.26282683, 0.716), (-0.5338079, 0.2609509, 0.716), (-0.534, 0.259, 0.716), (-0.534, 0.243, 0.716), (-0.5338079, 0.2410491, 0.716), (-0.53323877, 0.23917316, 0.716), (-0.5323147, 0.2374443, 0.716), (-0.53107107, 0.23592894, 0.716), (-0.5295557, 0.2346853, 0.716), (-0.52782685, 0.2337612, 0.716), (-0.5259509, 0.23319215, 0.716), (-0.524, 0.233, 0.716), (-0.508, 0.233, 0.716), (-0.5060491, 0.23319215, 0.716), (-0.50417316, 0.2337612, 0.716), (-0.5024443, 0.2346853, 0.716), (-0.50092894, 0.23592894, 0.716), (-0.49968532, 0.2374443, 0.716), (-0.4987612, 0.23917316, 0.716), (-0.49819216, 0.2410491, 0.716), (-0.498, 0.243, 0.716)]
                uniform token subdivisionScheme = "none"
            }

            def Mesh "Leg_R_Front" (
                prepend apiSchemas = ["MaterialBindingAPI", "PhysicsCollisionAPI", "PhysicsMeshCollisionAPI", "PhysxCollisionAPI"]
            )
            {
                float3[] extent = [(0.498, -0.269, 0), (0.534, -0.233, 0.716)]
                int[] faceVertexCounts = [3, 3, 3, 3, 3, 3, 3, 3, 3, 3, 3, 3, 3, 3, 3, 3, 3, 3, 3, 3, 3, 3, 3, 3, 3, 3, 3, 3, 3, 3, 3, 3, 3, 3, 3, 3, 3, 3, 3, 3, 3, 3, 3, 3, 3, 3, 3, 3, 3, 3, 3, 3, 3, 3, 3, 3, 3, 3, 3, 3, 3, 3, 3, 3, 3, 3, 3, 3, 3, 3, 3, 3, 3, 3, 3, 3, 3, 3, 3, 3, 3, 3, 3, 3, 3, 3, 3, 3, 3, 3, 3, 3, 3, 3, 3, 3, 3, 3, 3, 3, 3, 3, 3, 3, 3, 3, 3, 3, 3, 3, 3, 3, 3, 3, 3, 3, 3, 3, 3, 3, 3, 3, 3, 3, 3, 3, 3, 3, 3, 3, 3, 3, 3, 3, 3, 3, 3, 3, 3, 3]
                int[] faceVertexIndices = [0, 1, 37, 0, 37, 36, 1, 2, 38, 1, 38, 37, 2, 3, 39, 2, 39, 38, 3, 4, 40, 3, 40, 39, 4, 5, 41, 4, 41, 40, 5, 6, 42, 5, 42, 41, 6, 7, 43, 6, 43, 42, 7, 8, 44, 7, 44, 43, 8, 9, 45, 8, 45, 44, 9, 10, 46, 9, 46, 45, 10, 11, 47, 10, 47, 46, 11, 12, 48, 11, 48, 47, 12, 13, 49, 12, 49, 48, 13, 14, 50, 13, 50, 49, 14, 15, 51, 14, 51, 50, 15, 16, 52, 15, 52, 51, 16, 17, 53, 16, 53, 52, 17, 18, 54, 17, 54, 53, 18, 19, 55, 18, 55, 54, 19, 20, 56, 19, 56, 55, 20, 21, 57, 20, 57, 56, 21, 22, 58, 21, 58, 57, 22, 23, 59, 22, 59, 58, 23, 24, 60, 23, 60, 59, 24, 25, 61, 24, 61, 60, 25, 26, 62, 25, 62, 61, 26, 27, 63, 26, 63, 62, 27, 28, 64, 27, 64, 63, 28, 29, 65, 28, 65, 64, 29, 30, 66, 29, 66, 65, 30, 31, 67, 30, 67, 66, 31, 32, 68, 31, 68, 67, 32, 33, 69, 32, 69, 68, 33, 34, 70, 33, 70, 69, 34, 35, 71, 34, 71, 70, 35, 0, 36, 35, 36, 71, 0, 2, 1, 0, 3, 2, 0, 4, 3, 0, 5, 4, 0, 6, 5, 0, 7, 6, 0, 8, 7, 0, 9, 8, 0, 10, 9, 0, 11, 10, 0, 12, 11, 0, 13, 12, 0, 14, 13, 0, 15, 14, 0, 16, 15, 0, 17, 16, 0, 18, 17, 0, 19, 18, 0, 20, 19, 0, 21, 20, 0, 22, 21, 0, 23, 22, 0, 24, 23, 0, 25, 24, 0, 26, 25, 0, 27, 26, 0, 28, 27, 0, 29, 28, 0, 30, 29, 0, 31, 30, 0, 32, 31, 0, 33, 32, 0, 34, 33, 0, 35, 34, 36, 37, 38, 36, 38, 39, 36, 39, 40, 36, 40, 41, 36, 41, 42, 36, 42, 43, 36, 43, 44, 36, 44, 45, 36, 45, 46, 36, 46, 47, 36, 47, 48, 36, 48, 49, 36, 49, 50, 36, 50, 51, 36, 51, 52, 36, 52, 53, 36, 53, 54, 36, 54, 55, 36, 55, 56, 36, 56, 57, 36, 57, 58, 36, 58, 59, 36, 59, 60, 36, 60, 61, 36, 61, 62, 36, 62, 63, 36, 63, 64, 36, 64, 65, 36, 65, 66, 36, 66, 67, 36, 67, 68, 36, 68, 69, 36, 69, 70, 36, 70, 71]
                rel material:binding = </World/BatteryWorkcell/Table/Looks/White>
                rel material:binding:physics = </World/BatteryWorkcell/Table/Looks/LaminatePhysics> (
                    bindMaterialAs = "weakerThanDescendants"
                )
                uniform token orientation = "rightHanded"
                uniform token physics:approximation = "none"
                bool physics:collisionEnabled = 1
                custom float physxCollision:contactOffset = 0.001
                custom float physxCollision:restOffset = 0
                point3f[] points = [(0.53076, -0.24444, 0), (0.53060246, -0.24284026, 0), (0.5301358, -0.241302, 0), (0.52937806, -0.23988432, 0), (0.5283583, -0.23864172, 0), (0.5271157, -0.23762195, 0), (0.525698, -0.2368642, 0), (0.5241597, -0.23639756, 0), (0.52256, -0.23624, 0), (0.50944, -0.23624, 0), (0.5078403, -0.23639756, 0), (0.506302, -0.2368642, 0), (0.5048843, -0.23762195, 0), (0.5036417, -0.23864172, 0), (0.50262195, -0.23988432, 0), (0.5018642, -0.241302, 0), (0.50139755, -0.24284026, 0), (0.50124, -0.24444, 0), (0.50124, -0.25756, 0), (0.50139755, -0.25915974, 0), (0.5018642, -0.260698, 0), (0.50262195, -0.2621157, 0), (0.5036417, -0.26335827, 0), (0.5048843, -0.26437804, 0), (0.506302, -0.26513582, 0), (0.5078403, -0.26560244, 0), (0.50944, -0.26576, 0), (0.52256, -0.26576, 0), (0.5241597, -0.26560244, 0), (0.525698, -0.26513582, 0), (0.5271157, -0.26437804, 0), (0.5283583, -0.26335827, 0), (0.52937806, -0.2621157, 0), (0.5301358, -0.260698, 0), (0.53060246, -0.25915974, 0), (0.53076, -0.25756, 0), (0.534, -0.243, 0.716), (0.5338079, -0.2410491, 0.716), (0.53323877, -0.23917316, 0.716), (0.5323147, -0.2374443, 0.716), (0.53107107, -0.23592894, 0.716), (0.5295557, -0.2346853, 0.716), (0.52782685, -0.2337612, 0.716), (0.5259509, -0.23319215, 0.716), (0.524, -0.233, 0.716), (0.508, -0.233, 0.716), (0.5060491, -0.23319215, 0.716), (0.50417316, -0.2337612, 0.716), (0.5024443, -0.2346853, 0.716), (0.50092894, -0.23592894, 0.716), (0.49968532, -0.2374443, 0.716), (0.4987612, -0.23917316, 0.716), (0.49819216, -0.2410491, 0.716), (0.498, -0.243, 0.716), (0.498, -0.259, 0.716), (0.49819216, -0.2609509, 0.716), (0.4987612, -0.26282683, 0.716), (0.49968532, -0.2645557, 0.716), (0.50092894, -0.26607108, 0.716), (0.5024443, -0.2673147, 0.716), (0.50417316, -0.26823878, 0.716), (0.5060491, -0.26880786, 0.716), (0.508, -0.269, 0.716), (0.524, -0.269, 0.716), (0.5259509, -0.26880786, 0.716), (0.52782685, -0.26823878, 0.716), (0.5295557, -0.2673147, 0.716), (0.53107107, -0.26607108, 0.716), (0.5323147, -0.2645557, 0.716), (0.53323877, -0.26282683, 0.716), (0.5338079, -0.2609509, 0.716), (0.534, -0.259, 0.716)]
                uniform token subdivisionScheme = "none"
            }

            def Mesh "Leg_R_Back" (
                prepend apiSchemas = ["MaterialBindingAPI", "PhysicsCollisionAPI", "PhysicsMeshCollisionAPI", "PhysxCollisionAPI"]
            )
            {
                float3[] extent = [(0.498, 0.233, 0), (0.534, 0.269, 0.716)]
                int[] faceVertexCounts = [3, 3, 3, 3, 3, 3, 3, 3, 3, 3, 3, 3, 3, 3, 3, 3, 3, 3, 3, 3, 3, 3, 3, 3, 3, 3, 3, 3, 3, 3, 3, 3, 3, 3, 3, 3, 3, 3, 3, 3, 3, 3, 3, 3, 3, 3, 3, 3, 3, 3, 3, 3, 3, 3, 3, 3, 3, 3, 3, 3, 3, 3, 3, 3, 3, 3, 3, 3, 3, 3, 3, 3, 3, 3, 3, 3, 3, 3, 3, 3, 3, 3, 3, 3, 3, 3, 3, 3, 3, 3, 3, 3, 3, 3, 3, 3, 3, 3, 3, 3, 3, 3, 3, 3, 3, 3, 3, 3, 3, 3, 3, 3, 3, 3, 3, 3, 3, 3, 3, 3, 3, 3, 3, 3, 3, 3, 3, 3, 3, 3, 3, 3, 3, 3, 3, 3, 3, 3, 3, 3]
                int[] faceVertexIndices = [0, 1, 37, 0, 37, 36, 1, 2, 38, 1, 38, 37, 2, 3, 39, 2, 39, 38, 3, 4, 40, 3, 40, 39, 4, 5, 41, 4, 41, 40, 5, 6, 42, 5, 42, 41, 6, 7, 43, 6, 43, 42, 7, 8, 44, 7, 44, 43, 8, 9, 45, 8, 45, 44, 9, 10, 46, 9, 46, 45, 10, 11, 47, 10, 47, 46, 11, 12, 48, 11, 48, 47, 12, 13, 49, 12, 49, 48, 13, 14, 50, 13, 50, 49, 14, 15, 51, 14, 51, 50, 15, 16, 52, 15, 52, 51, 16, 17, 53, 16, 53, 52, 17, 18, 54, 17, 54, 53, 18, 19, 55, 18, 55, 54, 19, 20, 56, 19, 56, 55, 20, 21, 57, 20, 57, 56, 21, 22, 58, 21, 58, 57, 22, 23, 59, 22, 59, 58, 23, 24, 60, 23, 60, 59, 24, 25, 61, 24, 61, 60, 25, 26, 62, 25, 62, 61, 26, 27, 63, 26, 63, 62, 27, 28, 64, 27, 64, 63, 28, 29, 65, 28, 65, 64, 29, 30, 66, 29, 66, 65, 30, 31, 67, 30, 67, 66, 31, 32, 68, 31, 68, 67, 32, 33, 69, 32, 69, 68, 33, 34, 70, 33, 70, 69, 34, 35, 71, 34, 71, 70, 35, 0, 36, 35, 36, 71, 0, 2, 1, 0, 3, 2, 0, 4, 3, 0, 5, 4, 0, 6, 5, 0, 7, 6, 0, 8, 7, 0, 9, 8, 0, 10, 9, 0, 11, 10, 0, 12, 11, 0, 13, 12, 0, 14, 13, 0, 15, 14, 0, 16, 15, 0, 17, 16, 0, 18, 17, 0, 19, 18, 0, 20, 19, 0, 21, 20, 0, 22, 21, 0, 23, 22, 0, 24, 23, 0, 25, 24, 0, 26, 25, 0, 27, 26, 0, 28, 27, 0, 29, 28, 0, 30, 29, 0, 31, 30, 0, 32, 31, 0, 33, 32, 0, 34, 33, 0, 35, 34, 36, 37, 38, 36, 38, 39, 36, 39, 40, 36, 40, 41, 36, 41, 42, 36, 42, 43, 36, 43, 44, 36, 44, 45, 36, 45, 46, 36, 46, 47, 36, 47, 48, 36, 48, 49, 36, 49, 50, 36, 50, 51, 36, 51, 52, 36, 52, 53, 36, 53, 54, 36, 54, 55, 36, 55, 56, 36, 56, 57, 36, 57, 58, 36, 58, 59, 36, 59, 60, 36, 60, 61, 36, 61, 62, 36, 62, 63, 36, 63, 64, 36, 64, 65, 36, 65, 66, 36, 66, 67, 36, 67, 68, 36, 68, 69, 36, 69, 70, 36, 70, 71]
                rel material:binding = </World/BatteryWorkcell/Table/Looks/White>
                rel material:binding:physics = </World/BatteryWorkcell/Table/Looks/LaminatePhysics> (
                    bindMaterialAs = "weakerThanDescendants"
                )
                uniform token orientation = "rightHanded"
                uniform token physics:approximation = "none"
                bool physics:collisionEnabled = 1
                custom float physxCollision:contactOffset = 0.001
                custom float physxCollision:restOffset = 0
                point3f[] points = [(0.53076, 0.25756, 0), (0.53060246, 0.25915974, 0), (0.5301358, 0.260698, 0), (0.52937806, 0.2621157, 0), (0.5283583, 0.26335827, 0), (0.5271157, 0.26437804, 0), (0.525698, 0.26513582, 0), (0.5241597, 0.26560244, 0), (0.52256, 0.26576, 0), (0.50944, 0.26576, 0), (0.5078403, 0.26560244, 0), (0.506302, 0.26513582, 0), (0.5048843, 0.26437804, 0), (0.5036417, 0.26335827, 0), (0.50262195, 0.2621157, 0), (0.5018642, 0.260698, 0), (0.50139755, 0.25915974, 0), (0.50124, 0.25756, 0), (0.50124, 0.24444, 0), (0.50139755, 0.24284026, 0), (0.5018642, 0.241302, 0), (0.50262195, 0.23988432, 0), (0.5036417, 0.23864172, 0), (0.5048843, 0.23762195, 0), (0.506302, 0.2368642, 0), (0.5078403, 0.23639756, 0), (0.50944, 0.23624, 0), (0.52256, 0.23624, 0), (0.5241597, 0.23639756, 0), (0.525698, 0.2368642, 0), (0.5271157, 0.23762195, 0), (0.5283583, 0.23864172, 0), (0.52937806, 0.23988432, 0), (0.5301358, 0.241302, 0), (0.53060246, 0.24284026, 0), (0.53076, 0.24444, 0), (0.534, 0.259, 0.716), (0.5338079, 0.2609509, 0.716), (0.53323877, 0.26282683, 0.716), (0.5323147, 0.2645557, 0.716), (0.53107107, 0.26607108, 0.716), (0.5295557, 0.2673147, 0.716), (0.52782685, 0.26823878, 0.716), (0.5259509, 0.26880786, 0.716), (0.524, 0.269, 0.716), (0.508, 0.269, 0.716), (0.5060491, 0.26880786, 0.716), (0.50417316, 0.26823878, 0.716), (0.5024443, 0.2673147, 0.716), (0.50092894, 0.26607108, 0.716), (0.49968532, 0.2645557, 0.716), (0.4987612, 0.26282683, 0.716), (0.49819216, 0.2609509, 0.716), (0.498, 0.259, 0.716), (0.498, 0.243, 0.716), (0.49819216, 0.2410491, 0.716), (0.4987612, 0.23917316, 0.716), (0.49968532, 0.2374443, 0.716), (0.50092894, 0.23592894, 0.716), (0.5024443, 0.2346853, 0.716), (0.50417316, 0.2337612, 0.716), (0.5060491, 0.23319215, 0.716), (0.508, 0.233, 0.716), (0.524, 0.233, 0.716), (0.5259509, 0.23319215, 0.716), (0.52782685, 0.2337612, 0.716), (0.5295557, 0.2346853, 0.716), (0.53107107, 0.23592894, 0.716), (0.5323147, 0.2374443, 0.716), (0.53323877, 0.23917316, 0.716), (0.5338079, 0.2410491, 0.716), (0.534, 0.243, 0.716)]
                uniform token subdivisionScheme = "none"
            }

            def Cube "ApronY_Front" (
                prepend apiSchemas = ["MaterialBindingAPI", "PhysicsCollisionAPI", "PhysxCollisionAPI"]
            )
            {
                rel material:binding = </World/BatteryWorkcell/Table/Looks/White>
                rel material:binding:physics = </World/BatteryWorkcell/Table/Looks/LaminatePhysics> (
                    bindMaterialAs = "weakerThanDescendants"
                )
                bool physics:collisionEnabled = 1
                custom float physxCollision:contactOffset = 0.001
                custom float physxCollision:restOffset = 0
                double size = 1
                float3 xformOp:scale = (1.04, 0.019, 0.036)
                double3 xformOp:translate = (0, -0.26099999999999995, 0.698)
                uniform token[] xformOpOrder = ["xformOp:translate", "xformOp:scale"]
            }

            def Cube "ApronY_Back" (
                prepend apiSchemas = ["MaterialBindingAPI", "PhysicsCollisionAPI", "PhysxCollisionAPI"]
            )
            {
                rel material:binding = </World/BatteryWorkcell/Table/Looks/White>
                rel material:binding:physics = </World/BatteryWorkcell/Table/Looks/LaminatePhysics> (
                    bindMaterialAs = "weakerThanDescendants"
                )
                bool physics:collisionEnabled = 1
                custom float physxCollision:contactOffset = 0.001
                custom float physxCollision:restOffset = 0
                double size = 1
                float3 xformOp:scale = (1.04, 0.019, 0.036)
                double3 xformOp:translate = (0, 0.26099999999999995, 0.698)
                uniform token[] xformOpOrder = ["xformOp:translate", "xformOp:scale"]
            }

            def Cube "ApronX_L" (
                prepend apiSchemas = ["MaterialBindingAPI", "PhysicsCollisionAPI", "PhysxCollisionAPI"]
            )
            {
                rel material:binding = </World/BatteryWorkcell/Table/Looks/White>
                rel material:binding:physics = </World/BatteryWorkcell/Table/Looks/LaminatePhysics> (
                    bindMaterialAs = "weakerThanDescendants"
                )
                bool physics:collisionEnabled = 1
                custom float physxCollision:contactOffset = 0.001
                custom float physxCollision:restOffset = 0
                double size = 1
                float3 xformOp:scale = (0.019, 0.51, 0.036)
                double3 xformOp:translate = (-0.526, 0, 0.698)
                uniform token[] xformOpOrder = ["xformOp:translate", "xformOp:scale"]
            }

            def Cube "ApronX_R" (
                prepend apiSchemas = ["MaterialBindingAPI", "PhysicsCollisionAPI", "PhysxCollisionAPI"]
            )
            {
                rel material:binding = </World/BatteryWorkcell/Table/Looks/White>
                rel material:binding:physics = </World/BatteryWorkcell/Table/Looks/LaminatePhysics> (
                    bindMaterialAs = "weakerThanDescendants"
                )
                bool physics:collisionEnabled = 1
                custom float physxCollision:contactOffset = 0.001
                custom float physxCollision:restOffset = 0
                double size = 1
                float3 xformOp:scale = (0.019, 0.51, 0.036)
                double3 xformOp:translate = (0.526, 0, 0.698)
                uniform token[] xformOpOrder = ["xformOp:translate", "xformOp:scale"]
            }

            def Cube "PhotoMarker_Left_0" (
                prepend apiSchemas = ["MaterialBindingAPI"]
            )
            {
                rel material:binding = </World/BatteryWorkcell/Table/Looks/MarkerRed>
                double size = 1
                float3 xformOp:scale = (0.0006, 0.017, 0.00004)
                double3 xformOp:translate = (-0.256, -0.27199999999999996, 0.74004)
                uniform token[] xformOpOrder = ["xformOp:translate", "xformOp:scale"]
            }

            def Cube "PhotoMarker_Left_1" (
                prepend apiSchemas = ["MaterialBindingAPI"]
            )
            {
                rel material:binding = </World/BatteryWorkcell/Table/Looks/MarkerRed>
                double size = 1
                float3 xformOp:scale = (0.0006, 0.017, 0.00004)
                double3 xformOp:translate = (-0.244, -0.27199999999999996, 0.74004)
                uniform token[] xformOpOrder = ["xformOp:translate", "xformOp:scale"]
            }

            def Cube "PhotoMarker_Left_2" (
                prepend apiSchemas = ["MaterialBindingAPI"]
            )
            {
                rel material:binding = </World/BatteryWorkcell/Table/Looks/MarkerRed>
                double size = 1
                float3 xformOp:scale = (0.012, 0.0006, 0.00004)
                double3 xformOp:translate = (-0.25, -0.28049999999999997, 0.74004)
                uniform token[] xformOpOrder = ["xformOp:translate", "xformOp:scale"]
            }

            def Cube "PhotoMarker_Left_3" (
                prepend apiSchemas = ["MaterialBindingAPI"]
            )
            {
                rel material:binding = </World/BatteryWorkcell/Table/Looks/MarkerRed>
                double size = 1
                float3 xformOp:scale = (0.012, 0.0006, 0.00004)
                double3 xformOp:translate = (-0.25, -0.26349999999999996, 0.74004)
                uniform token[] xformOpOrder = ["xformOp:translate", "xformOp:scale"]
            }

            def Cube "PhotoMarker_Right_0" (
                prepend apiSchemas = ["MaterialBindingAPI"]
            )
            {
                rel material:binding = </World/BatteryWorkcell/Table/Looks/MarkerRed>
                double size = 1
                float3 xformOp:scale = (0.0006, 0.017, 0.00004)
                double3 xformOp:translate = (0.244, -0.27199999999999996, 0.74004)
                uniform token[] xformOpOrder = ["xformOp:translate", "xformOp:scale"]
            }

            def Cube "PhotoMarker_Right_1" (
                prepend apiSchemas = ["MaterialBindingAPI"]
            )
            {
                rel material:binding = </World/BatteryWorkcell/Table/Looks/MarkerRed>
                double size = 1
                float3 xformOp:scale = (0.0006, 0.017, 0.00004)
                double3 xformOp:translate = (0.256, -0.27199999999999996, 0.74004)
                uniform token[] xformOpOrder = ["xformOp:translate", "xformOp:scale"]
            }

            def Cube "PhotoMarker_Right_2" (
                prepend apiSchemas = ["MaterialBindingAPI"]
            )
            {
                rel material:binding = </World/BatteryWorkcell/Table/Looks/MarkerRed>
                double size = 1
                float3 xformOp:scale = (0.012, 0.0006, 0.00004)
                double3 xformOp:translate = (0.25, -0.28049999999999997, 0.74004)
                uniform token[] xformOpOrder = ["xformOp:translate", "xformOp:scale"]
            }

            def Cube "PhotoMarker_Right_3" (
                prepend apiSchemas = ["MaterialBindingAPI"]
            )
            {
                rel material:binding = </World/BatteryWorkcell/Table/Looks/MarkerRed>
                double size = 1
                float3 xformOp:scale = (0.012, 0.0006, 0.00004)
                double3 xformOp:translate = (0.25, -0.26349999999999996, 0.74004)
                uniform token[] xformOpOrder = ["xformOp:translate", "xformOp:scale"]
            }
        }

        def Xform "Props"
        {
            custom string batteryTask:metadataJson = '{"parent_path": "/World/BatteryWorkcell/Props", "coordinate_frame": "parent local: +X photo right, +Y table rear, +Z up; apply parent transform for world poses", "units": "metres, kilograms, degrees", "quaternion_order": "xyzw", "spec": {"table_top_z_m": 0.74, "yellow_dims_m": [0.08, 0.098, 0.052], "yellow_positions_xy_m": [[-0.27, -0.068], [0.215, -0.067]], "yellow_yaw_deg": [0.0, 0.0], "yellow_bevel_m": 0.0015, "battery_diameter_m": 0.0125, "battery_length_m": 0.049, "battery_mass_kg": 0.02, "battery_yaw_deg": [60, 20], "battery_offsets_xy_m": [[-0.003, 0.009], [-0.012, 0.003]], "battery_poses": null, "red_dims_m": [0.072, 0.048, 0.048], "red_position_xy_m": [-0.049, -0.083], "red_yaw_deg": 0, "hole_diameter_m": 0.0125, "hole_depth_m": 0.013, "hole_pitch_m": 0.02, "battery_contact_offset_m": 0.0002, "red_contact_offset_m": 0.0002, "yellow_contact_offset_m": 0.0005, "tape_visual": true}, "yellow_foams": [{"path": "/World/BatteryWorkcell/Props/YellowFoam_1", "local_position_m": [-0.27, -0.068, 0.766], "local_quaternion_xyzw": [0.0, 0.0, 0.0, 1.0], "size_m": [0.08, 0.098, 0.052]}, {"path": "/World/BatteryWorkcell/Props/YellowFoam_2", "local_position_m": [0.215, -0.067, 0.766], "local_quaternion_xyzw": [0.0, 0.0, 0.0, 1.0], "size_m": [0.08, 0.098, 0.052]}], "batteries": [{"path": "/World/BatteryWorkcell/Props/Battery_1", "local_position_m": [-0.273, -0.059000000000000004, 0.79825], "local_quaternion_xyzw": [0.0, 0.0, 0.49999999999999994, 0.8660254037844387], "size_m": [0.049, 0.0125, 0.0125], "mass_kg": 0.02, "local_axis": "X", "dynamic": true, "name": "BatteryLeft", "prim_path": "/World/BatteryWorkcell/Props/Battery_1", "position_local_m": [-0.273, -0.059000000000000004, 0.79825], "orientation_local_xyzw": [0.0, 0.0, 0.49999999999999994, 0.8660254037844387]}, {"path": "/World/BatteryWorkcell/Props/Battery_2", "local_position_m": [0.20299999999999999, -0.064, 0.79825], "local_quaternion_xyzw": [0.0, 0.0, 0.17364817766693036, 0.9848077530122081], "size_m": [0.049, 0.0125, 0.0125], "mass_kg": 0.02, "local_axis": "X", "dynamic": true, "name": "BatteryRight", "prim_path": "/World/BatteryWorkcell/Props/Battery_2", "position_local_m": [0.20299999999999999, -0.064, 0.79825], "orientation_local_xyzw": [0.0, 0.0, 0.17364817766693036, 0.9848077530122081]}], "assumptions": ["Default battery diameter 0.0125 m and length 0.049 m are user-confirmed measurements.", "Default hole diameter 0.0125 m and depth 0.013 m are user-confirmed; 0.020 m pitch remains a photo estimate.", "Equal nominal battery/hole diameters imply zero clearance; rigid models do not reproduce compliant foam insertion.", "XY placement and battery yaw are photo estimates, not surveyed poses.", "Both foams use rigid static collision; no foam deformation or insertion compliance is simulated.", "Red foam is assumed fixed to the table based on visible tape; confirm fixation.", "Battery mass, all friction values and contact parameters are uncalibrated estimates."], "red_foam": {"path": "/World/BatteryWorkcell/Props/RedFoam", "local_position_m": [-0.049, -0.083, 0.764], "local_quaternion_xyzw": [0.0, 0.0, 0.0, 1.0], "size_m": [0.072, 0.048, 0.048], "hole_top_centers_parent_m": [[-0.069, -0.083, 0.788], [-0.049, -0.083, 0.788], [-0.029, -0.083, 0.788]], "hole_diameter_m": 0.0125, "hole_depth_m": 0.013, "hole_pitch_m": 0.02, "collision_approximation": "none", "dynamic": false, "nominal_radial_clearance_m": 0.0, "hole_dimension_sources": {"diameter": "user measurement", "depth": "user measurement", "pitch": "photo estimate"}}}'

            def Scope "Looks"
            {
                def Material "YellowFoam"
                {
                    token outputs:surface.connect = </World/BatteryWorkcell/Props/Looks/YellowFoam/Surface.outputs:surface>

                    def Shader "Surface"
                    {
                        uniform token info:id = "UsdPreviewSurface"
                        color3f inputs:diffuseColor = (0.93, 0.75, 0.08)
                        float inputs:metallic = 0
                        float inputs:opacity = 1
                        float inputs:roughness = 0.91
                        token outputs:surface
                    }
                }

                def Material "DarkRedFoam"
                {
                    token outputs:surface.connect = </World/BatteryWorkcell/Props/Looks/DarkRedFoam/Surface.outputs:surface>

                    def Shader "Surface"
                    {
                        uniform token info:id = "UsdPreviewSurface"
                        color3f inputs:diffuseColor = (0.24, 0.035, 0.031)
                        float inputs:metallic = 0
                        float inputs:opacity = 1
                        float inputs:roughness = 0.88
                        token outputs:surface
                    }
                }

                def Material "CyanBatteryWrap"
                {
                    token outputs:surface.connect = </World/BatteryWorkcell/Props/Looks/CyanBatteryWrap/Surface.outputs:surface>

                    def Shader "Surface"
                    {
                        uniform token info:id = "UsdPreviewSurface"
                        color3f inputs:diffuseColor = (0.01, 0.36, 0.59)
                        float inputs:metallic = 0.16
                        float inputs:opacity = 1
                        float inputs:roughness = 0.29
                        token outputs:surface
                    }
                }

                def Material "SilverTerminals"
                {
                    token outputs:surface.connect = </World/BatteryWorkcell/Props/Looks/SilverTerminals/Surface.outputs:surface>

                    def Shader "Surface"
                    {
                        uniform token info:id = "UsdPreviewSurface"
                        color3f inputs:diffuseColor = (0.62, 0.65, 0.67)
                        float inputs:metallic = 0.88
                        float inputs:opacity = 1
                        float inputs:roughness = 0.23
                        token outputs:surface
                    }
                }

                def Material "TranslucentTape"
                {
                    token outputs:surface.connect = </World/BatteryWorkcell/Props/Looks/TranslucentTape/Surface.outputs:surface>

                    def Shader "Surface"
                    {
                        uniform token info:id = "UsdPreviewSurface"
                        color3f inputs:diffuseColor = (0.82, 0.84, 0.8)
                        float inputs:metallic = 0
                        float inputs:opacity = 0.45
                        float inputs:roughness = 0.38
                        token outputs:surface
                    }
                }
            }

            def Scope "PhysicsMaterials"
            {
                def Material "RigidYellowFoam" (
                    prepend apiSchemas = ["PhysicsMaterialAPI", "PhysxMaterialAPI"]
                )
                {
                    float physics:dynamicFriction = 0.7
                    float physics:restitution = 0
                    float physics:staticFriction = 0.85
                    token physxMaterial:frictionCombineMode = "average"
                }

                def Material "RigidRedFoam" (
                    prepend apiSchemas = ["PhysicsMaterialAPI", "PhysxMaterialAPI"]
                )
                {
                    float physics:dynamicFriction = 0.5
                    float physics:restitution = 0
                    float physics:staticFriction = 0.65
                    token physxMaterial:frictionCombineMode = "average"
                }

                def Material "Battery" (
                    prepend apiSchemas = ["PhysicsMaterialAPI", "PhysxMaterialAPI"]
                )
                {
                    float physics:dynamicFriction = 0.4
                    float physics:restitution = 0
                    float physics:staticFriction = 0.55
                    token physxMaterial:frictionCombineMode = "average"
                }
            }

            def Xform "YellowFoam_1" (
                customData = {
                    string physics_model = "static rigid; deformation not simulated"
                    string role = "yellow support foam"
                }
            )
            {
                quatd xformOp:orient = (1, 0, 0, 0)
                double3 xformOp:translate = (-0.27, -0.068, 0.766)
                uniform token[] xformOpOrder = ["xformOp:translate", "xformOp:orient"]

                def Mesh "Body" (
                    prepend apiSchemas = ["MaterialBindingAPI", "PhysicsCollisionAPI", "PhysicsMeshCollisionAPI", "PhysxCollisionAPI"]
                )
                {
                    uniform bool doubleSided = 0
                    float3[] extent = [(-0.04, -0.049, -0.026), (0.04, 0.049, 0.026)]
                    int[] faceVertexCounts = [3, 3, 3, 3, 3, 3, 3, 3, 3, 3, 3, 3, 3, 3, 3, 3, 3, 3, 3, 3, 3, 3, 3, 3, 3, 3, 3, 3, 3, 3, 3, 3, 3, 3, 3, 3, 3, 3, 3, 3, 3, 3, 3, 3, 3, 3, 3, 3, 3, 3, 3, 3, 3, 3, 3, 3, 3, 3, 3, 3, 3, 3, 3, 3, 3, 3, 3, 3, 3, 3, 3, 3, 3, 3, 3, 3, 3, 3, 3, 3, 3, 3, 3, 3, 3, 3, 3, 3, 3, 3, 3, 3, 3, 3, 3, 3, 3, 3, 3, 3, 3, 3, 3, 3, 3, 3, 3, 3, 3, 3, 3, 3, 3, 3, 3, 3, 3, 3, 3, 3, 3, 3, 3, 3, 3, 3, 3, 3, 3, 3, 3, 3, 3, 3, 3, 3, 3, 3, 3, 3, 3, 3, 3, 3, 3, 3, 3, 3, 3, 3, 3, 3, 3, 3, 3, 3, 3, 3, 3, 3, 3, 3, 3, 3, 3, 3, 3, 3, 3, 3, 3, 3, 3, 3, 3, 3, 3, 3, 3, 3, 3, 3, 3, 3, 3, 3, 3, 3, 3, 3, 3, 3, 3, 3, 3, 3, 3, 3, 3, 3, 3, 3, 3, 3, 3, 3, 3, 3, 3, 3, 3, 3, 3, 3, 3, 3, 3, 3, 3, 3, 3, 3, 3, 3, 3, 3, 3, 3, 3, 3, 3, 3, 3, 3, 3, 3, 3, 3, 3, 3, 3, 3, 3, 3, 3, 3, 3, 3, 3, 3, 3, 3, 3, 3, 3, 3, 3, 3, 3, 3, 3, 3, 3, 3, 3, 3, 3, 3, 3, 3, 3, 3, 3, 3, 3, 3, 3, 3, 3, 3, 3, 3, 3, 3, 3, 3, 3, 3, 3, 3, 3, 3, 3, 3, 3, 3, 3, 3, 3, 3, 3, 3, 3, 3, 3, 3, 3, 3, 3, 3, 3, 3, 3, 3, 3, 3, 3, 3, 3, 3, 3, 3, 3, 3, 3, 3, 3, 3, 3, 3, 3, 3, 3, 3, 3, 3, 3, 3, 3, 3, 3, 3, 3, 3, 3, 3, 3, 3, 3, 3, 3, 3, 3, 3, 3, 3, 3, 3, 3, 3, 3, 3, 3, 3, 3, 3, 3, 3, 3, 3, 3, 3, 3, 3, 3, 3, 3, 3, 3, 3, 3, 3, 3, 3, 3, 3, 3, 3, 3, 3, 3, 3, 3, 3, 3, 3, 3, 3, 3, 3, 3, 3, 3, 3, 3, 3, 3, 3, 3, 3, 3, 3, 3, 3, 3, 3, 3, 3, 3, 3, 3, 3, 3, 3, 3, 3, 3, 3, 3, 3, 3, 3, 3, 3, 3, 3, 3, 3, 3, 3, 3, 3, 3, 3, 3, 3, 3, 3, 3, 3, 3, 3, 3, 3, 3, 3, 3, 3, 3, 3, 3, 3, 3, 3, 3, 3, 3, 3, 3, 3, 3, 3, 3, 3, 3, 3, 3, 3, 3, 3, 3, 3, 3, 3, 3, 3, 3, 3, 3, 3, 3, 3, 3, 3, 3, 3, 3, 3, 3, 3, 3, 3, 3, 3, 3, 3, 3, 3, 3, 3, 3, 3, 3, 3, 3, 3, 3, 3, 3, 3, 3, 3, 3, 3, 3, 3, 3, 3, 3, 3, 3, 3, 3, 3, 3, 3, 3, 3, 3, 3, 3, 3, 3, 3, 3, 3, 3, 3, 3, 3, 3, 3, 3, 3, 3, 3, 3, 3, 3, 3, 3, 3, 3, 3, 3, 3, 3, 3, 3, 3, 3, 3, 3, 3, 3, 3, 3, 3, 3, 3, 3, 3, 3, 3, 3, 3, 3, 3, 3, 3, 3, 3, 3, 3, 3, 3, 3, 3, 3, 3, 3, 3, 3, 3, 3, 3, 3, 3, 3, 3, 3, 3, 3, 3, 3, 3, 3, 3, 3, 3, 3, 3, 3, 3, 3, 3, 3, 3, 3, 3, 3, 3, 3, 3, 3, 3, 3, 3, 3, 3, 3, 3, 3, 3, 3, 3, 3, 3, 3, 3, 3, 3, 3, 3, 3, 3, 3, 3, 3, 3, 3, 3, 3, 3, 3, 3, 3, 3, 3, 3, 3, 3, 3, 3, 3, 3, 3, 3, 3, 3, 3, 3, 3, 3, 3, 3, 3, 3, 3, 3, 3, 3, 3, 3, 3, 3, 3, 3, 3, 3, 3, 3, 3, 3, 3, 3, 3, 3, 3, 3, 3, 3, 3, 3, 3, 3, 3, 3, 3, 3, 3, 3, 3, 3, 3, 3, 3, 3, 3, 3, 3, 3, 3, 3, 3, 3, 3, 3, 3, 3, 3, 3, 3, 3, 3, 3, 3, 3, 3, 3, 3, 3, 3, 3, 3, 3, 3, 3, 3, 3, 3, 3, 3, 3, 3, 3, 3, 3, 3, 3, 3, 3, 3, 3, 3, 3, 3, 3, 3, 3, 3, 3, 3, 3, 3, 3, 3, 3, 3, 3, 3, 3, 3, 3, 3, 3, 3, 3, 3, 3, 3, 3, 3, 3, 3, 3, 3, 3, 3, 3, 3, 3, 3, 3, 3, 3, 3, 3, 3, 3, 3, 3, 3, 3, 3, 3, 3, 3, 3, 3, 3, 3, 3, 3, 3, 3, 3, 3, 3, 3, 3, 3, 3, 3, 3, 3, 3, 3, 3, 3, 3, 3, 3, 3, 3, 3, 3, 3, 3, 3, 3, 3, 3, 3, 3, 3, 3, 3, 3, 3, 3, 3, 3, 3, 3, 3, 3, 3, 3, 3, 3, 3, 3, 3, 3, 3, 3, 3, 3, 3, 3, 3, 3, 3, 3, 3, 3, 3, 3, 3, 3, 3, 3, 3, 3, 3, 3, 3, 3, 3, 3, 3, 3, 3, 3, 3, 3, 3, 3, 3, 3, 3, 3, 3, 3, 3, 3, 3, 3, 3, 3, 3, 3, 3, 3, 3, 3, 3, 3, 3, 3, 3, 3, 3, 3, 3, 3, 3, 3, 3, 3, 3, 3, 3, 3, 3, 3, 3, 3, 3, 3, 3, 3, 3, 3, 3, 3, 3, 3, 3, 3, 3]
                    int[] faceVertexIndices = [0, 1, 2, 0, 2, 3, 4, 5, 1, 4, 1, 0, 6, 7, 5, 6, 5, 4, 8, 9, 7, 8, 7, 6, 10, 11, 9, 10, 9, 8, 12, 13, 11, 12, 11, 10, 14, 15, 13, 14, 13, 12, 16, 17, 15, 16, 15, 14, 18, 19, 17, 18, 17, 16, 1, 20, 21, 1, 21, 2, 5, 22, 20, 5, 20, 1, 7, 23, 22, 7, 22, 5, 9, 24, 23, 9, 23, 7, 11, 25, 24, 11, 24, 9, 13, 26, 25, 13, 25, 11, 15, 27, 26, 15, 26, 13, 17, 28, 27, 17, 27, 15, 19, 29, 28, 19, 28, 17, 20, 30, 31, 20, 31, 21, 22, 32, 30, 22, 30, 20, 23, 33, 32, 23, 32, 22, 24, 34, 33, 24, 33, 23, 25, 35, 34, 25, 34, 24, 26, 36, 35, 26, 35, 25, 27, 37, 36, 27, 36, 26, 28, 38, 37, 28, 37, 27, 29, 39, 38, 29, 38, 28, 30, 40, 41, 30, 41, 31, 32, 42, 40, 32, 40, 30, 33, 43, 42, 33, 42, 32, 34, 44, 43, 34, 43, 33, 35, 45, 44, 35, 44, 34, 36, 46, 45, 36, 45, 35, 37, 47, 46, 37, 46, 36, 38, 48, 47, 38, 47, 37, 39, 49, 48, 39, 48, 38, 40, 50, 51, 40, 51, 41, 42, 52, 50, 42, 50, 40, 43, 53, 52, 43, 52, 42, 44, 54, 53, 44, 53, 43, 45, 55, 54, 45, 54, 44, 46, 56, 55, 46, 55, 45, 47, 57, 56, 47, 56, 46, 48, 58, 57, 48, 57, 47, 49, 59, 58, 49, 58, 48, 50, 60, 61, 50, 61, 51, 52, 62, 60, 52, 60, 50, 53, 63, 62, 53, 62, 52, 54, 64, 63, 54, 63, 53, 55, 65, 64, 55, 64, 54, 56, 66, 65, 56, 65, 55, 57, 67, 66, 57, 66, 56, 58, 68, 67, 58, 67, 57, 59, 69, 68, 59, 68, 58, 60, 70, 71, 60, 71, 61, 62, 72, 70, 62, 70, 60, 63, 73, 72, 63, 72, 62, 64, 74, 73, 64, 73, 63, 65, 75, 74, 65, 74, 64, 66, 76, 75, 66, 75, 65, 67, 77, 76, 67, 76, 66, 68, 78, 77, 68, 77, 67, 69, 79, 78, 69, 78, 68, 70, 80, 81, 70, 81, 71, 72, 82, 80, 72, 80, 70, 73, 83, 82, 73, 82, 72, 74, 84, 83, 74, 83, 73, 75, 85, 84, 75, 84, 74, 76, 86, 85, 76, 85, 75, 77, 87, 86, 77, 86, 76, 78, 88, 87, 78, 87, 77, 79, 89, 88, 79, 88, 78, 80, 90, 91, 80, 91, 81, 82, 92, 90, 82, 90, 80, 83, 93, 92, 83, 92, 82, 84, 94, 93, 84, 93, 83, 85, 95, 94, 85, 94, 84, 86, 96, 95, 86, 95, 85, 87, 97, 96, 87, 96, 86, 88, 98, 97, 88, 97, 87, 89, 99, 98, 89, 98, 88, 100, 101, 102, 100, 102, 103, 103, 102, 104, 103, 104, 105, 105, 104, 106, 105, 106, 107, 107, 106, 108, 107, 108, 109, 109, 108, 110, 109, 110, 111, 111, 110, 112, 111, 112, 113, 113, 112, 114, 113, 114, 115, 115, 114, 116, 115, 116, 117, 117, 116, 118, 117, 118, 119, 101, 120, 121, 101, 121, 102, 102, 121, 122, 102, 122, 104, 104, 122, 123, 104, 123, 106, 106, 123, 124, 106, 124, 108, 108, 124, 125, 108, 125, 110, 110, 125, 126, 110, 126, 112, 112, 126, 127, 112, 127, 114, 114, 127, 128, 114, 128, 116, 116, 128, 129, 116, 129, 118, 120, 130, 131, 120, 131, 121, 121, 131, 132, 121, 132, 122, 122, 132, 133, 122, 133, 123, 123, 133, 134, 123, 134, 124, 124, 134, 135, 124, 135, 125, 125, 135, 136, 125, 136, 126, 126, 136, 137, 126, 137, 127, 127, 137, 138, 127, 138, 128, 128, 138, 139, 128, 139, 129, 130, 140, 141, 130, 141, 131, 131, 141, 142, 131, 142, 132, 132, 142, 143, 132, 143, 133, 133, 143, 144, 133, 144, 134, 134, 144, 145, 134, 145, 135, 135, 145, 146, 135, 146, 136, 136, 146, 147, 136, 147, 137, 137, 147, 148, 137, 148, 138, 138, 148, 149, 138, 149, 139, 140, 150, 151, 140, 151, 141, 141, 151, 152, 141, 152, 142, 142, 152, 153, 142, 153, 143, 143, 153, 154, 143, 154, 144, 144, 154, 155, 144, 155, 145, 145, 155, 156, 145, 156, 146, 146, 156, 157, 146, 157, 147, 147, 157, 158, 147, 158, 148, 148, 158, 159, 148, 159, 149, 150, 160, 161, 150, 161, 151, 151, 161, 162, 151, 162, 152, 152, 162, 163, 152, 163, 153, 153, 163, 164, 153, 164, 154, 154, 164, 165, 154, 165, 155, 155, 165, 166, 155, 166, 156, 156, 166, 167, 156, 167, 157, 157, 167, 168, 157, 168, 158, 158, 168, 169, 158, 169, 159, 160, 170, 171, 160, 171, 161, 161, 171, 172, 161, 172, 162, 162, 172, 173, 162, 173, 163, 163, 173, 174, 163, 174, 164, 164, 174, 175, 164, 175, 165, 165, 175, 176, 165, 176, 166, 166, 176, 177, 166, 177, 167, 167, 177, 178, 167, 178, 168, 168, 178, 179, 168, 179, 169, 170, 180, 181, 170, 181, 171, 171, 181, 182, 171, 182, 172, 172, 182, 183, 172, 183, 173, 173, 183, 184, 173, 184, 174, 174, 184, 185, 174, 185, 175, 175, 185, 186, 175, 186, 176, 176, 186, 187, 176, 187, 177, 177, 187, 188, 177, 188, 178, 178, 188, 189, 178, 189, 179, 180, 190, 191, 180, 191, 181, 181, 191, 192, 181, 192, 182, 182, 192, 193, 182, 193, 183, 183, 193, 194, 183, 194, 184, 184, 194, 195, 184, 195, 185, 185, 195, 196, 185, 196, 186, 186, 196, 197, 186, 197, 187, 187, 197, 198, 187, 198, 188, 188, 198, 199, 188, 199, 189, 3, 200, 201, 3, 201, 0, 0, 201, 202, 0, 202, 4, 4, 202, 203, 4, 203, 6, 6, 203, 204, 6, 204, 8, 8, 204, 205, 8, 205, 10, 10, 205, 206, 10, 206, 12, 12, 206, 207, 12, 207, 14, 14, 207, 208, 14, 208, 16, 16, 208, 209, 16, 209, 18, 200, 210, 211, 200, 211, 201, 201, 211, 212, 201, 212, 202, 202, 212, 213, 202, 213, 203, 203, 213, 214, 203, 214, 204, 204, 214, 215, 204, 215, 205, 205, 215, 216, 205, 216, 206, 206, 216, 217, 206, 217, 207, 207, 217, 218, 207, 218, 208, 208, 218, 219, 208, 219, 209, 210, 220, 221, 210, 221, 211, 211, 221, 222, 211, 222, 212, 212, 222, 223, 212, 223, 213, 213, 223, 224, 213, 224, 214, 214, 224, 225, 214, 225, 215, 215, 225, 226, 215, 226, 216, 216, 226, 227, 216, 227, 217, 217, 227, 228, 217, 228, 218, 218, 228, 229, 218, 229, 219, 220, 230, 231, 220, 231, 221, 221, 231, 232, 221, 232, 222, 222, 232, 233, 222, 233, 223, 223, 233, 234, 223, 234, 224, 224, 234, 235, 224, 235, 225, 225, 235, 236, 225, 236, 226, 226, 236, 237, 226, 237, 227, 227, 237, 238, 227, 238, 228, 228, 238, 239, 228, 239, 229, 230, 240, 241, 230, 241, 231, 231, 241, 242, 231, 242, 232, 232, 242, 243, 232, 243, 233, 233, 243, 244, 233, 244, 234, 234, 244, 245, 234, 245, 235, 235, 245, 246, 235, 246, 236, 236, 246, 247, 236, 247, 237, 237, 247, 248, 237, 248, 238, 238, 248, 249, 238, 249, 239, 240, 250, 251, 240, 251, 241, 241, 251, 252, 241, 252, 242, 242, 252, 253, 242, 253, 243, 243, 253, 254, 243, 254, 244, 244, 254, 255, 244, 255, 245, 245, 255, 256, 245, 256, 246, 246, 256, 257, 246, 257, 247, 247, 257, 258, 247, 258, 248, 248, 258, 259, 248, 259, 249, 250, 260, 261, 250, 261, 251, 251, 261, 262, 251, 262, 252, 252, 262, 263, 252, 263, 253, 253, 263, 264, 253, 264, 254, 254, 264, 265, 254, 265, 255, 255, 265, 266, 255, 266, 256, 256, 266, 267, 256, 267, 257, 257, 267, 268, 257, 268, 258, 258, 268, 269, 258, 269, 259, 260, 270, 271, 260, 271, 261, 261, 271, 272, 261, 272, 262, 262, 272, 273, 262, 273, 263, 263, 273, 274, 263, 274, 264, 264, 274, 275, 264, 275, 265, 265, 275, 276, 265, 276, 266, 266, 276, 277, 266, 277, 267, 267, 277, 278, 267, 278, 268, 268, 278, 279, 268, 279, 269, 270, 100, 103, 270, 103, 271, 271, 103, 105, 271, 105, 272, 272, 105, 107, 272, 107, 273, 273, 107, 109, 273, 109, 274, 274, 109, 111, 274, 111, 275, 275, 111, 113, 275, 113, 276, 276, 113, 115, 276, 115, 277, 277, 115, 117, 277, 117, 278, 278, 117, 119, 278, 119, 279, 90, 280, 281, 90, 281, 91, 92, 282, 280, 92, 280, 90, 93, 283, 282, 93, 282, 92, 94, 284, 283, 94, 283, 93, 95, 285, 284, 95, 284, 94, 96, 286, 285, 96, 285, 95, 97, 287, 286, 97, 286, 96, 98, 288, 287, 98, 287, 97, 99, 289, 288, 99, 288, 98, 280, 290, 291, 280, 291, 281, 282, 292, 290, 282, 290, 280, 283, 293, 292, 283, 292, 282, 284, 294, 293, 284, 293, 283, 285, 295, 294, 285, 294, 284, 286, 296, 295, 286, 295, 285, 287, 297, 296, 287, 296, 286, 288, 298, 297, 288, 297, 287, 289, 299, 298, 289, 298, 288, 290, 300, 301, 290, 301, 291, 292, 302, 300, 292, 300, 290, 293, 303, 302, 293, 302, 292, 294, 304, 303, 294, 303, 293, 295, 305, 304, 295, 304, 294, 296, 306, 305, 296, 305, 295, 297, 307, 306, 297, 306, 296, 298, 308, 307, 298, 307, 297, 299, 309, 308, 299, 308, 298, 300, 310, 311, 300, 311, 301, 302, 312, 310, 302, 310, 300, 303, 313, 312, 303, 312, 302, 304, 314, 313, 304, 313, 303, 305, 315, 314, 305, 314, 304, 306, 316, 315, 306, 315, 305, 307, 317, 316, 307, 316, 306, 308, 318, 317, 308, 317, 307, 309, 319, 318, 309, 318, 308, 310, 320, 321, 310, 321, 311, 312, 322, 320, 312, 320, 310, 313, 323, 322, 313, 322, 312, 314, 324, 323, 314, 323, 313, 315, 325, 324, 315, 324, 314, 316, 326, 325, 316, 325, 315, 317, 327, 326, 317, 326, 316, 318, 328, 327, 318, 327, 317, 319, 329, 328, 319, 328, 318, 320, 330, 331, 320, 331, 321, 322, 332, 330, 322, 330, 320, 323, 333, 332, 323, 332, 322, 324, 334, 333, 324, 333, 323, 325, 335, 334, 325, 334, 324, 326, 336, 335, 326, 335, 325, 327, 337, 336, 327, 336, 326, 328, 338, 337, 328, 337, 327, 329, 339, 338, 329, 338, 328, 330, 340, 341, 330, 341, 331, 332, 342, 340, 332, 340, 330, 333, 343, 342, 333, 342, 332, 334, 344, 343, 334, 343, 333, 335, 345, 344, 335, 344, 334, 336, 346, 345, 336, 345, 335, 337, 347, 346, 337, 346, 336, 338, 348, 347, 338, 347, 337, 339, 349, 348, 339, 348, 338, 340, 350, 351, 340, 351, 341, 342, 352, 350, 342, 350, 340, 343, 353, 352, 343, 352, 342, 344, 354, 353, 344, 353, 343, 345, 355, 354, 345, 354, 344, 346, 356, 355, 346, 355, 345, 347, 357, 356, 347, 356, 346, 348, 358, 357, 348, 357, 347, 349, 359, 358, 349, 358, 348, 350, 191, 190, 350, 190, 351, 352, 192, 191, 352, 191, 350, 353, 193, 192, 353, 192, 352, 354, 194, 193, 354, 193, 353, 355, 195, 194, 355, 194, 354, 356, 196, 195, 356, 195, 355, 357, 197, 196, 357, 196, 356, 358, 198, 197, 358, 197, 357, 359, 199, 198, 359, 198, 358, 2, 360, 200, 2, 200, 3, 21, 361, 360, 21, 360, 2, 31, 362, 361, 31, 361, 21, 41, 363, 362, 41, 362, 31, 51, 364, 363, 51, 363, 41, 61, 365, 364, 61, 364, 51, 71, 366, 365, 71, 365, 61, 81, 367, 366, 81, 366, 71, 91, 281, 367, 91, 367, 81, 360, 368, 210, 360, 210, 200, 361, 369, 368, 361, 368, 360, 362, 370, 369, 362, 369, 361, 363, 371, 370, 363, 370, 362, 364, 372, 371, 364, 371, 363, 365, 373, 372, 365, 372, 364, 366, 374, 373, 366, 373, 365, 367, 375, 374, 367, 374, 366, 281, 291, 375, 281, 375, 367, 368, 376, 220, 368, 220, 210, 369, 377, 376, 369, 376, 368, 370, 378, 377, 370, 377, 369, 371, 379, 378, 371, 378, 370, 372, 380, 379, 372, 379, 371, 373, 381, 380, 373, 380, 372, 374, 382, 381, 374, 381, 373, 375, 383, 382, 375, 382, 374, 291, 301, 383, 291, 383, 375, 376, 384, 230, 376, 230, 220, 377, 385, 384, 377, 384, 376, 378, 386, 385, 378, 385, 377, 379, 387, 386, 379, 386, 378, 380, 388, 387, 380, 387, 379, 381, 389, 388, 381, 388, 380, 382, 390, 389, 382, 389, 381, 383, 391, 390, 383, 390, 382, 301, 311, 391, 301, 391, 383, 384, 392, 240, 384, 240, 230, 385, 393, 392, 385, 392, 384, 386, 394, 393, 386, 393, 385, 387, 395, 394, 387, 394, 386, 388, 396, 395, 388, 395, 387, 389, 397, 396, 389, 396, 388, 390, 398, 397, 390, 397, 389, 391, 399, 398, 391, 398, 390, 311, 321, 399, 311, 399, 391, 392, 400, 250, 392, 250, 240, 393, 401, 400, 393, 400, 392, 394, 402, 401, 394, 401, 393, 395, 403, 402, 395, 402, 394, 396, 404, 403, 396, 403, 395, 397, 405, 404, 397, 404, 396, 398, 406, 405, 398, 405, 397, 399, 407, 406, 399, 406, 398, 321, 331, 407, 321, 407, 399, 400, 408, 260, 400, 260, 250, 401, 409, 408, 401, 408, 400, 402, 410, 409, 402, 409, 401, 403, 411, 410, 403, 410, 402, 404, 412, 411, 404, 411, 403, 405, 413, 412, 405, 412, 404, 406, 414, 413, 406, 413, 405, 407, 415, 414, 407, 414, 406, 331, 341, 415, 331, 415, 407, 408, 416, 270, 408, 270, 260, 409, 417, 416, 409, 416, 408, 410, 418, 417, 410, 417, 409, 411, 419, 418, 411, 418, 410, 412, 420, 419, 412, 419, 411, 413, 421, 420, 413, 420, 412, 414, 422, 421, 414, 421, 413, 415, 423, 422, 415, 422, 414, 341, 351, 423, 341, 423, 415, 416, 101, 100, 416, 100, 270, 417, 120, 101, 417, 101, 416, 418, 130, 120, 418, 120, 417, 419, 140, 130, 419, 130, 418, 420, 150, 140, 420, 140, 419, 421, 160, 150, 421, 150, 420, 422, 170, 160, 422, 160, 421, 423, 180, 170, 423, 170, 422, 351, 190, 180, 351, 180, 423, 18, 209, 424, 18, 424, 19, 19, 424, 425, 19, 425, 29, 29, 425, 426, 29, 426, 39, 39, 426, 427, 39, 427, 49, 49, 427, 428, 49, 428, 59, 59, 428, 429, 59, 429, 69, 69, 429, 430, 69, 430, 79, 79, 430, 431, 79, 431, 89, 89, 431, 289, 89, 289, 99, 209, 219, 432, 209, 432, 424, 424, 432, 433, 424, 433, 425, 425, 433, 434, 425, 434, 426, 426, 434, 435, 426, 435, 427, 427, 435, 436, 427, 436, 428, 428, 436, 437, 428, 437, 429, 429, 437, 438, 429, 438, 430, 430, 438, 439, 430, 439, 431, 431, 439, 299, 431, 299, 289, 219, 229, 440, 219, 440, 432, 432, 440, 441, 432, 441, 433, 433, 441, 442, 433, 442, 434, 434, 442, 443, 434, 443, 435, 435, 443, 444, 435, 444, 436, 436, 444, 445, 436, 445, 437, 437, 445, 446, 437, 446, 438, 438, 446, 447, 438, 447, 439, 439, 447, 309, 439, 309, 299, 229, 239, 448, 229, 448, 440, 440, 448, 449, 440, 449, 441, 441, 449, 450, 441, 450, 442, 442, 450, 451, 442, 451, 443, 443, 451, 452, 443, 452, 444, 444, 452, 453, 444, 453, 445, 445, 453, 454, 445, 454, 446, 446, 454, 455, 446, 455, 447, 447, 455, 319, 447, 319, 309, 239, 249, 456, 239, 456, 448, 448, 456, 457, 448, 457, 449, 449, 457, 458, 449, 458, 450, 450, 458, 459, 450, 459, 451, 451, 459, 460, 451, 460, 452, 452, 460, 461, 452, 461, 453, 453, 461, 462, 453, 462, 454, 454, 462, 463, 454, 463, 455, 455, 463, 329, 455, 329, 319, 249, 259, 464, 249, 464, 456, 456, 464, 465, 456, 465, 457, 457, 465, 466, 457, 466, 458, 458, 466, 467, 458, 467, 459, 459, 467, 468, 459, 468, 460, 460, 468, 469, 460, 469, 461, 461, 469, 470, 461, 470, 462, 462, 470, 471, 462, 471, 463, 463, 471, 339, 463, 339, 329, 259, 269, 472, 259, 472, 464, 464, 472, 473, 464, 473, 465, 465, 473, 474, 465, 474, 466, 466, 474, 475, 466, 475, 467, 467, 475, 476, 467, 476, 468, 468, 476, 477, 468, 477, 469, 469, 477, 478, 469, 478, 470, 470, 478, 479, 470, 479, 471, 471, 479, 349, 471, 349, 339, 269, 279, 480, 269, 480, 472, 472, 480, 481, 472, 481, 473, 473, 481, 482, 473, 482, 474, 474, 482, 483, 474, 483, 475, 475, 483, 484, 475, 484, 476, 476, 484, 485, 476, 485, 477, 477, 485, 486, 477, 486, 478, 478, 486, 487, 478, 487, 479, 479, 487, 359, 479, 359, 349, 279, 119, 118, 279, 118, 480, 480, 118, 129, 480, 129, 481, 481, 129, 139, 481, 139, 482, 482, 139, 149, 482, 149, 483, 483, 149, 159, 483, 159, 484, 484, 159, 169, 484, 169, 485, 485, 169, 179, 485, 179, 486, 486, 179, 189, 486, 189, 487, 487, 189, 199, 487, 199, 359]
                    rel material:binding = </World/BatteryWorkcell/Props/Looks/YellowFoam>
                    rel material:binding:physics = </World/BatteryWorkcell/Props/PhysicsMaterials/RigidYellowFoam> (
                        bindMaterialAs = "weakerThanDescendants"
                    )
                    uniform token physics:approximation = "none"
                    bool physics:collisionEnabled = 1
                    float physxCollision:contactOffset = 0.0005
                    float physxCollision:restOffset = 0
                    point3f[] points = [(-0.03938797, -0.04838797, -0.025320377), (-0.03941167, -0.048342276, -0.025342274), (-0.03938797, -0.048320375, -0.02538797), (-0.039366025, -0.048366025, -0.025366025), (-0.039448682, -0.04844868, -0.02517082), (-0.039477754, -0.048403326, -0.025191376), (-0.039523836, -0.04852384, -0.024891805), (-0.03956066, -0.048479922, -0.024905898), (-0.03956066, -0.04856066, -0.0245), (-0.039601766, -0.048517898, -0.0245), (-0.03956066, -0.04856066, 0.0245), (-0.039601766, -0.048517898, 0.0245), (-0.039523836, -0.04852384, 0.024891805), (-0.03956066, -0.048479922, 0.024905898), (-0.039448682, -0.04844868, 0.02517082), (-0.039477754, -0.048403326, 0.025191376), (-0.03938797, -0.04838797, 0.025320377), (-0.03941167, -0.048342276, 0.025342274), (-0.039366025, -0.048366025, 0.025366025), (-0.03938797, -0.048320375, 0.02538797), (-0.039477754, -0.048191376, -0.025403326), (-0.039448682, -0.04817082, -0.025448684), (-0.03956066, -0.04825, -0.02525), (-0.039669007, -0.048326615, -0.02494736), (-0.039724745, -0.048366025, -0.0245), (-0.039724745, -0.048366025, 0.0245), (-0.039669007, -0.048326615, 0.02494736), (-0.03956066, -0.04825, 0.02525), (-0.039477754, -0.048191376, 0.025403326), (-0.039448682, -0.04817082, 0.025448684), (-0.03956066, -0.047905896, -0.025479922), (-0.039523836, -0.047891807, -0.025523838), (-0.039669007, -0.04794736, -0.025326613), (-0.0398192, -0.048004836, -0.025004836), (-0.039900925, -0.04803611, -0.0245), (-0.039900925, -0.04803611, 0.0245), (-0.0398192, -0.048004836, 0.025004836), (-0.039669007, -0.04794736, 0.025326613), (-0.03956066, -0.047905896, 0.025479922), (-0.039523836, -0.047891807, 0.025523838), (-0.039601766, -0.0475, -0.025517898), (-0.03956066, -0.0475, -0.02556066), (-0.039724745, -0.0475, -0.025366025), (-0.039900925, -0.0475, -0.02503611), (-0.04, -0.0475, -0.0245), (-0.04, -0.0475, 0.0245), (-0.039900925, -0.0475, 0.02503611), (-0.039724745, -0.0475, 0.025366025), (-0.039601766, -0.0475, 0.025517898), (-0.03956066, -0.0475, 0.02556066), (-0.039601766, 0.0475, -0.025517898), (-0.03956066, 0.0475, -0.02556066), (-0.039724745, 0.0475, -0.025366025), (-0.039900925, 0.0475, -0.02503611), (-0.04, 0.0475, -0.0245), (-0.04, 0.0475, 0.0245), (-0.039900925, 0.0475, 0.02503611), (-0.039724745, 0.0475, 0.025366025), (-0.039601766, 0.0475, 0.025517898), (-0.03956066, 0.0475, 0.02556066), (-0.03956066, 0.047905896, -0.025479922), (-0.039523836, 0.047891807, -0.025523838), (-0.039669007, 0.04794736, -0.025326613), (-0.0398192, 0.048004836, -0.025004836), (-0.039900925, 0.04803611, -0.0245), (-0.039900925, 0.04803611, 0.0245), (-0.0398192, 0.048004836, 0.025004836), (-0.039669007, 0.04794736, 0.025326613), (-0.03956066, 0.047905896, 0.025479922), (-0.039523836, 0.047891807, 0.025523838), (-0.039477754, 0.048191376, -0.025403326), (-0.039448682, 0.04817082, -0.025448684), (-0.03956066, 0.04825, -0.02525), (-0.039669007, 0.048326615, -0.02494736), (-0.039724745, 0.048366025, -0.0245), (-0.039724745, 0.048366025, 0.0245), (-0.039669007, 0.048326615, 0.02494736), (-0.03956066, 0.04825, 0.02525), (-0.039477754, 0.048191376, 0.025403326), (-0.039448682, 0.04817082, 0.025448684), (-0.03941167, 0.048342276, -0.025342274), (-0.03938797, 0.048320375, -0.02538797), (-0.039477754, 0.048403326, -0.025191376), (-0.03956066, 0.048479922, -0.024905898), (-0.039601766, 0.048517898, -0.0245), (-0.039601766, 0.048517898, 0.0245), (-0.03956066, 0.048479922, 0.024905898), (-0.039477754, 0.048403326, 0.025191376), (-0.03941167, 0.048342276, 0.025342274), (-0.03938797, 0.048320375, 0.02538797), (-0.03938797, 0.04838797, -0.025320377), (-0.039366025, 0.048366025, -0.025366025), (-0.039448682, 0.04844868, -0.02517082), (-0.039523836, 0.04852384, -0.024891805), (-0.03956066, 0.04856066, -0.0245), (-0.03956066, 0.04856066, 0.0245), (-0.039523836, 0.04852384, 0.024891805), (-0.039448682, 0.04844868, 0.02517082), (-0.03938797, 0.04838797, 0.025320377), (-0.039366025, 0.048366025, 0.025366025), (0.039366025, -0.048366025, -0.025366025), (0.03938797, -0.048320375, -0.02538797), (0.03941167, -0.048342276, -0.025342274), (0.03938797, -0.04838797, -0.025320377), (0.039477754, -0.048403326, -0.025191376), (0.039448682, -0.04844868, -0.02517082), (0.03956066, -0.048479922, -0.024905898), (0.039523836, -0.04852384, -0.024891805), (0.039601766, -0.048517898, -0.0245), (0.03956066, -0.04856066, -0.0245), (0.039601766, -0.048517898, 0.0245), (0.03956066, -0.04856066, 0.0245), (0.03956066, -0.048479922, 0.024905898), (0.039523836, -0.04852384, 0.024891805), (0.039477754, -0.048403326, 0.025191376), (0.039448682, -0.04844868, 0.02517082), (0.03941167, -0.048342276, 0.025342274), (0.03938797, -0.04838797, 0.025320377), (0.03938797, -0.048320375, 0.02538797), (0.039366025, -0.048366025, 0.025366025), (0.039448682, -0.04817082, -0.025448684), (0.039477754, -0.048191376, -0.025403326), (0.03956066, -0.04825, -0.02525), (0.039669007, -0.048326615, -0.02494736), (0.039724745, -0.048366025, -0.0245), (0.039724745, -0.048366025, 0.0245), (0.039669007, -0.048326615, 0.02494736), (0.03956066, -0.04825, 0.02525), (0.039477754, -0.048191376, 0.025403326), (0.039448682, -0.04817082, 0.025448684), (0.039523836, -0.047891807, -0.025523838), (0.03956066, -0.047905896, -0.025479922), (0.039669007, -0.04794736, -0.025326613), (0.0398192, -0.048004836, -0.025004836), (0.039900925, -0.04803611, -0.0245), (0.039900925, -0.04803611, 0.0245), (0.0398192, -0.048004836, 0.025004836), (0.039669007, -0.04794736, 0.025326613), (0.03956066, -0.047905896, 0.025479922), (0.039523836, -0.047891807, 0.025523838), (0.03956066, -0.0475, -0.02556066), (0.039601766, -0.0475, -0.025517898), (0.039724745, -0.0475, -0.025366025), (0.039900925, -0.0475, -0.02503611), (0.04, -0.0475, -0.0245), (0.04, -0.0475, 0.0245), (0.039900925, -0.0475, 0.02503611), (0.039724745, -0.0475, 0.025366025), (0.039601766, -0.0475, 0.025517898), (0.03956066, -0.0475, 0.02556066), (0.03956066, 0.0475, -0.02556066), (0.039601766, 0.0475, -0.025517898), (0.039724745, 0.0475, -0.025366025), (0.039900925, 0.0475, -0.02503611), (0.04, 0.0475, -0.0245), (0.04, 0.0475, 0.0245), (0.039900925, 0.0475, 0.02503611), (0.039724745, 0.0475, 0.025366025), (0.039601766, 0.0475, 0.025517898), (0.03956066, 0.0475, 0.02556066), (0.039523836, 0.047891807, -0.025523838), (0.03956066, 0.047905896, -0.025479922), (0.039669007, 0.04794736, -0.025326613), (0.0398192, 0.048004836, -0.025004836), (0.039900925, 0.04803611, -0.0245), (0.039900925, 0.04803611, 0.0245), (0.0398192, 0.048004836, 0.025004836), (0.039669007, 0.04794736, 0.025326613), (0.03956066, 0.047905896, 0.025479922), (0.039523836, 0.047891807, 0.025523838), (0.039448682, 0.04817082, -0.025448684), (0.039477754, 0.048191376, -0.025403326), (0.03956066, 0.04825, -0.02525), (0.039669007, 0.048326615, -0.02494736), (0.039724745, 0.048366025, -0.0245), (0.039724745, 0.048366025, 0.0245), (0.039669007, 0.048326615, 0.02494736), (0.03956066, 0.04825, 0.02525), (0.039477754, 0.048191376, 0.025403326), (0.039448682, 0.04817082, 0.025448684), (0.03938797, 0.048320375, -0.02538797), (0.03941167, 0.048342276, -0.025342274), (0.039477754, 0.048403326, -0.025191376), (0.03956066, 0.048479922, -0.024905898), (0.039601766, 0.048517898, -0.0245), (0.039601766, 0.048517898, 0.0245), (0.03956066, 0.048479922, 0.024905898), (0.039477754, 0.048403326, 0.025191376), (0.03941167, 0.048342276, 0.025342274), (0.03938797, 0.048320375, 0.02538797), (0.039366025, 0.048366025, -0.025366025), (0.03938797, 0.04838797, -0.025320377), (0.039448682, 0.04844868, -0.02517082), (0.039523836, 0.04852384, -0.024891805), (0.03956066, 0.04856066, -0.0245), (0.03956066, 0.04856066, 0.0245), (0.039523836, 0.04852384, 0.024891805), (0.039448682, 0.04844868, 0.02517082), (0.03938797, 0.04838797, 0.025320377), (0.039366025, 0.048366025, 0.025366025), (-0.039320376, -0.04838797, -0.02538797), (-0.039342277, -0.04841167, -0.025342274), (-0.039403327, -0.048477754, -0.025191376), (-0.039479923, -0.04856066, -0.024905898), (-0.039517898, -0.048601765, -0.0245), (-0.039517898, -0.048601765, 0.0245), (-0.039479923, -0.04856066, 0.024905898), (-0.039403327, -0.048477754, 0.025191376), (-0.039342277, -0.04841167, 0.025342274), (-0.039320376, -0.04838797, 0.02538797), (-0.03917082, -0.04844868, -0.025448684), (-0.039191376, -0.048477754, -0.025403326), (-0.03925, -0.04856066, -0.02525), (-0.039326612, -0.048669007, -0.02494736), (-0.039366025, -0.048724744, -0.0245), (-0.039366025, -0.048724744, 0.0245), (-0.039326612, -0.048669007, 0.02494736), (-0.03925, -0.04856066, 0.02525), (-0.039191376, -0.048477754, 0.025403326), (-0.03917082, -0.04844868, 0.025448684), (-0.038891807, -0.04852384, -0.025523838), (-0.038905896, -0.04856066, -0.025479922), (-0.03894736, -0.048669007, -0.025326613), (-0.039004836, -0.0488192, -0.025004836), (-0.03903611, -0.048900925, -0.0245), (-0.03903611, -0.048900925, 0.0245), (-0.039004836, -0.0488192, 0.025004836), (-0.03894736, -0.048669007, 0.025326613), (-0.038905896, -0.04856066, 0.025479922), (-0.038891807, -0.04852384, 0.025523838), (-0.0385, -0.04856066, -0.02556066), (-0.0385, -0.048601765, -0.025517898), (-0.0385, -0.048724744, -0.025366025), (-0.0385, -0.048900925, -0.02503611), (-0.0385, -0.049, -0.0245), (-0.0385, -0.049, 0.0245), (-0.0385, -0.048900925, 0.02503611), (-0.0385, -0.048724744, 0.025366025), (-0.0385, -0.048601765, 0.025517898), (-0.0385, -0.04856066, 0.02556066), (0.0385, -0.04856066, -0.02556066), (0.0385, -0.048601765, -0.025517898), (0.0385, -0.048724744, -0.025366025), (0.0385, -0.048900925, -0.02503611), (0.0385, -0.049, -0.0245), (0.0385, -0.049, 0.0245), (0.0385, -0.048900925, 0.02503611), (0.0385, -0.048724744, 0.025366025), (0.0385, -0.048601765, 0.025517898), (0.0385, -0.04856066, 0.02556066), (0.038891807, -0.04852384, -0.025523838), (0.038905896, -0.04856066, -0.025479922), (0.03894736, -0.048669007, -0.025326613), (0.039004836, -0.0488192, -0.025004836), (0.03903611, -0.048900925, -0.0245), (0.03903611, -0.048900925, 0.0245), (0.039004836, -0.0488192, 0.025004836), (0.03894736, -0.048669007, 0.025326613), (0.038905896, -0.04856066, 0.025479922), (0.038891807, -0.04852384, 0.025523838), (0.03917082, -0.04844868, -0.025448684), (0.039191376, -0.048477754, -0.025403326), (0.03925, -0.04856066, -0.02525), (0.039326612, -0.048669007, -0.02494736), (0.039366025, -0.048724744, -0.0245), (0.039366025, -0.048724744, 0.0245), (0.039326612, -0.048669007, 0.02494736), (0.03925, -0.04856066, 0.02525), (0.039191376, -0.048477754, 0.025403326), (0.03917082, -0.04844868, 0.025448684), (0.039320376, -0.04838797, -0.02538797), (0.039342277, -0.04841167, -0.025342274), (0.039403327, -0.048477754, -0.025191376), (0.039479923, -0.04856066, -0.024905898), (0.039517898, -0.048601765, -0.0245), (0.039517898, -0.048601765, 0.0245), (0.039479923, -0.04856066, 0.024905898), (0.039403327, -0.048477754, 0.025191376), (0.039342277, -0.04841167, 0.025342274), (0.039320376, -0.04838797, 0.02538797), (-0.039342277, 0.04841167, -0.025342274), (-0.039320376, 0.04838797, -0.02538797), (-0.039403327, 0.048477754, -0.025191376), (-0.039479923, 0.04856066, -0.024905898), (-0.039517898, 0.048601765, -0.0245), (-0.039517898, 0.048601765, 0.0245), (-0.039479923, 0.04856066, 0.024905898), (-0.039403327, 0.048477754, 0.025191376), (-0.039342277, 0.04841167, 0.025342274), (-0.039320376, 0.04838797, 0.02538797), (-0.039191376, 0.048477754, -0.025403326), (-0.03917082, 0.04844868, -0.025448684), (-0.03925, 0.04856066, -0.02525), (-0.039326612, 0.048669007, -0.02494736), (-0.039366025, 0.048724744, -0.0245), (-0.039366025, 0.048724744, 0.0245), (-0.039326612, 0.048669007, 0.02494736), (-0.03925, 0.04856066, 0.02525), (-0.039191376, 0.048477754, 0.025403326), (-0.03917082, 0.04844868, 0.025448684), (-0.038905896, 0.04856066, -0.025479922), (-0.038891807, 0.04852384, -0.025523838), (-0.03894736, 0.048669007, -0.025326613), (-0.039004836, 0.0488192, -0.025004836), (-0.03903611, 0.048900925, -0.0245), (-0.03903611, 0.048900925, 0.0245), (-0.039004836, 0.0488192, 0.025004836), (-0.03894736, 0.048669007, 0.025326613), (-0.038905896, 0.04856066, 0.025479922), (-0.038891807, 0.04852384, 0.025523838), (-0.0385, 0.048601765, -0.025517898), (-0.0385, 0.04856066, -0.02556066), (-0.0385, 0.048724744, -0.025366025), (-0.0385, 0.048900925, -0.02503611), (-0.0385, 0.049, -0.0245), (-0.0385, 0.049, 0.0245), (-0.0385, 0.048900925, 0.02503611), (-0.0385, 0.048724744, 0.025366025), (-0.0385, 0.048601765, 0.025517898), (-0.0385, 0.04856066, 0.02556066), (0.0385, 0.048601765, -0.025517898), (0.0385, 0.04856066, -0.02556066), (0.0385, 0.048724744, -0.025366025), (0.0385, 0.048900925, -0.02503611), (0.0385, 0.049, -0.0245), (0.0385, 0.049, 0.0245), (0.0385, 0.048900925, 0.02503611), (0.0385, 0.048724744, 0.025366025), (0.0385, 0.048601765, 0.025517898), (0.0385, 0.04856066, 0.02556066), (0.038905896, 0.04856066, -0.025479922), (0.038891807, 0.04852384, -0.025523838), (0.03894736, 0.048669007, -0.025326613), (0.039004836, 0.0488192, -0.025004836), (0.03903611, 0.048900925, -0.0245), (0.03903611, 0.048900925, 0.0245), (0.039004836, 0.0488192, 0.025004836), (0.03894736, 0.048669007, 0.025326613), (0.038905896, 0.04856066, 0.025479922), (0.038891807, 0.04852384, 0.025523838), (0.039191376, 0.048477754, -0.025403326), (0.03917082, 0.04844868, -0.025448684), (0.03925, 0.04856066, -0.02525), (0.039326612, 0.048669007, -0.02494736), (0.039366025, 0.048724744, -0.0245), (0.039366025, 0.048724744, 0.0245), (0.039326612, 0.048669007, 0.02494736), (0.03925, 0.04856066, 0.02525), (0.039191376, 0.048477754, 0.025403326), (0.03917082, 0.04844868, 0.025448684), (0.039342277, 0.04841167, -0.025342274), (0.039320376, 0.04838797, -0.02538797), (0.039403327, 0.048477754, -0.025191376), (0.039479923, 0.04856066, -0.024905898), (0.039517898, 0.048601765, -0.0245), (0.039517898, 0.048601765, 0.0245), (0.039479923, 0.04856066, 0.024905898), (0.039403327, 0.048477754, 0.025191376), (0.039342277, 0.04841167, 0.025342274), (0.039320376, 0.04838797, 0.02538797), (-0.039342277, -0.048342276, -0.025411671), (-0.039403327, -0.048191376, -0.025477754), (-0.039479923, -0.047905896, -0.02556066), (-0.039517898, -0.0475, -0.025601765), (-0.039517898, 0.0475, -0.025601765), (-0.039479923, 0.047905896, -0.02556066), (-0.039403327, 0.048191376, -0.025477754), (-0.039342277, 0.048342276, -0.025411671), (-0.039191376, -0.048403326, -0.025477754), (-0.03925, -0.04825, -0.02556066), (-0.039326612, -0.04794736, -0.025669008), (-0.039366025, -0.0475, -0.025724744), (-0.039366025, 0.0475, -0.025724744), (-0.039326612, 0.04794736, -0.025669008), (-0.03925, 0.04825, -0.02556066), (-0.039191376, 0.048403326, -0.025477754), (-0.038905896, -0.048479922, -0.02556066), (-0.03894736, -0.048326615, -0.025669008), (-0.039004836, -0.048004836, -0.025819197), (-0.03903611, -0.0475, -0.025900923), (-0.03903611, 0.0475, -0.025900923), (-0.039004836, 0.048004836, -0.025819197), (-0.03894736, 0.048326615, -0.025669008), (-0.038905896, 0.048479922, -0.02556066), (-0.0385, -0.048517898, -0.025601765), (-0.0385, -0.048366025, -0.025724744), (-0.0385, -0.04803611, -0.025900923), (-0.0385, -0.0475, -0.026), (-0.0385, 0.0475, -0.026), (-0.0385, 0.04803611, -0.025900923), (-0.0385, 0.048366025, -0.025724744), (-0.0385, 0.048517898, -0.025601765), (0.0385, -0.048517898, -0.025601765), (0.0385, -0.048366025, -0.025724744), (0.0385, -0.04803611, -0.025900923), (0.0385, -0.0475, -0.026), (0.0385, 0.0475, -0.026), (0.0385, 0.04803611, -0.025900923), (0.0385, 0.048366025, -0.025724744), (0.0385, 0.048517898, -0.025601765), (0.038905896, -0.048479922, -0.02556066), (0.03894736, -0.048326615, -0.025669008), (0.039004836, -0.048004836, -0.025819197), (0.03903611, -0.0475, -0.025900923), (0.03903611, 0.0475, -0.025900923), (0.039004836, 0.048004836, -0.025819197), (0.03894736, 0.048326615, -0.025669008), (0.038905896, 0.048479922, -0.02556066), (0.039191376, -0.048403326, -0.025477754), (0.03925, -0.04825, -0.02556066), (0.039326612, -0.04794736, -0.025669008), (0.039366025, -0.0475, -0.025724744), (0.039366025, 0.0475, -0.025724744), (0.039326612, 0.04794736, -0.025669008), (0.03925, 0.04825, -0.02556066), (0.039191376, 0.048403326, -0.025477754), (0.039342277, -0.048342276, -0.025411671), (0.039403327, -0.048191376, -0.025477754), (0.039479923, -0.047905896, -0.02556066), (0.039517898, -0.0475, -0.025601765), (0.039517898, 0.0475, -0.025601765), (0.039479923, 0.047905896, -0.02556066), (0.039403327, 0.048191376, -0.025477754), (0.039342277, 0.048342276, -0.025411671), (-0.039342277, -0.048342276, 0.025411671), (-0.039403327, -0.048191376, 0.025477754), (-0.039479923, -0.047905896, 0.02556066), (-0.039517898, -0.0475, 0.025601765), (-0.039517898, 0.0475, 0.025601765), (-0.039479923, 0.047905896, 0.02556066), (-0.039403327, 0.048191376, 0.025477754), (-0.039342277, 0.048342276, 0.025411671), (-0.039191376, -0.048403326, 0.025477754), (-0.03925, -0.04825, 0.02556066), (-0.039326612, -0.04794736, 0.025669008), (-0.039366025, -0.0475, 0.025724744), (-0.039366025, 0.0475, 0.025724744), (-0.039326612, 0.04794736, 0.025669008), (-0.03925, 0.04825, 0.02556066), (-0.039191376, 0.048403326, 0.025477754), (-0.038905896, -0.048479922, 0.02556066), (-0.03894736, -0.048326615, 0.025669008), (-0.039004836, -0.048004836, 0.025819197), (-0.03903611, -0.0475, 0.025900923), (-0.03903611, 0.0475, 0.025900923), (-0.039004836, 0.048004836, 0.025819197), (-0.03894736, 0.048326615, 0.025669008), (-0.038905896, 0.048479922, 0.02556066), (-0.0385, -0.048517898, 0.025601765), (-0.0385, -0.048366025, 0.025724744), (-0.0385, -0.04803611, 0.025900923), (-0.0385, -0.0475, 0.026), (-0.0385, 0.0475, 0.026), (-0.0385, 0.04803611, 0.025900923), (-0.0385, 0.048366025, 0.025724744), (-0.0385, 0.048517898, 0.025601765), (0.0385, -0.048517898, 0.025601765), (0.0385, -0.048366025, 0.025724744), (0.0385, -0.04803611, 0.025900923), (0.0385, -0.0475, 0.026), (0.0385, 0.0475, 0.026), (0.0385, 0.04803611, 0.025900923), (0.0385, 0.048366025, 0.025724744), (0.0385, 0.048517898, 0.025601765), (0.038905896, -0.048479922, 0.02556066), (0.03894736, -0.048326615, 0.025669008), (0.039004836, -0.048004836, 0.025819197), (0.03903611, -0.0475, 0.025900923), (0.03903611, 0.0475, 0.025900923), (0.039004836, 0.048004836, 0.025819197), (0.03894736, 0.048326615, 0.025669008), (0.038905896, 0.048479922, 0.02556066), (0.039191376, -0.048403326, 0.025477754), (0.03925, -0.04825, 0.02556066), (0.039326612, -0.04794736, 0.025669008), (0.039366025, -0.0475, 0.025724744), (0.039366025, 0.0475, 0.025724744), (0.039326612, 0.04794736, 0.025669008), (0.03925, 0.04825, 0.02556066), (0.039191376, 0.048403326, 0.025477754), (0.039342277, -0.048342276, 0.025411671), (0.039403327, -0.048191376, 0.025477754), (0.039479923, -0.047905896, 0.02556066), (0.039517898, -0.0475, 0.025601765), (0.039517898, 0.0475, 0.025601765), (0.039479923, 0.047905896, 0.02556066), (0.039403327, 0.048191376, 0.025477754), (0.039342277, 0.048342276, 0.025411671)]
                    uniform token subdivisionScheme = "none"
                }
            }

            def Xform "Battery_1" (
                prepend apiSchemas = ["PhysicsRigidBodyAPI", "PhysicsMassAPI", "PhysxRigidBodyAPI"]
                customData = {
                    string local_axis = "X"
                    string mass_source = "provisional estimate"
                    string role = "graspable battery"
                }
            )
            {
                bool physics:kinematicEnabled = 0
                float physics:mass = 0.02
                bool physics:rigidBodyEnabled = 1
                bool physxRigidBody:enableCCD = 1
                bool physxRigidBody:enableGyroscopicForces = 1
                float physxRigidBody:sleepThreshold = 0.00001
                int physxRigidBody:solverPositionIterationCount = 16
                int physxRigidBody:solverVelocityIterationCount = 4
                quatd xformOp:orient = (0.8660254037844387, 0, 0, 0.49999999999999994)
                double3 xformOp:translate = (-0.273, -0.059000000000000004, 0.79825)
                uniform token[] xformOpOrder = ["xformOp:translate", "xformOp:orient"]

                def Cylinder "Wrap" (
                    prepend apiSchemas = ["MaterialBindingAPI"]
                )
                {
                    uniform token axis = "X"
                    float3[] extent = [(-0.0235, -0.00625, -0.00625), (0.0235, 0.00625, 0.00625)]
                    double height = 0.047
                    rel material:binding = </World/BatteryWorkcell/Props/Looks/CyanBatteryWrap>
                    double radius = 0.00625
                    double3 xformOp:translate = (0, 0, 0)
                    uniform token[] xformOpOrder = ["xformOp:translate"]
                }

                def Cylinder "NegativeTerminal" (
                    prepend apiSchemas = ["MaterialBindingAPI"]
                )
                {
                    uniform token axis = "X"
                    float3[] extent = [(-0.0005, -0.006, -0.006), (0.0005, 0.006, 0.006)]
                    double height = 0.001
                    rel material:binding = </World/BatteryWorkcell/Props/Looks/SilverTerminals>
                    double radius = 0.006
                    double3 xformOp:translate = (-0.024, 0, 0)
                    uniform token[] xformOpOrder = ["xformOp:translate"]
                }

                def Cylinder "PositiveRim" (
                    prepend apiSchemas = ["MaterialBindingAPI"]
                )
                {
                    uniform token axis = "X"
                    float3[] extent = [(-0.00025, -0.006, -0.006), (0.00025, 0.006, 0.006)]
                    double height = 0.0005
                    rel material:binding = </World/BatteryWorkcell/Props/Looks/SilverTerminals>
                    double radius = 0.006
                    double3 xformOp:translate = (0.02375, 0, 0)
                    uniform token[] xformOpOrder = ["xformOp:translate"]
                }

                def Cylinder "PositiveButton" (
                    prepend apiSchemas = ["MaterialBindingAPI"]
                )
                {
                    uniform token axis = "X"
                    float3[] extent = [(-0.00025, -0.00225, -0.00225), (0.00025, 0.00225, 0.00225)]
                    double height = 0.0005
                    rel material:binding = </World/BatteryWorkcell/Props/Looks/SilverTerminals>
                    double radius = 0.00225
                    double3 xformOp:translate = (0.02425, 0, 0)
                    uniform token[] xformOpOrder = ["xformOp:translate"]
                }

                def Cylinder "Collision" (
                    prepend apiSchemas = ["PhysicsCollisionAPI", "PhysxCollisionAPI", "MaterialBindingAPI"]
                )
                {
                    uniform token axis = "X"
                    float3[] extent = [(-0.0245, -0.00625, -0.00625), (0.0245, 0.00625, 0.00625)]
                    double height = 0.049
                    rel material:binding:physics = </World/BatteryWorkcell/Props/PhysicsMaterials/Battery> (
                        bindMaterialAs = "weakerThanDescendants"
                    )
                    bool physics:collisionEnabled = 1
                    float physxCollision:contactOffset = 0.0002
                    float physxCollision:restOffset = 0
                    double radius = 0.00625
                    token visibility = "invisible"
                    double3 xformOp:translate = (0, 0, 0)
                    uniform token[] xformOpOrder = ["xformOp:translate"]
                }
            }

            def Xform "YellowFoam_2" (
                customData = {
                    string physics_model = "static rigid; deformation not simulated"
                    string role = "yellow support foam"
                }
            )
            {
                quatd xformOp:orient = (1, 0, 0, 0)
                double3 xformOp:translate = (0.215, -0.067, 0.766)
                uniform token[] xformOpOrder = ["xformOp:translate", "xformOp:orient"]

                def Mesh "Body" (
                    prepend apiSchemas = ["MaterialBindingAPI", "PhysicsCollisionAPI", "PhysicsMeshCollisionAPI", "PhysxCollisionAPI"]
                )
                {
                    uniform bool doubleSided = 0
                    float3[] extent = [(-0.04, -0.049, -0.026), (0.04, 0.049, 0.026)]
                    int[] faceVertexCounts = [3, 3, 3, 3, 3, 3, 3, 3, 3, 3, 3, 3, 3, 3, 3, 3, 3, 3, 3, 3, 3, 3, 3, 3, 3, 3, 3, 3, 3, 3, 3, 3, 3, 3, 3, 3, 3, 3, 3, 3, 3, 3, 3, 3, 3, 3, 3, 3, 3, 3, 3, 3, 3, 3, 3, 3, 3, 3, 3, 3, 3, 3, 3, 3, 3, 3, 3, 3, 3, 3, 3, 3, 3, 3, 3, 3, 3, 3, 3, 3, 3, 3, 3, 3, 3, 3, 3, 3, 3, 3, 3, 3, 3, 3, 3, 3, 3, 3, 3, 3, 3, 3, 3, 3, 3, 3, 3, 3, 3, 3, 3, 3, 3, 3, 3, 3, 3, 3, 3, 3, 3, 3, 3, 3, 3, 3, 3, 3, 3, 3, 3, 3, 3, 3, 3, 3, 3, 3, 3, 3, 3, 3, 3, 3, 3, 3, 3, 3, 3, 3, 3, 3, 3, 3, 3, 3, 3, 3, 3, 3, 3, 3, 3, 3, 3, 3, 3, 3, 3, 3, 3, 3, 3, 3, 3, 3, 3, 3, 3, 3, 3, 3, 3, 3, 3, 3, 3, 3, 3, 3, 3, 3, 3, 3, 3, 3, 3, 3, 3, 3, 3, 3, 3, 3, 3, 3, 3, 3, 3, 3, 3, 3, 3, 3, 3, 3, 3, 3, 3, 3, 3, 3, 3, 3, 3, 3, 3, 3, 3, 3, 3, 3, 3, 3, 3, 3, 3, 3, 3, 3, 3, 3, 3, 3, 3, 3, 3, 3, 3, 3, 3, 3, 3, 3, 3, 3, 3, 3, 3, 3, 3, 3, 3, 3, 3, 3, 3, 3, 3, 3, 3, 3, 3, 3, 3, 3, 3, 3, 3, 3, 3, 3, 3, 3, 3, 3, 3, 3, 3, 3, 3, 3, 3, 3, 3, 3, 3, 3, 3, 3, 3, 3, 3, 3, 3, 3, 3, 3, 3, 3, 3, 3, 3, 3, 3, 3, 3, 3, 3, 3, 3, 3, 3, 3, 3, 3, 3, 3, 3, 3, 3, 3, 3, 3, 3, 3, 3, 3, 3, 3, 3, 3, 3, 3, 3, 3, 3, 3, 3, 3, 3, 3, 3, 3, 3, 3, 3, 3, 3, 3, 3, 3, 3, 3, 3, 3, 3, 3, 3, 3, 3, 3, 3, 3, 3, 3, 3, 3, 3, 3, 3, 3, 3, 3, 3, 3, 3, 3, 3, 3, 3, 3, 3, 3, 3, 3, 3, 3, 3, 3, 3, 3, 3, 3, 3, 3, 3, 3, 3, 3, 3, 3, 3, 3, 3, 3, 3, 3, 3, 3, 3, 3, 3, 3, 3, 3, 3, 3, 3, 3, 3, 3, 3, 3, 3, 3, 3, 3, 3, 3, 3, 3, 3, 3, 3, 3, 3, 3, 3, 3, 3, 3, 3, 3, 3, 3, 3, 3, 3, 3, 3, 3, 3, 3, 3, 3, 3, 3, 3, 3, 3, 3, 3, 3, 3, 3, 3, 3, 3, 3, 3, 3, 3, 3, 3, 3, 3, 3, 3, 3, 3, 3, 3, 3, 3, 3, 3, 3, 3, 3, 3, 3, 3, 3, 3, 3, 3, 3, 3, 3, 3, 3, 3, 3, 3, 3, 3, 3, 3, 3, 3, 3, 3, 3, 3, 3, 3, 3, 3, 3, 3, 3, 3, 3, 3, 3, 3, 3, 3, 3, 3, 3, 3, 3, 3, 3, 3, 3, 3, 3, 3, 3, 3, 3, 3, 3, 3, 3, 3, 3, 3, 3, 3, 3, 3, 3, 3, 3, 3, 3, 3, 3, 3, 3, 3, 3, 3, 3, 3, 3, 3, 3, 3, 3, 3, 3, 3, 3, 3, 3, 3, 3, 3, 3, 3, 3, 3, 3, 3, 3, 3, 3, 3, 3, 3, 3, 3, 3, 3, 3, 3, 3, 3, 3, 3, 3, 3, 3, 3, 3, 3, 3, 3, 3, 3, 3, 3, 3, 3, 3, 3, 3, 3, 3, 3, 3, 3, 3, 3, 3, 3, 3, 3, 3, 3, 3, 3, 3, 3, 3, 3, 3, 3, 3, 3, 3, 3, 3, 3, 3, 3, 3, 3, 3, 3, 3, 3, 3, 3, 3, 3, 3, 3, 3, 3, 3, 3, 3, 3, 3, 3, 3, 3, 3, 3, 3, 3, 3, 3, 3, 3, 3, 3, 3, 3, 3, 3, 3, 3, 3, 3, 3, 3, 3, 3, 3, 3, 3, 3, 3, 3, 3, 3, 3, 3, 3, 3, 3, 3, 3, 3, 3, 3, 3, 3, 3, 3, 3, 3, 3, 3, 3, 3, 3, 3, 3, 3, 3, 3, 3, 3, 3, 3, 3, 3, 3, 3, 3, 3, 3, 3, 3, 3, 3, 3, 3, 3, 3, 3, 3, 3, 3, 3, 3, 3, 3, 3, 3, 3, 3, 3, 3, 3, 3, 3, 3, 3, 3, 3, 3, 3, 3, 3, 3, 3, 3, 3, 3, 3, 3, 3, 3, 3, 3, 3, 3, 3, 3, 3, 3, 3, 3, 3, 3, 3, 3, 3, 3, 3, 3, 3, 3, 3, 3, 3, 3, 3, 3, 3, 3, 3, 3, 3, 3, 3, 3, 3, 3, 3, 3, 3, 3, 3, 3, 3, 3, 3, 3, 3, 3, 3, 3, 3, 3, 3, 3, 3, 3, 3, 3, 3, 3, 3, 3, 3, 3, 3, 3, 3, 3, 3, 3, 3, 3, 3, 3, 3, 3, 3, 3, 3, 3, 3, 3, 3, 3, 3, 3, 3, 3, 3, 3, 3, 3, 3, 3, 3, 3, 3, 3, 3, 3, 3, 3, 3, 3, 3, 3, 3, 3, 3, 3, 3, 3, 3, 3, 3, 3, 3, 3, 3, 3, 3, 3, 3, 3, 3, 3, 3, 3, 3, 3, 3, 3, 3, 3, 3, 3, 3, 3, 3, 3, 3, 3, 3, 3, 3, 3, 3, 3, 3, 3, 3, 3, 3, 3, 3, 3, 3, 3, 3, 3, 3, 3, 3, 3, 3, 3, 3, 3, 3, 3, 3, 3, 3, 3, 3, 3, 3, 3, 3, 3]
                    int[] faceVertexIndices = [0, 1, 2, 0, 2, 3, 4, 5, 1, 4, 1, 0, 6, 7, 5, 6, 5, 4, 8, 9, 7, 8, 7, 6, 10, 11, 9, 10, 9, 8, 12, 13, 11, 12, 11, 10, 14, 15, 13, 14, 13, 12, 16, 17, 15, 16, 15, 14, 18, 19, 17, 18, 17, 16, 1, 20, 21, 1, 21, 2, 5, 22, 20, 5, 20, 1, 7, 23, 22, 7, 22, 5, 9, 24, 23, 9, 23, 7, 11, 25, 24, 11, 24, 9, 13, 26, 25, 13, 25, 11, 15, 27, 26, 15, 26, 13, 17, 28, 27, 17, 27, 15, 19, 29, 28, 19, 28, 17, 20, 30, 31, 20, 31, 21, 22, 32, 30, 22, 30, 20, 23, 33, 32, 23, 32, 22, 24, 34, 33, 24, 33, 23, 25, 35, 34, 25, 34, 24, 26, 36, 35, 26, 35, 25, 27, 37, 36, 27, 36, 26, 28, 38, 37, 28, 37, 27, 29, 39, 38, 29, 38, 28, 30, 40, 41, 30, 41, 31, 32, 42, 40, 32, 40, 30, 33, 43, 42, 33, 42, 32, 34, 44, 43, 34, 43, 33, 35, 45, 44, 35, 44, 34, 36, 46, 45, 36, 45, 35, 37, 47, 46, 37, 46, 36, 38, 48, 47, 38, 47, 37, 39, 49, 48, 39, 48, 38, 40, 50, 51, 40, 51, 41, 42, 52, 50, 42, 50, 40, 43, 53, 52, 43, 52, 42, 44, 54, 53, 44, 53, 43, 45, 55, 54, 45, 54, 44, 46, 56, 55, 46, 55, 45, 47, 57, 56, 47, 56, 46, 48, 58, 57, 48, 57, 47, 49, 59, 58, 49, 58, 48, 50, 60, 61, 50, 61, 51, 52, 62, 60, 52, 60, 50, 53, 63, 62, 53, 62, 52, 54, 64, 63, 54, 63, 53, 55, 65, 64, 55, 64, 54, 56, 66, 65, 56, 65, 55, 57, 67, 66, 57, 66, 56, 58, 68, 67, 58, 67, 57, 59, 69, 68, 59, 68, 58, 60, 70, 71, 60, 71, 61, 62, 72, 70, 62, 70, 60, 63, 73, 72, 63, 72, 62, 64, 74, 73, 64, 73, 63, 65, 75, 74, 65, 74, 64, 66, 76, 75, 66, 75, 65, 67, 77, 76, 67, 76, 66, 68, 78, 77, 68, 77, 67, 69, 79, 78, 69, 78, 68, 70, 80, 81, 70, 81, 71, 72, 82, 80, 72, 80, 70, 73, 83, 82, 73, 82, 72, 74, 84, 83, 74, 83, 73, 75, 85, 84, 75, 84, 74, 76, 86, 85, 76, 85, 75, 77, 87, 86, 77, 86, 76, 78, 88, 87, 78, 87, 77, 79, 89, 88, 79, 88, 78, 80, 90, 91, 80, 91, 81, 82, 92, 90, 82, 90, 80, 83, 93, 92, 83, 92, 82, 84, 94, 93, 84, 93, 83, 85, 95, 94, 85, 94, 84, 86, 96, 95, 86, 95, 85, 87, 97, 96, 87, 96, 86, 88, 98, 97, 88, 97, 87, 89, 99, 98, 89, 98, 88, 100, 101, 102, 100, 102, 103, 103, 102, 104, 103, 104, 105, 105, 104, 106, 105, 106, 107, 107, 106, 108, 107, 108, 109, 109, 108, 110, 109, 110, 111, 111, 110, 112, 111, 112, 113, 113, 112, 114, 113, 114, 115, 115, 114, 116, 115, 116, 117, 117, 116, 118, 117, 118, 119, 101, 120, 121, 101, 121, 102, 102, 121, 122, 102, 122, 104, 104, 122, 123, 104, 123, 106, 106, 123, 124, 106, 124, 108, 108, 124, 125, 108, 125, 110, 110, 125, 126, 110, 126, 112, 112, 126, 127, 112, 127, 114, 114, 127, 128, 114, 128, 116, 116, 128, 129, 116, 129, 118, 120, 130, 131, 120, 131, 121, 121, 131, 132, 121, 132, 122, 122, 132, 133, 122, 133, 123, 123, 133, 134, 123, 134, 124, 124, 134, 135, 124, 135, 125, 125, 135, 136, 125, 136, 126, 126, 136, 137, 126, 137, 127, 127, 137, 138, 127, 138, 128, 128, 138, 139, 128, 139, 129, 130, 140, 141, 130, 141, 131, 131, 141, 142, 131, 142, 132, 132, 142, 143, 132, 143, 133, 133, 143, 144, 133, 144, 134, 134, 144, 145, 134, 145, 135, 135, 145, 146, 135, 146, 136, 136, 146, 147, 136, 147, 137, 137, 147, 148, 137, 148, 138, 138, 148, 149, 138, 149, 139, 140, 150, 151, 140, 151, 141, 141, 151, 152, 141, 152, 142, 142, 152, 153, 142, 153, 143, 143, 153, 154, 143, 154, 144, 144, 154, 155, 144, 155, 145, 145, 155, 156, 145, 156, 146, 146, 156, 157, 146, 157, 147, 147, 157, 158, 147, 158, 148, 148, 158, 159, 148, 159, 149, 150, 160, 161, 150, 161, 151, 151, 161, 162, 151, 162, 152, 152, 162, 163, 152, 163, 153, 153, 163, 164, 153, 164, 154, 154, 164, 165, 154, 165, 155, 155, 165, 166, 155, 166, 156, 156, 166, 167, 156, 167, 157, 157, 167, 168, 157, 168, 158, 158, 168, 169, 158, 169, 159, 160, 170, 171, 160, 171, 161, 161, 171, 172, 161, 172, 162, 162, 172, 173, 162, 173, 163, 163, 173, 174, 163, 174, 164, 164, 174, 175, 164, 175, 165, 165, 175, 176, 165, 176, 166, 166, 176, 177, 166, 177, 167, 167, 177, 178, 167, 178, 168, 168, 178, 179, 168, 179, 169, 170, 180, 181, 170, 181, 171, 171, 181, 182, 171, 182, 172, 172, 182, 183, 172, 183, 173, 173, 183, 184, 173, 184, 174, 174, 184, 185, 174, 185, 175, 175, 185, 186, 175, 186, 176, 176, 186, 187, 176, 187, 177, 177, 187, 188, 177, 188, 178, 178, 188, 189, 178, 189, 179, 180, 190, 191, 180, 191, 181, 181, 191, 192, 181, 192, 182, 182, 192, 193, 182, 193, 183, 183, 193, 194, 183, 194, 184, 184, 194, 195, 184, 195, 185, 185, 195, 196, 185, 196, 186, 186, 196, 197, 186, 197, 187, 187, 197, 198, 187, 198, 188, 188, 198, 199, 188, 199, 189, 3, 200, 201, 3, 201, 0, 0, 201, 202, 0, 202, 4, 4, 202, 203, 4, 203, 6, 6, 203, 204, 6, 204, 8, 8, 204, 205, 8, 205, 10, 10, 205, 206, 10, 206, 12, 12, 206, 207, 12, 207, 14, 14, 207, 208, 14, 208, 16, 16, 208, 209, 16, 209, 18, 200, 210, 211, 200, 211, 201, 201, 211, 212, 201, 212, 202, 202, 212, 213, 202, 213, 203, 203, 213, 214, 203, 214, 204, 204, 214, 215, 204, 215, 205, 205, 215, 216, 205, 216, 206, 206, 216, 217, 206, 217, 207, 207, 217, 218, 207, 218, 208, 208, 218, 219, 208, 219, 209, 210, 220, 221, 210, 221, 211, 211, 221, 222, 211, 222, 212, 212, 222, 223, 212, 223, 213, 213, 223, 224, 213, 224, 214, 214, 224, 225, 214, 225, 215, 215, 225, 226, 215, 226, 216, 216, 226, 227, 216, 227, 217, 217, 227, 228, 217, 228, 218, 218, 228, 229, 218, 229, 219, 220, 230, 231, 220, 231, 221, 221, 231, 232, 221, 232, 222, 222, 232, 233, 222, 233, 223, 223, 233, 234, 223, 234, 224, 224, 234, 235, 224, 235, 225, 225, 235, 236, 225, 236, 226, 226, 236, 237, 226, 237, 227, 227, 237, 238, 227, 238, 228, 228, 238, 239, 228, 239, 229, 230, 240, 241, 230, 241, 231, 231, 241, 242, 231, 242, 232, 232, 242, 243, 232, 243, 233, 233, 243, 244, 233, 244, 234, 234, 244, 245, 234, 245, 235, 235, 245, 246, 235, 246, 236, 236, 246, 247, 236, 247, 237, 237, 247, 248, 237, 248, 238, 238, 248, 249, 238, 249, 239, 240, 250, 251, 240, 251, 241, 241, 251, 252, 241, 252, 242, 242, 252, 253, 242, 253, 243, 243, 253, 254, 243, 254, 244, 244, 254, 255, 244, 255, 245, 245, 255, 256, 245, 256, 246, 246, 256, 257, 246, 257, 247, 247, 257, 258, 247, 258, 248, 248, 258, 259, 248, 259, 249, 250, 260, 261, 250, 261, 251, 251, 261, 262, 251, 262, 252, 252, 262, 263, 252, 263, 253, 253, 263, 264, 253, 264, 254, 254, 264, 265, 254, 265, 255, 255, 265, 266, 255, 266, 256, 256, 266, 267, 256, 267, 257, 257, 267, 268, 257, 268, 258, 258, 268, 269, 258, 269, 259, 260, 270, 271, 260, 271, 261, 261, 271, 272, 261, 272, 262, 262, 272, 273, 262, 273, 263, 263, 273, 274, 263, 274, 264, 264, 274, 275, 264, 275, 265, 265, 275, 276, 265, 276, 266, 266, 276, 277, 266, 277, 267, 267, 277, 278, 267, 278, 268, 268, 278, 279, 268, 279, 269, 270, 100, 103, 270, 103, 271, 271, 103, 105, 271, 105, 272, 272, 105, 107, 272, 107, 273, 273, 107, 109, 273, 109, 274, 274, 109, 111, 274, 111, 275, 275, 111, 113, 275, 113, 276, 276, 113, 115, 276, 115, 277, 277, 115, 117, 277, 117, 278, 278, 117, 119, 278, 119, 279, 90, 280, 281, 90, 281, 91, 92, 282, 280, 92, 280, 90, 93, 283, 282, 93, 282, 92, 94, 284, 283, 94, 283, 93, 95, 285, 284, 95, 284, 94, 96, 286, 285, 96, 285, 95, 97, 287, 286, 97, 286, 96, 98, 288, 287, 98, 287, 97, 99, 289, 288, 99, 288, 98, 280, 290, 291, 280, 291, 281, 282, 292, 290, 282, 290, 280, 283, 293, 292, 283, 292, 282, 284, 294, 293, 284, 293, 283, 285, 295, 294, 285, 294, 284, 286, 296, 295, 286, 295, 285, 287, 297, 296, 287, 296, 286, 288, 298, 297, 288, 297, 287, 289, 299, 298, 289, 298, 288, 290, 300, 301, 290, 301, 291, 292, 302, 300, 292, 300, 290, 293, 303, 302, 293, 302, 292, 294, 304, 303, 294, 303, 293, 295, 305, 304, 295, 304, 294, 296, 306, 305, 296, 305, 295, 297, 307, 306, 297, 306, 296, 298, 308, 307, 298, 307, 297, 299, 309, 308, 299, 308, 298, 300, 310, 311, 300, 311, 301, 302, 312, 310, 302, 310, 300, 303, 313, 312, 303, 312, 302, 304, 314, 313, 304, 313, 303, 305, 315, 314, 305, 314, 304, 306, 316, 315, 306, 315, 305, 307, 317, 316, 307, 316, 306, 308, 318, 317, 308, 317, 307, 309, 319, 318, 309, 318, 308, 310, 320, 321, 310, 321, 311, 312, 322, 320, 312, 320, 310, 313, 323, 322, 313, 322, 312, 314, 324, 323, 314, 323, 313, 315, 325, 324, 315, 324, 314, 316, 326, 325, 316, 325, 315, 317, 327, 326, 317, 326, 316, 318, 328, 327, 318, 327, 317, 319, 329, 328, 319, 328, 318, 320, 330, 331, 320, 331, 321, 322, 332, 330, 322, 330, 320, 323, 333, 332, 323, 332, 322, 324, 334, 333, 324, 333, 323, 325, 335, 334, 325, 334, 324, 326, 336, 335, 326, 335, 325, 327, 337, 336, 327, 336, 326, 328, 338, 337, 328, 337, 327, 329, 339, 338, 329, 338, 328, 330, 340, 341, 330, 341, 331, 332, 342, 340, 332, 340, 330, 333, 343, 342, 333, 342, 332, 334, 344, 343, 334, 343, 333, 335, 345, 344, 335, 344, 334, 336, 346, 345, 336, 345, 335, 337, 347, 346, 337, 346, 336, 338, 348, 347, 338, 347, 337, 339, 349, 348, 339, 348, 338, 340, 350, 351, 340, 351, 341, 342, 352, 350, 342, 350, 340, 343, 353, 352, 343, 352, 342, 344, 354, 353, 344, 353, 343, 345, 355, 354, 345, 354, 344, 346, 356, 355, 346, 355, 345, 347, 357, 356, 347, 356, 346, 348, 358, 357, 348, 357, 347, 349, 359, 358, 349, 358, 348, 350, 191, 190, 350, 190, 351, 352, 192, 191, 352, 191, 350, 353, 193, 192, 353, 192, 352, 354, 194, 193, 354, 193, 353, 355, 195, 194, 355, 194, 354, 356, 196, 195, 356, 195, 355, 357, 197, 196, 357, 196, 356, 358, 198, 197, 358, 197, 357, 359, 199, 198, 359, 198, 358, 2, 360, 200, 2, 200, 3, 21, 361, 360, 21, 360, 2, 31, 362, 361, 31, 361, 21, 41, 363, 362, 41, 362, 31, 51, 364, 363, 51, 363, 41, 61, 365, 364, 61, 364, 51, 71, 366, 365, 71, 365, 61, 81, 367, 366, 81, 366, 71, 91, 281, 367, 91, 367, 81, 360, 368, 210, 360, 210, 200, 361, 369, 368, 361, 368, 360, 362, 370, 369, 362, 369, 361, 363, 371, 370, 363, 370, 362, 364, 372, 371, 364, 371, 363, 365, 373, 372, 365, 372, 364, 366, 374, 373, 366, 373, 365, 367, 375, 374, 367, 374, 366, 281, 291, 375, 281, 375, 367, 368, 376, 220, 368, 220, 210, 369, 377, 376, 369, 376, 368, 370, 378, 377, 370, 377, 369, 371, 379, 378, 371, 378, 370, 372, 380, 379, 372, 379, 371, 373, 381, 380, 373, 380, 372, 374, 382, 381, 374, 381, 373, 375, 383, 382, 375, 382, 374, 291, 301, 383, 291, 383, 375, 376, 384, 230, 376, 230, 220, 377, 385, 384, 377, 384, 376, 378, 386, 385, 378, 385, 377, 379, 387, 386, 379, 386, 378, 380, 388, 387, 380, 387, 379, 381, 389, 388, 381, 388, 380, 382, 390, 389, 382, 389, 381, 383, 391, 390, 383, 390, 382, 301, 311, 391, 301, 391, 383, 384, 392, 240, 384, 240, 230, 385, 393, 392, 385, 392, 384, 386, 394, 393, 386, 393, 385, 387, 395, 394, 387, 394, 386, 388, 396, 395, 388, 395, 387, 389, 397, 396, 389, 396, 388, 390, 398, 397, 390, 397, 389, 391, 399, 398, 391, 398, 390, 311, 321, 399, 311, 399, 391, 392, 400, 250, 392, 250, 240, 393, 401, 400, 393, 400, 392, 394, 402, 401, 394, 401, 393, 395, 403, 402, 395, 402, 394, 396, 404, 403, 396, 403, 395, 397, 405, 404, 397, 404, 396, 398, 406, 405, 398, 405, 397, 399, 407, 406, 399, 406, 398, 321, 331, 407, 321, 407, 399, 400, 408, 260, 400, 260, 250, 401, 409, 408, 401, 408, 400, 402, 410, 409, 402, 409, 401, 403, 411, 410, 403, 410, 402, 404, 412, 411, 404, 411, 403, 405, 413, 412, 405, 412, 404, 406, 414, 413, 406, 413, 405, 407, 415, 414, 407, 414, 406, 331, 341, 415, 331, 415, 407, 408, 416, 270, 408, 270, 260, 409, 417, 416, 409, 416, 408, 410, 418, 417, 410, 417, 409, 411, 419, 418, 411, 418, 410, 412, 420, 419, 412, 419, 411, 413, 421, 420, 413, 420, 412, 414, 422, 421, 414, 421, 413, 415, 423, 422, 415, 422, 414, 341, 351, 423, 341, 423, 415, 416, 101, 100, 416, 100, 270, 417, 120, 101, 417, 101, 416, 418, 130, 120, 418, 120, 417, 419, 140, 130, 419, 130, 418, 420, 150, 140, 420, 140, 419, 421, 160, 150, 421, 150, 420, 422, 170, 160, 422, 160, 421, 423, 180, 170, 423, 170, 422, 351, 190, 180, 351, 180, 423, 18, 209, 424, 18, 424, 19, 19, 424, 425, 19, 425, 29, 29, 425, 426, 29, 426, 39, 39, 426, 427, 39, 427, 49, 49, 427, 428, 49, 428, 59, 59, 428, 429, 59, 429, 69, 69, 429, 430, 69, 430, 79, 79, 430, 431, 79, 431, 89, 89, 431, 289, 89, 289, 99, 209, 219, 432, 209, 432, 424, 424, 432, 433, 424, 433, 425, 425, 433, 434, 425, 434, 426, 426, 434, 435, 426, 435, 427, 427, 435, 436, 427, 436, 428, 428, 436, 437, 428, 437, 429, 429, 437, 438, 429, 438, 430, 430, 438, 439, 430, 439, 431, 431, 439, 299, 431, 299, 289, 219, 229, 440, 219, 440, 432, 432, 440, 441, 432, 441, 433, 433, 441, 442, 433, 442, 434, 434, 442, 443, 434, 443, 435, 435, 443, 444, 435, 444, 436, 436, 444, 445, 436, 445, 437, 437, 445, 446, 437, 446, 438, 438, 446, 447, 438, 447, 439, 439, 447, 309, 439, 309, 299, 229, 239, 448, 229, 448, 440, 440, 448, 449, 440, 449, 441, 441, 449, 450, 441, 450, 442, 442, 450, 451, 442, 451, 443, 443, 451, 452, 443, 452, 444, 444, 452, 453, 444, 453, 445, 445, 453, 454, 445, 454, 446, 446, 454, 455, 446, 455, 447, 447, 455, 319, 447, 319, 309, 239, 249, 456, 239, 456, 448, 448, 456, 457, 448, 457, 449, 449, 457, 458, 449, 458, 450, 450, 458, 459, 450, 459, 451, 451, 459, 460, 451, 460, 452, 452, 460, 461, 452, 461, 453, 453, 461, 462, 453, 462, 454, 454, 462, 463, 454, 463, 455, 455, 463, 329, 455, 329, 319, 249, 259, 464, 249, 464, 456, 456, 464, 465, 456, 465, 457, 457, 465, 466, 457, 466, 458, 458, 466, 467, 458, 467, 459, 459, 467, 468, 459, 468, 460, 460, 468, 469, 460, 469, 461, 461, 469, 470, 461, 470, 462, 462, 470, 471, 462, 471, 463, 463, 471, 339, 463, 339, 329, 259, 269, 472, 259, 472, 464, 464, 472, 473, 464, 473, 465, 465, 473, 474, 465, 474, 466, 466, 474, 475, 466, 475, 467, 467, 475, 476, 467, 476, 468, 468, 476, 477, 468, 477, 469, 469, 477, 478, 469, 478, 470, 470, 478, 479, 470, 479, 471, 471, 479, 349, 471, 349, 339, 269, 279, 480, 269, 480, 472, 472, 480, 481, 472, 481, 473, 473, 481, 482, 473, 482, 474, 474, 482, 483, 474, 483, 475, 475, 483, 484, 475, 484, 476, 476, 484, 485, 476, 485, 477, 477, 485, 486, 477, 486, 478, 478, 486, 487, 478, 487, 479, 479, 487, 359, 479, 359, 349, 279, 119, 118, 279, 118, 480, 480, 118, 129, 480, 129, 481, 481, 129, 139, 481, 139, 482, 482, 139, 149, 482, 149, 483, 483, 149, 159, 483, 159, 484, 484, 159, 169, 484, 169, 485, 485, 169, 179, 485, 179, 486, 486, 179, 189, 486, 189, 487, 487, 189, 199, 487, 199, 359]
                    rel material:binding = </World/BatteryWorkcell/Props/Looks/YellowFoam>
                    rel material:binding:physics = </World/BatteryWorkcell/Props/PhysicsMaterials/RigidYellowFoam> (
                        bindMaterialAs = "weakerThanDescendants"
                    )
                    uniform token physics:approximation = "none"
                    bool physics:collisionEnabled = 1
                    float physxCollision:contactOffset = 0.0005
                    float physxCollision:restOffset = 0
                    point3f[] points = [(-0.03938797, -0.04838797, -0.025320377), (-0.03941167, -0.048342276, -0.025342274), (-0.03938797, -0.048320375, -0.02538797), (-0.039366025, -0.048366025, -0.025366025), (-0.039448682, -0.04844868, -0.02517082), (-0.039477754, -0.048403326, -0.025191376), (-0.039523836, -0.04852384, -0.024891805), (-0.03956066, -0.048479922, -0.024905898), (-0.03956066, -0.04856066, -0.0245), (-0.039601766, -0.048517898, -0.0245), (-0.03956066, -0.04856066, 0.0245), (-0.039601766, -0.048517898, 0.0245), (-0.039523836, -0.04852384, 0.024891805), (-0.03956066, -0.048479922, 0.024905898), (-0.039448682, -0.04844868, 0.02517082), (-0.039477754, -0.048403326, 0.025191376), (-0.03938797, -0.04838797, 0.025320377), (-0.03941167, -0.048342276, 0.025342274), (-0.039366025, -0.048366025, 0.025366025), (-0.03938797, -0.048320375, 0.02538797), (-0.039477754, -0.048191376, -0.025403326), (-0.039448682, -0.04817082, -0.025448684), (-0.03956066, -0.04825, -0.02525), (-0.039669007, -0.048326615, -0.02494736), (-0.039724745, -0.048366025, -0.0245), (-0.039724745, -0.048366025, 0.0245), (-0.039669007, -0.048326615, 0.02494736), (-0.03956066, -0.04825, 0.02525), (-0.039477754, -0.048191376, 0.025403326), (-0.039448682, -0.04817082, 0.025448684), (-0.03956066, -0.047905896, -0.025479922), (-0.039523836, -0.047891807, -0.025523838), (-0.039669007, -0.04794736, -0.025326613), (-0.0398192, -0.048004836, -0.025004836), (-0.039900925, -0.04803611, -0.0245), (-0.039900925, -0.04803611, 0.0245), (-0.0398192, -0.048004836, 0.025004836), (-0.039669007, -0.04794736, 0.025326613), (-0.03956066, -0.047905896, 0.025479922), (-0.039523836, -0.047891807, 0.025523838), (-0.039601766, -0.0475, -0.025517898), (-0.03956066, -0.0475, -0.02556066), (-0.039724745, -0.0475, -0.025366025), (-0.039900925, -0.0475, -0.02503611), (-0.04, -0.0475, -0.0245), (-0.04, -0.0475, 0.0245), (-0.039900925, -0.0475, 0.02503611), (-0.039724745, -0.0475, 0.025366025), (-0.039601766, -0.0475, 0.025517898), (-0.03956066, -0.0475, 0.02556066), (-0.039601766, 0.0475, -0.025517898), (-0.03956066, 0.0475, -0.02556066), (-0.039724745, 0.0475, -0.025366025), (-0.039900925, 0.0475, -0.02503611), (-0.04, 0.0475, -0.0245), (-0.04, 0.0475, 0.0245), (-0.039900925, 0.0475, 0.02503611), (-0.039724745, 0.0475, 0.025366025), (-0.039601766, 0.0475, 0.025517898), (-0.03956066, 0.0475, 0.02556066), (-0.03956066, 0.047905896, -0.025479922), (-0.039523836, 0.047891807, -0.025523838), (-0.039669007, 0.04794736, -0.025326613), (-0.0398192, 0.048004836, -0.025004836), (-0.039900925, 0.04803611, -0.0245), (-0.039900925, 0.04803611, 0.0245), (-0.0398192, 0.048004836, 0.025004836), (-0.039669007, 0.04794736, 0.025326613), (-0.03956066, 0.047905896, 0.025479922), (-0.039523836, 0.047891807, 0.025523838), (-0.039477754, 0.048191376, -0.025403326), (-0.039448682, 0.04817082, -0.025448684), (-0.03956066, 0.04825, -0.02525), (-0.039669007, 0.048326615, -0.02494736), (-0.039724745, 0.048366025, -0.0245), (-0.039724745, 0.048366025, 0.0245), (-0.039669007, 0.048326615, 0.02494736), (-0.03956066, 0.04825, 0.02525), (-0.039477754, 0.048191376, 0.025403326), (-0.039448682, 0.04817082, 0.025448684), (-0.03941167, 0.048342276, -0.025342274), (-0.03938797, 0.048320375, -0.02538797), (-0.039477754, 0.048403326, -0.025191376), (-0.03956066, 0.048479922, -0.024905898), (-0.039601766, 0.048517898, -0.0245), (-0.039601766, 0.048517898, 0.0245), (-0.03956066, 0.048479922, 0.024905898), (-0.039477754, 0.048403326, 0.025191376), (-0.03941167, 0.048342276, 0.025342274), (-0.03938797, 0.048320375, 0.02538797), (-0.03938797, 0.04838797, -0.025320377), (-0.039366025, 0.048366025, -0.025366025), (-0.039448682, 0.04844868, -0.02517082), (-0.039523836, 0.04852384, -0.024891805), (-0.03956066, 0.04856066, -0.0245), (-0.03956066, 0.04856066, 0.0245), (-0.039523836, 0.04852384, 0.024891805), (-0.039448682, 0.04844868, 0.02517082), (-0.03938797, 0.04838797, 0.025320377), (-0.039366025, 0.048366025, 0.025366025), (0.039366025, -0.048366025, -0.025366025), (0.03938797, -0.048320375, -0.02538797), (0.03941167, -0.048342276, -0.025342274), (0.03938797, -0.04838797, -0.025320377), (0.039477754, -0.048403326, -0.025191376), (0.039448682, -0.04844868, -0.02517082), (0.03956066, -0.048479922, -0.024905898), (0.039523836, -0.04852384, -0.024891805), (0.039601766, -0.048517898, -0.0245), (0.03956066, -0.04856066, -0.0245), (0.039601766, -0.048517898, 0.0245), (0.03956066, -0.04856066, 0.0245), (0.03956066, -0.048479922, 0.024905898), (0.039523836, -0.04852384, 0.024891805), (0.039477754, -0.048403326, 0.025191376), (0.039448682, -0.04844868, 0.02517082), (0.03941167, -0.048342276, 0.025342274), (0.03938797, -0.04838797, 0.025320377), (0.03938797, -0.048320375, 0.02538797), (0.039366025, -0.048366025, 0.025366025), (0.039448682, -0.04817082, -0.025448684), (0.039477754, -0.048191376, -0.025403326), (0.03956066, -0.04825, -0.02525), (0.039669007, -0.048326615, -0.02494736), (0.039724745, -0.048366025, -0.0245), (0.039724745, -0.048366025, 0.0245), (0.039669007, -0.048326615, 0.02494736), (0.03956066, -0.04825, 0.02525), (0.039477754, -0.048191376, 0.025403326), (0.039448682, -0.04817082, 0.025448684), (0.039523836, -0.047891807, -0.025523838), (0.03956066, -0.047905896, -0.025479922), (0.039669007, -0.04794736, -0.025326613), (0.0398192, -0.048004836, -0.025004836), (0.039900925, -0.04803611, -0.0245), (0.039900925, -0.04803611, 0.0245), (0.0398192, -0.048004836, 0.025004836), (0.039669007, -0.04794736, 0.025326613), (0.03956066, -0.047905896, 0.025479922), (0.039523836, -0.047891807, 0.025523838), (0.03956066, -0.0475, -0.02556066), (0.039601766, -0.0475, -0.025517898), (0.039724745, -0.0475, -0.025366025), (0.039900925, -0.0475, -0.02503611), (0.04, -0.0475, -0.0245), (0.04, -0.0475, 0.0245), (0.039900925, -0.0475, 0.02503611), (0.039724745, -0.0475, 0.025366025), (0.039601766, -0.0475, 0.025517898), (0.03956066, -0.0475, 0.02556066), (0.03956066, 0.0475, -0.02556066), (0.039601766, 0.0475, -0.025517898), (0.039724745, 0.0475, -0.025366025), (0.039900925, 0.0475, -0.02503611), (0.04, 0.0475, -0.0245), (0.04, 0.0475, 0.0245), (0.039900925, 0.0475, 0.02503611), (0.039724745, 0.0475, 0.025366025), (0.039601766, 0.0475, 0.025517898), (0.03956066, 0.0475, 0.02556066), (0.039523836, 0.047891807, -0.025523838), (0.03956066, 0.047905896, -0.025479922), (0.039669007, 0.04794736, -0.025326613), (0.0398192, 0.048004836, -0.025004836), (0.039900925, 0.04803611, -0.0245), (0.039900925, 0.04803611, 0.0245), (0.0398192, 0.048004836, 0.025004836), (0.039669007, 0.04794736, 0.025326613), (0.03956066, 0.047905896, 0.025479922), (0.039523836, 0.047891807, 0.025523838), (0.039448682, 0.04817082, -0.025448684), (0.039477754, 0.048191376, -0.025403326), (0.03956066, 0.04825, -0.02525), (0.039669007, 0.048326615, -0.02494736), (0.039724745, 0.048366025, -0.0245), (0.039724745, 0.048366025, 0.0245), (0.039669007, 0.048326615, 0.02494736), (0.03956066, 0.04825, 0.02525), (0.039477754, 0.048191376, 0.025403326), (0.039448682, 0.04817082, 0.025448684), (0.03938797, 0.048320375, -0.02538797), (0.03941167, 0.048342276, -0.025342274), (0.039477754, 0.048403326, -0.025191376), (0.03956066, 0.048479922, -0.024905898), (0.039601766, 0.048517898, -0.0245), (0.039601766, 0.048517898, 0.0245), (0.03956066, 0.048479922, 0.024905898), (0.039477754, 0.048403326, 0.025191376), (0.03941167, 0.048342276, 0.025342274), (0.03938797, 0.048320375, 0.02538797), (0.039366025, 0.048366025, -0.025366025), (0.03938797, 0.04838797, -0.025320377), (0.039448682, 0.04844868, -0.02517082), (0.039523836, 0.04852384, -0.024891805), (0.03956066, 0.04856066, -0.0245), (0.03956066, 0.04856066, 0.0245), (0.039523836, 0.04852384, 0.024891805), (0.039448682, 0.04844868, 0.02517082), (0.03938797, 0.04838797, 0.025320377), (0.039366025, 0.048366025, 0.025366025), (-0.039320376, -0.04838797, -0.02538797), (-0.039342277, -0.04841167, -0.025342274), (-0.039403327, -0.048477754, -0.025191376), (-0.039479923, -0.04856066, -0.024905898), (-0.039517898, -0.048601765, -0.0245), (-0.039517898, -0.048601765, 0.0245), (-0.039479923, -0.04856066, 0.024905898), (-0.039403327, -0.048477754, 0.025191376), (-0.039342277, -0.04841167, 0.025342274), (-0.039320376, -0.04838797, 0.02538797), (-0.03917082, -0.04844868, -0.025448684), (-0.039191376, -0.048477754, -0.025403326), (-0.03925, -0.04856066, -0.02525), (-0.039326612, -0.048669007, -0.02494736), (-0.039366025, -0.048724744, -0.0245), (-0.039366025, -0.048724744, 0.0245), (-0.039326612, -0.048669007, 0.02494736), (-0.03925, -0.04856066, 0.02525), (-0.039191376, -0.048477754, 0.025403326), (-0.03917082, -0.04844868, 0.025448684), (-0.038891807, -0.04852384, -0.025523838), (-0.038905896, -0.04856066, -0.025479922), (-0.03894736, -0.048669007, -0.025326613), (-0.039004836, -0.0488192, -0.025004836), (-0.03903611, -0.048900925, -0.0245), (-0.03903611, -0.048900925, 0.0245), (-0.039004836, -0.0488192, 0.025004836), (-0.03894736, -0.048669007, 0.025326613), (-0.038905896, -0.04856066, 0.025479922), (-0.038891807, -0.04852384, 0.025523838), (-0.0385, -0.04856066, -0.02556066), (-0.0385, -0.048601765, -0.025517898), (-0.0385, -0.048724744, -0.025366025), (-0.0385, -0.048900925, -0.02503611), (-0.0385, -0.049, -0.0245), (-0.0385, -0.049, 0.0245), (-0.0385, -0.048900925, 0.02503611), (-0.0385, -0.048724744, 0.025366025), (-0.0385, -0.048601765, 0.025517898), (-0.0385, -0.04856066, 0.02556066), (0.0385, -0.04856066, -0.02556066), (0.0385, -0.048601765, -0.025517898), (0.0385, -0.048724744, -0.025366025), (0.0385, -0.048900925, -0.02503611), (0.0385, -0.049, -0.0245), (0.0385, -0.049, 0.0245), (0.0385, -0.048900925, 0.02503611), (0.0385, -0.048724744, 0.025366025), (0.0385, -0.048601765, 0.025517898), (0.0385, -0.04856066, 0.02556066), (0.038891807, -0.04852384, -0.025523838), (0.038905896, -0.04856066, -0.025479922), (0.03894736, -0.048669007, -0.025326613), (0.039004836, -0.0488192, -0.025004836), (0.03903611, -0.048900925, -0.0245), (0.03903611, -0.048900925, 0.0245), (0.039004836, -0.0488192, 0.025004836), (0.03894736, -0.048669007, 0.025326613), (0.038905896, -0.04856066, 0.025479922), (0.038891807, -0.04852384, 0.025523838), (0.03917082, -0.04844868, -0.025448684), (0.039191376, -0.048477754, -0.025403326), (0.03925, -0.04856066, -0.02525), (0.039326612, -0.048669007, -0.02494736), (0.039366025, -0.048724744, -0.0245), (0.039366025, -0.048724744, 0.0245), (0.039326612, -0.048669007, 0.02494736), (0.03925, -0.04856066, 0.02525), (0.039191376, -0.048477754, 0.025403326), (0.03917082, -0.04844868, 0.025448684), (0.039320376, -0.04838797, -0.02538797), (0.039342277, -0.04841167, -0.025342274), (0.039403327, -0.048477754, -0.025191376), (0.039479923, -0.04856066, -0.024905898), (0.039517898, -0.048601765, -0.0245), (0.039517898, -0.048601765, 0.0245), (0.039479923, -0.04856066, 0.024905898), (0.039403327, -0.048477754, 0.025191376), (0.039342277, -0.04841167, 0.025342274), (0.039320376, -0.04838797, 0.02538797), (-0.039342277, 0.04841167, -0.025342274), (-0.039320376, 0.04838797, -0.02538797), (-0.039403327, 0.048477754, -0.025191376), (-0.039479923, 0.04856066, -0.024905898), (-0.039517898, 0.048601765, -0.0245), (-0.039517898, 0.048601765, 0.0245), (-0.039479923, 0.04856066, 0.024905898), (-0.039403327, 0.048477754, 0.025191376), (-0.039342277, 0.04841167, 0.025342274), (-0.039320376, 0.04838797, 0.02538797), (-0.039191376, 0.048477754, -0.025403326), (-0.03917082, 0.04844868, -0.025448684), (-0.03925, 0.04856066, -0.02525), (-0.039326612, 0.048669007, -0.02494736), (-0.039366025, 0.048724744, -0.0245), (-0.039366025, 0.048724744, 0.0245), (-0.039326612, 0.048669007, 0.02494736), (-0.03925, 0.04856066, 0.02525), (-0.039191376, 0.048477754, 0.025403326), (-0.03917082, 0.04844868, 0.025448684), (-0.038905896, 0.04856066, -0.025479922), (-0.038891807, 0.04852384, -0.025523838), (-0.03894736, 0.048669007, -0.025326613), (-0.039004836, 0.0488192, -0.025004836), (-0.03903611, 0.048900925, -0.0245), (-0.03903611, 0.048900925, 0.0245), (-0.039004836, 0.0488192, 0.025004836), (-0.03894736, 0.048669007, 0.025326613), (-0.038905896, 0.04856066, 0.025479922), (-0.038891807, 0.04852384, 0.025523838), (-0.0385, 0.048601765, -0.025517898), (-0.0385, 0.04856066, -0.02556066), (-0.0385, 0.048724744, -0.025366025), (-0.0385, 0.048900925, -0.02503611), (-0.0385, 0.049, -0.0245), (-0.0385, 0.049, 0.0245), (-0.0385, 0.048900925, 0.02503611), (-0.0385, 0.048724744, 0.025366025), (-0.0385, 0.048601765, 0.025517898), (-0.0385, 0.04856066, 0.02556066), (0.0385, 0.048601765, -0.025517898), (0.0385, 0.04856066, -0.02556066), (0.0385, 0.048724744, -0.025366025), (0.0385, 0.048900925, -0.02503611), (0.0385, 0.049, -0.0245), (0.0385, 0.049, 0.0245), (0.0385, 0.048900925, 0.02503611), (0.0385, 0.048724744, 0.025366025), (0.0385, 0.048601765, 0.025517898), (0.0385, 0.04856066, 0.02556066), (0.038905896, 0.04856066, -0.025479922), (0.038891807, 0.04852384, -0.025523838), (0.03894736, 0.048669007, -0.025326613), (0.039004836, 0.0488192, -0.025004836), (0.03903611, 0.048900925, -0.0245), (0.03903611, 0.048900925, 0.0245), (0.039004836, 0.0488192, 0.025004836), (0.03894736, 0.048669007, 0.025326613), (0.038905896, 0.04856066, 0.025479922), (0.038891807, 0.04852384, 0.025523838), (0.039191376, 0.048477754, -0.025403326), (0.03917082, 0.04844868, -0.025448684), (0.03925, 0.04856066, -0.02525), (0.039326612, 0.048669007, -0.02494736), (0.039366025, 0.048724744, -0.0245), (0.039366025, 0.048724744, 0.0245), (0.039326612, 0.048669007, 0.02494736), (0.03925, 0.04856066, 0.02525), (0.039191376, 0.048477754, 0.025403326), (0.03917082, 0.04844868, 0.025448684), (0.039342277, 0.04841167, -0.025342274), (0.039320376, 0.04838797, -0.02538797), (0.039403327, 0.048477754, -0.025191376), (0.039479923, 0.04856066, -0.024905898), (0.039517898, 0.048601765, -0.0245), (0.039517898, 0.048601765, 0.0245), (0.039479923, 0.04856066, 0.024905898), (0.039403327, 0.048477754, 0.025191376), (0.039342277, 0.04841167, 0.025342274), (0.039320376, 0.04838797, 0.02538797), (-0.039342277, -0.048342276, -0.025411671), (-0.039403327, -0.048191376, -0.025477754), (-0.039479923, -0.047905896, -0.02556066), (-0.039517898, -0.0475, -0.025601765), (-0.039517898, 0.0475, -0.025601765), (-0.039479923, 0.047905896, -0.02556066), (-0.039403327, 0.048191376, -0.025477754), (-0.039342277, 0.048342276, -0.025411671), (-0.039191376, -0.048403326, -0.025477754), (-0.03925, -0.04825, -0.02556066), (-0.039326612, -0.04794736, -0.025669008), (-0.039366025, -0.0475, -0.025724744), (-0.039366025, 0.0475, -0.025724744), (-0.039326612, 0.04794736, -0.025669008), (-0.03925, 0.04825, -0.02556066), (-0.039191376, 0.048403326, -0.025477754), (-0.038905896, -0.048479922, -0.02556066), (-0.03894736, -0.048326615, -0.025669008), (-0.039004836, -0.048004836, -0.025819197), (-0.03903611, -0.0475, -0.025900923), (-0.03903611, 0.0475, -0.025900923), (-0.039004836, 0.048004836, -0.025819197), (-0.03894736, 0.048326615, -0.025669008), (-0.038905896, 0.048479922, -0.02556066), (-0.0385, -0.048517898, -0.025601765), (-0.0385, -0.048366025, -0.025724744), (-0.0385, -0.04803611, -0.025900923), (-0.0385, -0.0475, -0.026), (-0.0385, 0.0475, -0.026), (-0.0385, 0.04803611, -0.025900923), (-0.0385, 0.048366025, -0.025724744), (-0.0385, 0.048517898, -0.025601765), (0.0385, -0.048517898, -0.025601765), (0.0385, -0.048366025, -0.025724744), (0.0385, -0.04803611, -0.025900923), (0.0385, -0.0475, -0.026), (0.0385, 0.0475, -0.026), (0.0385, 0.04803611, -0.025900923), (0.0385, 0.048366025, -0.025724744), (0.0385, 0.048517898, -0.025601765), (0.038905896, -0.048479922, -0.02556066), (0.03894736, -0.048326615, -0.025669008), (0.039004836, -0.048004836, -0.025819197), (0.03903611, -0.0475, -0.025900923), (0.03903611, 0.0475, -0.025900923), (0.039004836, 0.048004836, -0.025819197), (0.03894736, 0.048326615, -0.025669008), (0.038905896, 0.048479922, -0.02556066), (0.039191376, -0.048403326, -0.025477754), (0.03925, -0.04825, -0.02556066), (0.039326612, -0.04794736, -0.025669008), (0.039366025, -0.0475, -0.025724744), (0.039366025, 0.0475, -0.025724744), (0.039326612, 0.04794736, -0.025669008), (0.03925, 0.04825, -0.02556066), (0.039191376, 0.048403326, -0.025477754), (0.039342277, -0.048342276, -0.025411671), (0.039403327, -0.048191376, -0.025477754), (0.039479923, -0.047905896, -0.02556066), (0.039517898, -0.0475, -0.025601765), (0.039517898, 0.0475, -0.025601765), (0.039479923, 0.047905896, -0.02556066), (0.039403327, 0.048191376, -0.025477754), (0.039342277, 0.048342276, -0.025411671), (-0.039342277, -0.048342276, 0.025411671), (-0.039403327, -0.048191376, 0.025477754), (-0.039479923, -0.047905896, 0.02556066), (-0.039517898, -0.0475, 0.025601765), (-0.039517898, 0.0475, 0.025601765), (-0.039479923, 0.047905896, 0.02556066), (-0.039403327, 0.048191376, 0.025477754), (-0.039342277, 0.048342276, 0.025411671), (-0.039191376, -0.048403326, 0.025477754), (-0.03925, -0.04825, 0.02556066), (-0.039326612, -0.04794736, 0.025669008), (-0.039366025, -0.0475, 0.025724744), (-0.039366025, 0.0475, 0.025724744), (-0.039326612, 0.04794736, 0.025669008), (-0.03925, 0.04825, 0.02556066), (-0.039191376, 0.048403326, 0.025477754), (-0.038905896, -0.048479922, 0.02556066), (-0.03894736, -0.048326615, 0.025669008), (-0.039004836, -0.048004836, 0.025819197), (-0.03903611, -0.0475, 0.025900923), (-0.03903611, 0.0475, 0.025900923), (-0.039004836, 0.048004836, 0.025819197), (-0.03894736, 0.048326615, 0.025669008), (-0.038905896, 0.048479922, 0.02556066), (-0.0385, -0.048517898, 0.025601765), (-0.0385, -0.048366025, 0.025724744), (-0.0385, -0.04803611, 0.025900923), (-0.0385, -0.0475, 0.026), (-0.0385, 0.0475, 0.026), (-0.0385, 0.04803611, 0.025900923), (-0.0385, 0.048366025, 0.025724744), (-0.0385, 0.048517898, 0.025601765), (0.0385, -0.048517898, 0.025601765), (0.0385, -0.048366025, 0.025724744), (0.0385, -0.04803611, 0.025900923), (0.0385, -0.0475, 0.026), (0.0385, 0.0475, 0.026), (0.0385, 0.04803611, 0.025900923), (0.0385, 0.048366025, 0.025724744), (0.0385, 0.048517898, 0.025601765), (0.038905896, -0.048479922, 0.02556066), (0.03894736, -0.048326615, 0.025669008), (0.039004836, -0.048004836, 0.025819197), (0.03903611, -0.0475, 0.025900923), (0.03903611, 0.0475, 0.025900923), (0.039004836, 0.048004836, 0.025819197), (0.03894736, 0.048326615, 0.025669008), (0.038905896, 0.048479922, 0.02556066), (0.039191376, -0.048403326, 0.025477754), (0.03925, -0.04825, 0.02556066), (0.039326612, -0.04794736, 0.025669008), (0.039366025, -0.0475, 0.025724744), (0.039366025, 0.0475, 0.025724744), (0.039326612, 0.04794736, 0.025669008), (0.03925, 0.04825, 0.02556066), (0.039191376, 0.048403326, 0.025477754), (0.039342277, -0.048342276, 0.025411671), (0.039403327, -0.048191376, 0.025477754), (0.039479923, -0.047905896, 0.02556066), (0.039517898, -0.0475, 0.025601765), (0.039517898, 0.0475, 0.025601765), (0.039479923, 0.047905896, 0.02556066), (0.039403327, 0.048191376, 0.025477754), (0.039342277, 0.048342276, 0.025411671)]
                    uniform token subdivisionScheme = "none"
                }
            }

            def Xform "Battery_2" (
                prepend apiSchemas = ["PhysicsRigidBodyAPI", "PhysicsMassAPI", "PhysxRigidBodyAPI"]
                customData = {
                    string local_axis = "X"
                    string mass_source = "provisional estimate"
                    string role = "graspable battery"
                }
            )
            {
                bool physics:kinematicEnabled = 0
                float physics:mass = 0.02
                bool physics:rigidBodyEnabled = 1
                bool physxRigidBody:enableCCD = 1
                bool physxRigidBody:enableGyroscopicForces = 1
                float physxRigidBody:sleepThreshold = 0.00001
                int physxRigidBody:solverPositionIterationCount = 16
                int physxRigidBody:solverVelocityIterationCount = 4
                quatd xformOp:orient = (0.9848077530122081, 0, 0, 0.17364817766693036)
                double3 xformOp:translate = (0.20299999999999999, -0.064, 0.79825)
                uniform token[] xformOpOrder = ["xformOp:translate", "xformOp:orient"]

                def Cylinder "Wrap" (
                    prepend apiSchemas = ["MaterialBindingAPI"]
                )
                {
                    uniform token axis = "X"
                    float3[] extent = [(-0.0235, -0.00625, -0.00625), (0.0235, 0.00625, 0.00625)]
                    double height = 0.047
                    rel material:binding = </World/BatteryWorkcell/Props/Looks/CyanBatteryWrap>
                    double radius = 0.00625
                    double3 xformOp:translate = (0, 0, 0)
                    uniform token[] xformOpOrder = ["xformOp:translate"]
                }

                def Cylinder "NegativeTerminal" (
                    prepend apiSchemas = ["MaterialBindingAPI"]
                )
                {
                    uniform token axis = "X"
                    float3[] extent = [(-0.0005, -0.006, -0.006), (0.0005, 0.006, 0.006)]
                    double height = 0.001
                    rel material:binding = </World/BatteryWorkcell/Props/Looks/SilverTerminals>
                    double radius = 0.006
                    double3 xformOp:translate = (-0.024, 0, 0)
                    uniform token[] xformOpOrder = ["xformOp:translate"]
                }

                def Cylinder "PositiveRim" (
                    prepend apiSchemas = ["MaterialBindingAPI"]
                )
                {
                    uniform token axis = "X"
                    float3[] extent = [(-0.00025, -0.006, -0.006), (0.00025, 0.006, 0.006)]
                    double height = 0.0005
                    rel material:binding = </World/BatteryWorkcell/Props/Looks/SilverTerminals>
                    double radius = 0.006
                    double3 xformOp:translate = (0.02375, 0, 0)
                    uniform token[] xformOpOrder = ["xformOp:translate"]
                }

                def Cylinder "PositiveButton" (
                    prepend apiSchemas = ["MaterialBindingAPI"]
                )
                {
                    uniform token axis = "X"
                    float3[] extent = [(-0.00025, -0.00225, -0.00225), (0.00025, 0.00225, 0.00225)]
                    double height = 0.0005
                    rel material:binding = </World/BatteryWorkcell/Props/Looks/SilverTerminals>
                    double radius = 0.00225
                    double3 xformOp:translate = (0.02425, 0, 0)
                    uniform token[] xformOpOrder = ["xformOp:translate"]
                }

                def Cylinder "Collision" (
                    prepend apiSchemas = ["PhysicsCollisionAPI", "PhysxCollisionAPI", "MaterialBindingAPI"]
                )
                {
                    uniform token axis = "X"
                    float3[] extent = [(-0.0245, -0.00625, -0.00625), (0.0245, 0.00625, 0.00625)]
                    double height = 0.049
                    rel material:binding:physics = </World/BatteryWorkcell/Props/PhysicsMaterials/Battery> (
                        bindMaterialAs = "weakerThanDescendants"
                    )
                    bool physics:collisionEnabled = 1
                    float physxCollision:contactOffset = 0.0002
                    float physxCollision:restOffset = 0
                    double radius = 0.00625
                    token visibility = "invisible"
                    double3 xformOp:translate = (0, 0, 0)
                    uniform token[] xformOpOrder = ["xformOp:translate"]
                }
            }

            def Xform "RedFoam" (
                customData = {
                    string hole_dimensions_source = "default diameter/depth user-confirmed; pitch photo estimate"
                    string physics_model = "static rigid blind-bore mesh"
                    string role = "three-hole insertion fixture"
                }
            )
            {
                quatd xformOp:orient = (1, 0, 0, 0)
                double3 xformOp:translate = (-0.049, -0.083, 0.764)
                uniform token[] xformOpOrder = ["xformOp:translate", "xformOp:orient"]

                def Mesh "Body" (
                    prepend apiSchemas = ["MaterialBindingAPI", "PhysicsCollisionAPI", "PhysicsMeshCollisionAPI", "PhysxCollisionAPI"]
                )
                {
                    uniform bool doubleSided = 0
                    float3[] extent = [(-0.036, -0.024, -0.024), (0.036, 0.024, 0.024)]
                    int[] faceVertexCounts = [3, 3, 3, 3, 3, 3, 3, 3, 3, 3, 3, 3, 3, 3, 3, 3, 3, 3, 3, 3, 3, 3, 3, 3, 3, 3, 3, 3, 3, 3, 3, 3, 3, 3, 3, 3, 3, 3, 3, 3, 3, 3, 3, 3, 3, 3, 3, 3, 3, 3, 3, 3, 3, 3, 3, 3, 3, 3, 3, 3, 3, 3, 3, 3, 3, 3, 3, 3, 3, 3, 3, 3, 3, 3, 3, 3, 3, 3, 3, 3, 3, 3, 3, 3, 3, 3, 3, 3, 3, 3, 3, 3, 3, 3, 3, 3, 3, 3, 3, 3, 3, 3, 3, 3, 3, 3, 3, 3, 3, 3, 3, 3, 3, 3, 3, 3, 3, 3, 3, 3, 3, 3, 3, 3, 3, 3, 3, 3, 3, 3, 3, 3, 3, 3, 3, 3, 3, 3, 3, 3, 3, 3, 3, 3, 3, 3, 3, 3, 3, 3, 3, 3, 3, 3, 3, 3, 3, 3, 3, 3, 3, 3, 3, 3, 3, 3, 3, 3, 3, 3, 3, 3, 3, 3, 3, 3, 3, 3, 3, 3, 3, 3, 3, 3, 3, 3, 3, 3, 3, 3, 3, 3, 3, 3, 3, 3, 3, 3, 3, 3, 3, 3, 3, 3, 3, 3, 3, 3, 3, 3, 3, 3, 3, 3, 3, 3, 3, 3, 3, 3, 3, 3, 3, 3, 3, 3, 3, 3, 3, 3, 3, 3, 3, 3, 3, 3, 3, 3, 3, 3, 3, 3, 3, 3, 3, 3, 3, 3, 3, 3, 3, 3, 3, 3, 3, 3, 3, 3, 3, 3, 3, 3, 3, 3, 3, 3, 3, 3, 3, 3, 3, 3, 3, 3, 3, 3, 3, 3, 3, 3, 3, 3, 3, 3, 3, 3, 3, 3, 3, 3, 3, 3, 3, 3, 3, 3, 3, 3, 3, 3, 3, 3, 3, 3, 3, 3, 3, 3, 3, 3, 3, 3, 3, 3, 3, 3, 3, 3, 3, 3, 3, 3, 3, 3, 3, 3, 3, 3, 3, 3, 3, 3, 3, 3, 3, 3, 3, 3, 3, 3, 3, 3, 3, 3, 3, 3, 3, 3, 3, 3, 3, 3, 3, 3, 3, 3, 3, 3, 3, 3, 3, 3, 3, 3, 3, 3, 3, 3, 3, 3, 3, 3, 3, 3, 3, 3, 3, 3, 3, 3, 3, 3, 3, 3, 3, 3, 3, 3, 3, 3, 3, 3, 3, 3, 3, 3, 3, 3, 3, 3, 3, 3, 3, 3, 3, 3, 3, 3, 3, 3, 3, 3, 3, 3, 3, 3, 3, 3, 3, 3, 3, 3, 3, 3, 3, 3, 3, 3, 3, 3, 3, 3, 3, 3, 3, 3, 3, 3, 3, 3, 3, 3, 3, 3, 3, 3, 3, 3, 3, 3, 3, 3, 3, 3, 3, 3, 3, 3, 3, 3, 3, 3, 3, 3, 3, 3, 3, 3, 3, 3, 3, 3, 3, 3, 3, 3, 3, 3, 3, 3, 3, 3, 3, 3, 3, 3, 3, 3, 3, 3, 3, 3, 3, 3, 3, 3, 3, 3, 3, 3, 3, 3, 3, 3, 3, 3, 3, 3, 3, 3, 3, 3, 3, 3, 3, 3, 3, 3, 3, 3, 3, 3, 3, 3, 3, 3, 3, 3, 3, 3, 3, 3, 3, 3, 3, 3, 3, 3, 3, 3, 3, 3, 3, 3, 3, 3, 3, 3, 3, 3, 3, 3, 3, 3, 3, 3, 3, 3, 3, 3, 3, 3, 3, 3, 3, 3, 3, 3, 3, 3, 3, 3, 3, 3, 3, 3, 3, 3, 3, 3, 3, 3, 3, 3, 3, 3, 3, 3, 3, 3, 3, 3, 3, 3, 3, 3, 3, 3, 3, 3, 3, 3, 3, 3, 3, 3, 3, 3, 3, 3, 3, 3, 3, 3, 3, 3, 3, 3, 3, 3, 3, 3, 3, 3, 3, 3, 3, 3, 3, 3, 3, 3, 3, 3, 3, 3, 3, 3, 3, 3, 3, 3, 3, 3, 3, 3, 3, 3, 3, 3, 3, 3, 3, 3, 3, 3, 3, 3, 3, 3, 3, 3, 3, 3, 3, 3, 3, 3, 3, 3, 3, 3, 3, 3, 3, 3, 3, 3, 3, 3, 3, 3, 3, 3, 3, 3, 3, 3, 3, 3, 3, 3, 3, 3, 3, 3, 3, 3, 3, 3, 3, 3, 3, 3, 3, 3, 3, 3, 3, 3, 3, 3, 3, 3, 3, 3, 3, 3, 3, 3, 3, 3, 3, 3, 3, 3, 3, 3, 3, 3, 3, 3, 3, 3, 3, 3, 3, 3, 3, 3, 3, 3, 3, 3, 3, 3, 3, 3, 3, 3, 3, 3, 3, 3, 3, 3, 3, 3, 3, 3, 3, 3, 3, 3, 3, 3, 3, 3, 3, 3, 3, 3, 3, 3, 3, 3, 3, 3, 3, 3, 3, 3, 3, 3, 3, 3, 3, 3, 3, 3, 3, 3, 3, 3, 3, 3, 3, 3, 3, 3, 3, 3, 3, 3, 3, 3, 3, 3, 3, 3, 3, 3, 3, 3, 3, 3, 3, 3, 3, 3, 3, 3, 3, 3, 3, 3, 3, 3, 3, 3, 3, 3, 3, 3, 3, 3, 3, 3, 3, 3, 3, 3, 3, 3, 3, 3, 3, 3, 3, 3, 3, 3, 3, 3, 3, 3, 3, 3, 3, 3, 3, 3, 3, 3, 3, 3, 3, 3, 3, 3, 3, 3, 3, 3, 3, 3, 3, 3, 3, 3, 3, 3, 3, 3, 3, 3, 3, 3, 3, 3, 3, 3, 3, 3, 3, 3, 3, 3, 3, 3, 3, 3, 3, 3, 3, 3, 3, 3, 3, 3, 3, 3, 3, 3, 3, 3, 3, 3, 3, 3, 3, 3, 3, 3, 3, 3, 3, 3, 3, 3, 3, 3, 3, 3, 3, 3, 3, 3, 3, 3, 3, 3, 3, 3, 3, 3, 3, 3, 3, 3, 3, 3, 3, 3, 3, 3, 3, 3, 3, 3, 3, 3, 3, 3, 3, 3, 3, 3, 3, 3, 3, 3, 3, 3, 3, 3, 3, 3, 3, 3, 3, 3, 3, 3, 3, 3, 3, 3, 3, 3, 3, 3, 3, 3, 3, 3, 3, 3, 3, 3, 3, 3, 3, 3, 3, 3, 3, 3, 3, 3, 3, 3, 3, 3, 3, 3, 3, 3, 3, 3, 3, 3, 3, 3, 3, 3, 3, 3, 3, 3, 3, 3, 3, 3, 3, 3, 3, 3, 3, 3, 3, 3, 3, 3, 3, 3, 3, 3, 3, 3, 3, 3, 3, 3, 3, 3, 3, 3, 3, 3, 3, 3, 3, 3, 3, 3, 3, 3, 3, 3, 3, 3, 3, 3, 3, 3, 3, 3, 3, 3, 3, 3, 3, 3, 3, 3, 3, 3, 3, 3, 3, 3, 3, 3, 3, 3, 3, 3, 3, 3, 3, 3, 3, 3, 3, 3, 3, 3, 3, 3, 3, 3, 3, 3, 3, 3, 3, 3, 3, 3, 3, 3, 3, 3, 3, 3, 3, 3, 3, 3, 3, 3, 3, 3, 3, 3, 3, 3, 3, 3, 3, 3, 3, 3, 3, 3, 3, 3, 3, 3, 3, 3, 3, 3, 3, 3, 3, 3, 3, 3, 3, 3, 3, 3, 3, 3, 3, 3, 3, 3, 3, 3, 3, 3, 3, 3, 3, 3, 3, 3, 3, 3, 3, 3, 3, 3, 3, 3, 3, 3, 3, 3, 3, 3, 3, 3, 3, 3, 3, 3, 3, 3, 3, 3, 3, 3, 3, 3, 3, 3, 3, 3, 3, 3, 3, 3, 3, 3, 3, 3, 3, 3, 3, 3, 3, 3, 3, 3, 3, 3, 3, 3, 3, 3, 3, 3, 3, 3, 3, 3, 3, 3, 3, 3, 3, 3, 3, 3, 3, 3, 3, 3, 3, 3, 3, 3, 3, 3, 3, 3, 3, 3, 3, 3, 3, 3, 3, 3, 3, 3, 3, 3, 3, 3, 3, 3, 3, 3, 3, 3, 3, 3, 3, 3, 3, 3, 3, 3, 3, 3, 3, 3, 3, 3, 3, 3, 3, 3, 3, 3, 3, 3, 3, 3, 3, 3, 3, 3, 3, 3, 3, 3, 3, 3, 3, 3, 3, 3, 3, 3, 3, 3, 3, 3, 3, 3, 3, 3, 3, 3, 3, 3, 3, 3, 3, 3, 3, 3, 3, 3, 3, 3, 3, 3, 3, 3, 3, 3, 3, 3, 3, 3, 3, 3, 3, 3, 3, 3, 3, 3, 3, 3, 3, 3, 3, 3, 3, 3, 3, 3, 3, 3, 3, 3, 3, 3, 3, 3, 3, 3, 3, 3, 3, 3, 3, 3, 3, 3, 3, 3, 3, 3, 3, 3, 3, 3, 3, 3, 3, 3, 3, 3, 3, 3, 3, 3, 3, 3, 3, 3, 3, 3, 3, 3, 3, 3, 3, 3, 3, 3, 3, 3, 3, 3, 3, 3, 3, 3, 3, 3, 3, 3, 3, 3, 3, 3, 3, 3, 3, 3, 3, 3, 3, 3, 3, 3, 3, 3, 3, 3, 3, 3, 3, 3, 3, 3, 3, 3, 3, 3, 3, 3, 3, 3, 3, 3, 3, 3, 3, 3, 3, 3, 3, 3, 3, 3, 3, 3, 3, 3, 3, 3, 3, 3, 3, 3, 3, 3, 3, 3, 3, 3, 3, 3, 3, 3, 3, 3, 3, 3, 3, 3, 3, 3, 3, 3, 3, 3, 3, 3, 3, 3, 3, 3, 3, 3, 3, 3, 3, 3, 3, 3, 3, 3, 3, 3, 3, 3, 3, 3, 3, 3, 3, 3, 3, 3, 3, 3, 3, 3, 3, 3, 3, 3, 3, 3, 3, 3, 3, 3, 3, 3, 3, 3, 3, 3, 3, 3, 3, 3, 3, 3, 3, 3, 3, 3, 3, 3, 3, 3, 3, 3, 3, 3, 3, 3, 3, 3, 3, 3, 3, 3, 3, 3, 3, 3, 3, 3, 3, 3, 3, 3, 3, 3, 3, 3, 3, 3, 3, 3, 3, 3, 3, 3, 3, 3, 3, 3, 3, 3, 3, 3, 3, 3, 3, 3, 3, 3, 3, 3, 3, 3, 3, 3, 3, 3, 3, 3, 3, 3, 3, 3, 3, 3, 3, 3, 3, 3, 3, 3, 3, 3, 3, 3, 3, 3, 3, 3, 3, 3, 3, 3, 3, 3, 3, 3, 3, 3, 3, 3, 3, 3, 3, 3, 3, 3, 3, 3, 3, 3, 3, 3, 3, 3, 3, 3, 3, 3, 3, 3, 3, 3, 3, 3, 3, 3, 3, 3, 3, 3, 3, 3, 3, 3, 3, 3, 3, 3, 3, 3, 3, 3, 3, 3, 3, 3, 3, 3, 3, 3, 3, 3, 3, 3, 3, 3, 3, 3, 3, 3, 3, 3, 3, 3, 3, 3, 3, 3, 3, 3, 3, 3, 3, 3, 3, 3, 3, 3, 3, 3, 3, 3, 3, 3, 3, 3, 3, 3, 3, 3, 3, 3, 3, 3, 3, 3, 3, 3, 3, 3, 3, 3, 3, 3, 3, 3, 3, 3, 3, 3, 3, 3, 3, 3, 3, 3, 3, 3, 3, 3, 3, 3, 3, 3, 3, 3, 3, 3, 3, 3, 3, 3, 3, 3, 3, 3, 3, 3, 3, 3, 3, 3, 3, 3, 3, 3, 3, 3, 3, 3, 3, 3, 3, 3, 3, 3, 3, 3, 3, 3, 3, 3, 3, 3, 3, 3, 3, 3, 3, 3, 3, 3, 3, 3, 3, 3, 3, 3, 3, 3, 3, 3, 3, 3, 3, 3, 3, 3, 3, 3, 3, 3, 3, 3, 3, 3, 3, 3, 3, 3, 3, 3, 3, 3, 3, 3, 3, 3, 3, 3, 3, 3, 3, 3, 3, 3, 3, 3, 3, 3, 3, 3, 3, 3, 3, 3, 3, 3, 3, 3, 3, 3, 3, 3, 3, 3, 3, 3, 3, 3, 3, 3, 3, 3, 3, 3, 3, 3, 3, 3, 3, 3, 3, 3, 3, 3, 3, 3, 3, 3, 3, 3, 3, 3, 3, 3, 3, 3, 3, 3, 3, 3, 3, 3, 3, 3, 3, 3, 3, 3, 3, 3, 3, 3, 3, 3, 3, 3, 3, 3, 3, 3, 3, 3, 3, 3, 3, 3, 3, 3, 3, 3, 3, 3, 3, 3, 3, 3, 3, 3, 3, 3, 3, 3, 3, 3, 3, 3, 3, 3, 3, 3, 3, 3, 3, 3, 3, 3, 3, 3, 3, 3, 3, 3, 3, 3, 3, 3, 3, 3, 3, 3, 3, 3, 3, 3, 3, 3, 3, 3, 3, 3, 3, 3, 3, 3]
                    int[] faceVertexIndices = [0, 1, 2, 0, 2, 3, 3, 2, 4, 3, 4, 5, 6, 5, 4, 0, 7, 8, 0, 8, 1, 9, 8, 7, 1, 10, 11, 1, 11, 2, 2, 11, 12, 2, 12, 4, 6, 4, 12, 1, 8, 13, 1, 13, 10, 9, 13, 8, 10, 14, 15, 10, 15, 11, 11, 15, 16, 11, 16, 12, 6, 12, 16, 10, 13, 17, 10, 17, 14, 9, 17, 13, 14, 18, 19, 14, 19, 15, 15, 19, 20, 15, 20, 16, 6, 16, 20, 14, 17, 21, 14, 21, 18, 9, 21, 17, 18, 22, 23, 18, 23, 19, 19, 23, 24, 19, 24, 20, 6, 20, 24, 18, 21, 25, 18, 25, 22, 9, 25, 21, 22, 26, 27, 22, 27, 23, 23, 27, 28, 23, 28, 24, 6, 24, 28, 22, 25, 29, 22, 29, 26, 9, 29, 25, 26, 30, 31, 26, 31, 27, 27, 31, 32, 27, 32, 28, 6, 28, 32, 26, 29, 33, 26, 33, 30, 9, 33, 29, 30, 34, 35, 30, 35, 31, 31, 35, 36, 31, 36, 32, 6, 32, 36, 30, 33, 37, 30, 37, 34, 9, 37, 33, 34, 38, 39, 34, 39, 35, 35, 39, 40, 35, 40, 36, 6, 36, 40, 34, 37, 41, 34, 41, 38, 9, 41, 37, 38, 42, 43, 38, 43, 39, 39, 43, 44, 39, 44, 40, 6, 40, 44, 38, 41, 45, 38, 45, 42, 9, 45, 41, 42, 46, 47, 42, 47, 43, 43, 47, 48, 43, 48, 44, 6, 44, 48, 42, 45, 49, 42, 49, 46, 9, 49, 45, 46, 50, 51, 46, 51, 47, 47, 51, 52, 47, 52, 48, 6, 48, 52, 46, 49, 53, 46, 53, 50, 9, 53, 49, 50, 54, 55, 50, 55, 51, 51, 55, 56, 51, 56, 52, 6, 52, 56, 50, 53, 57, 50, 57, 54, 9, 57, 53, 54, 58, 59, 54, 59, 55, 55, 59, 60, 55, 60, 56, 6, 56, 60, 54, 57, 61, 54, 61, 58, 9, 61, 57, 58, 62, 63, 58, 63, 59, 59, 63, 64, 59, 64, 60, 6, 60, 64, 58, 61, 65, 58, 65, 62, 9, 65, 61, 62, 66, 67, 62, 67, 63, 63, 67, 68, 63, 68, 64, 6, 64, 68, 62, 65, 69, 62, 69, 66, 9, 69, 65, 66, 70, 71, 66, 71, 67, 67, 71, 72, 67, 72, 68, 6, 68, 72, 66, 69, 73, 66, 73, 70, 9, 73, 69, 70, 74, 75, 70, 75, 71, 71, 75, 76, 71, 76, 72, 6, 72, 76, 70, 73, 77, 70, 77, 74, 9, 77, 73, 74, 78, 79, 74, 79, 75, 75, 79, 80, 75, 80, 76, 6, 76, 80, 74, 77, 81, 74, 81, 78, 9, 81, 77, 78, 82, 83, 78, 83, 79, 79, 83, 84, 79, 84, 80, 6, 80, 84, 78, 81, 85, 78, 85, 82, 9, 85, 81, 82, 86, 87, 82, 87, 83, 83, 87, 88, 83, 88, 84, 6, 84, 88, 82, 85, 89, 82, 89, 86, 9, 89, 85, 86, 90, 91, 86, 91, 87, 87, 91, 92, 87, 92, 88, 6, 88, 92, 86, 89, 93, 86, 93, 90, 9, 93, 89, 90, 94, 95, 90, 95, 91, 91, 95, 96, 91, 96, 92, 6, 92, 96, 90, 93, 97, 90, 97, 94, 9, 97, 93, 94, 98, 99, 94, 99, 95, 95, 99, 100, 95, 100, 96, 6, 96, 100, 94, 97, 101, 94, 101, 98, 9, 101, 97, 98, 102, 103, 98, 103, 99, 99, 103, 104, 99, 104, 100, 6, 100, 104, 102, 105, 106, 102, 106, 103, 103, 106, 107, 103, 107, 104, 6, 104, 107, 105, 108, 109, 105, 109, 106, 106, 109, 110, 106, 110, 107, 6, 107, 110, 108, 111, 112, 108, 112, 109, 109, 112, 113, 109, 113, 110, 6, 110, 113, 111, 114, 115, 111, 115, 112, 112, 115, 116, 112, 116, 113, 6, 113, 116, 114, 117, 118, 114, 118, 115, 115, 118, 119, 115, 119, 116, 6, 116, 119, 117, 120, 121, 117, 121, 118, 118, 121, 122, 118, 122, 119, 6, 119, 122, 120, 123, 124, 120, 124, 121, 121, 124, 125, 121, 125, 122, 6, 122, 125, 123, 126, 127, 123, 127, 124, 124, 127, 128, 124, 128, 125, 6, 125, 128, 126, 129, 130, 126, 130, 127, 127, 130, 131, 127, 131, 128, 6, 128, 131, 129, 132, 133, 129, 133, 130, 130, 133, 134, 130, 134, 131, 6, 131, 134, 132, 135, 136, 132, 136, 133, 133, 136, 137, 133, 137, 134, 6, 134, 137, 135, 138, 139, 135, 139, 136, 136, 139, 140, 136, 140, 137, 6, 137, 140, 138, 141, 142, 138, 142, 139, 139, 142, 143, 139, 143, 140, 6, 140, 143, 141, 144, 145, 141, 145, 142, 142, 145, 146, 142, 146, 143, 6, 143, 146, 144, 147, 148, 144, 148, 145, 145, 148, 149, 145, 149, 146, 6, 146, 149, 147, 150, 151, 147, 151, 148, 148, 151, 152, 148, 152, 149, 6, 149, 152, 150, 153, 154, 150, 154, 151, 151, 154, 155, 151, 155, 152, 6, 152, 155, 153, 156, 157, 153, 157, 154, 154, 157, 158, 154, 158, 155, 6, 155, 158, 156, 159, 160, 156, 160, 157, 157, 160, 161, 157, 161, 158, 6, 158, 161, 159, 162, 163, 159, 163, 160, 160, 163, 164, 160, 164, 161, 6, 161, 164, 162, 165, 166, 162, 166, 163, 163, 166, 167, 163, 167, 164, 6, 164, 167, 165, 168, 169, 165, 169, 166, 166, 169, 170, 166, 170, 167, 6, 167, 170, 168, 171, 172, 168, 172, 169, 169, 172, 173, 169, 173, 170, 6, 170, 173, 171, 174, 175, 171, 175, 172, 172, 175, 176, 172, 176, 173, 6, 173, 176, 171, 177, 178, 171, 178, 174, 9, 178, 177, 174, 179, 180, 174, 180, 175, 175, 180, 181, 175, 181, 176, 6, 176, 181, 174, 178, 182, 174, 182, 179, 9, 182, 178, 179, 183, 184, 179, 184, 180, 180, 184, 185, 180, 185, 181, 6, 181, 185, 179, 182, 186, 179, 186, 183, 9, 186, 182, 183, 187, 188, 183, 188, 184, 184, 188, 189, 184, 189, 185, 6, 185, 189, 183, 186, 190, 183, 190, 187, 9, 190, 186, 187, 191, 192, 187, 192, 188, 188, 192, 193, 188, 193, 189, 6, 189, 193, 187, 190, 194, 187, 194, 191, 9, 194, 190, 191, 195, 196, 191, 196, 192, 192, 196, 197, 192, 197, 193, 6, 193, 197, 191, 194, 198, 191, 198, 195, 9, 198, 194, 195, 199, 200, 195, 200, 196, 196, 200, 201, 196, 201, 197, 6, 197, 201, 195, 198, 202, 195, 202, 199, 9, 202, 198, 199, 203, 204, 199, 204, 200, 200, 204, 205, 200, 205, 201, 6, 201, 205, 199, 202, 206, 199, 206, 203, 9, 206, 202, 203, 207, 208, 203, 208, 204, 204, 208, 209, 204, 209, 205, 6, 205, 209, 203, 206, 210, 203, 210, 207, 9, 210, 206, 207, 211, 212, 207, 212, 208, 208, 212, 213, 208, 213, 209, 6, 209, 213, 207, 210, 214, 207, 214, 211, 9, 214, 210, 211, 215, 216, 211, 216, 212, 212, 216, 217, 212, 217, 213, 6, 213, 217, 211, 214, 218, 211, 218, 215, 9, 218, 214, 215, 219, 220, 215, 220, 216, 216, 220, 221, 216, 221, 217, 6, 217, 221, 215, 218, 222, 215, 222, 219, 9, 222, 218, 219, 223, 224, 219, 224, 220, 220, 224, 225, 220, 225, 221, 6, 221, 225, 219, 222, 226, 219, 226, 223, 9, 226, 222, 223, 227, 228, 223, 228, 224, 224, 228, 229, 224, 229, 225, 6, 225, 229, 223, 226, 230, 223, 230, 227, 9, 230, 226, 227, 231, 232, 227, 232, 228, 228, 232, 233, 228, 233, 229, 6, 229, 233, 227, 230, 234, 227, 234, 231, 9, 234, 230, 231, 235, 236, 231, 236, 232, 232, 236, 237, 232, 237, 233, 6, 233, 237, 231, 234, 238, 231, 238, 235, 9, 238, 234, 235, 239, 240, 235, 240, 236, 236, 240, 241, 236, 241, 237, 6, 237, 241, 235, 238, 242, 235, 242, 239, 9, 242, 238, 239, 243, 244, 239, 244, 240, 240, 244, 245, 240, 245, 241, 6, 241, 245, 239, 242, 246, 239, 246, 243, 9, 246, 242, 243, 247, 248, 243, 248, 244, 244, 248, 249, 244, 249, 245, 6, 245, 249, 243, 246, 250, 243, 250, 247, 9, 250, 246, 247, 251, 252, 247, 252, 248, 248, 252, 253, 248, 253, 249, 6, 249, 253, 247, 250, 254, 247, 254, 251, 9, 254, 250, 251, 255, 256, 251, 256, 252, 252, 256, 257, 252, 257, 253, 6, 253, 257, 251, 254, 258, 251, 258, 255, 9, 258, 254, 255, 259, 260, 255, 260, 256, 256, 260, 261, 256, 261, 257, 6, 257, 261, 255, 258, 262, 255, 262, 259, 9, 262, 258, 259, 263, 264, 259, 264, 260, 260, 264, 265, 260, 265, 261, 6, 261, 265, 259, 262, 266, 259, 266, 263, 9, 266, 262, 263, 267, 268, 263, 268, 264, 264, 268, 269, 264, 269, 265, 6, 265, 269, 263, 266, 270, 263, 270, 267, 9, 270, 266, 267, 271, 272, 267, 272, 268, 268, 272, 273, 268, 273, 269, 6, 269, 273, 267, 270, 274, 267, 274, 271, 9, 274, 270, 271, 275, 276, 271, 276, 272, 272, 276, 277, 272, 277, 273, 6, 273, 277, 271, 274, 278, 271, 278, 275, 9, 278, 274, 275, 279, 280, 275, 280, 276, 276, 280, 281, 276, 281, 277, 6, 277, 281, 275, 278, 282, 275, 282, 279, 9, 282, 278, 279, 283, 284, 279, 284, 280, 280, 284, 285, 280, 285, 281, 6, 281, 285, 279, 282, 286, 279, 286, 283, 9, 286, 282, 283, 287, 288, 283, 288, 284, 284, 288, 289, 284, 289, 285, 6, 285, 289, 283, 286, 290, 283, 290, 287, 9, 290, 286, 287, 291, 292, 287, 292, 288, 288, 292, 293, 288, 293, 289, 6, 289, 293, 287, 290, 294, 287, 294, 291, 9, 294, 290, 291, 295, 296, 291, 296, 292, 292, 296, 297, 292, 297, 293, 6, 293, 297, 291, 294, 298, 291, 298, 295, 9, 298, 294, 295, 299, 300, 295, 300, 296, 296, 300, 301, 296, 301, 297, 6, 297, 301, 295, 298, 302, 295, 302, 299, 9, 302, 298, 299, 303, 304, 299, 304, 300, 300, 304, 305, 300, 305, 301, 6, 301, 305, 299, 302, 306, 299, 306, 303, 9, 306, 302, 303, 307, 308, 303, 308, 304, 304, 308, 309, 304, 309, 305, 6, 305, 309, 303, 306, 310, 303, 310, 307, 9, 310, 306, 307, 311, 312, 307, 312, 308, 308, 312, 313, 308, 313, 309, 6, 309, 313, 307, 310, 314, 307, 314, 311, 9, 314, 310, 311, 315, 316, 311, 316, 312, 312, 316, 317, 312, 317, 313, 6, 313, 317, 311, 314, 318, 311, 318, 315, 9, 318, 314, 315, 319, 320, 315, 320, 316, 316, 320, 321, 316, 321, 317, 6, 317, 321, 315, 318, 322, 315, 322, 319, 9, 322, 318, 319, 323, 324, 319, 324, 320, 320, 324, 325, 320, 325, 321, 6, 321, 325, 319, 322, 326, 319, 326, 323, 9, 326, 322, 323, 327, 328, 323, 328, 324, 324, 328, 329, 324, 329, 325, 6, 325, 329, 323, 326, 330, 323, 330, 327, 9, 330, 326, 327, 331, 332, 327, 332, 328, 328, 332, 333, 328, 333, 329, 6, 329, 333, 327, 330, 334, 327, 334, 331, 9, 334, 330, 331, 335, 336, 331, 336, 332, 332, 336, 337, 332, 337, 333, 6, 333, 337, 331, 334, 338, 331, 338, 335, 9, 338, 334, 335, 339, 340, 335, 340, 336, 336, 340, 341, 336, 341, 337, 6, 337, 341, 335, 338, 342, 335, 342, 339, 9, 342, 338, 339, 343, 344, 339, 344, 340, 340, 344, 345, 340, 345, 341, 6, 341, 345, 339, 342, 346, 339, 346, 343, 9, 346, 342, 343, 347, 348, 343, 348, 344, 344, 348, 349, 344, 349, 345, 6, 345, 349, 343, 346, 350, 343, 350, 347, 9, 350, 346, 347, 351, 352, 347, 352, 348, 348, 352, 353, 348, 353, 349, 6, 349, 353, 347, 350, 354, 347, 354, 351, 9, 354, 350, 351, 355, 356, 351, 356, 352, 352, 356, 357, 352, 357, 353, 6, 353, 357, 351, 354, 358, 351, 358, 355, 9, 358, 354, 355, 359, 360, 355, 360, 356, 356, 360, 361, 356, 361, 357, 6, 357, 361, 355, 358, 362, 355, 362, 359, 9, 362, 358, 359, 0, 3, 359, 3, 360, 360, 3, 5, 360, 5, 361, 6, 361, 5, 359, 362, 7, 359, 7, 0, 9, 7, 362, 98, 363, 364, 98, 364, 365, 365, 364, 366, 365, 366, 367, 368, 367, 366, 98, 101, 369, 98, 369, 363, 9, 369, 101, 363, 370, 371, 363, 371, 364, 364, 371, 372, 364, 372, 366, 368, 366, 372, 363, 369, 373, 363, 373, 370, 9, 373, 369, 370, 374, 375, 370, 375, 371, 371, 375, 376, 371, 376, 372, 368, 372, 376, 370, 373, 377, 370, 377, 374, 9, 377, 373, 374, 378, 379, 374, 379, 375, 375, 379, 380, 375, 380, 376, 368, 376, 380, 374, 377, 381, 374, 381, 378, 9, 381, 377, 378, 382, 383, 378, 383, 379, 379, 383, 384, 379, 384, 380, 368, 380, 384, 378, 381, 385, 378, 385, 382, 9, 385, 381, 382, 386, 387, 382, 387, 383, 383, 387, 388, 383, 388, 384, 368, 384, 388, 382, 385, 389, 382, 389, 386, 9, 389, 385, 386, 390, 391, 386, 391, 387, 387, 391, 392, 387, 392, 388, 368, 388, 392, 386, 389, 393, 386, 393, 390, 9, 393, 389, 390, 394, 395, 390, 395, 391, 391, 395, 396, 391, 396, 392, 368, 392, 396, 390, 393, 397, 390, 397, 394, 9, 397, 393, 394, 398, 399, 394, 399, 395, 395, 399, 400, 395, 400, 396, 368, 396, 400, 394, 397, 401, 394, 401, 398, 9, 401, 397, 398, 402, 403, 398, 403, 399, 399, 403, 404, 399, 404, 400, 368, 400, 404, 398, 401, 405, 398, 405, 402, 9, 405, 401, 402, 406, 407, 402, 407, 403, 403, 407, 408, 403, 408, 404, 368, 404, 408, 402, 405, 409, 402, 409, 406, 9, 409, 405, 406, 410, 411, 406, 411, 407, 407, 411, 412, 407, 412, 408, 368, 408, 412, 406, 409, 413, 406, 413, 410, 9, 413, 409, 410, 414, 415, 410, 415, 411, 411, 415, 416, 411, 416, 412, 368, 412, 416, 410, 413, 417, 410, 417, 414, 9, 417, 413, 414, 418, 419, 414, 419, 415, 415, 419, 420, 415, 420, 416, 368, 416, 420, 414, 417, 421, 414, 421, 418, 9, 421, 417, 418, 422, 423, 418, 423, 419, 419, 423, 424, 419, 424, 420, 368, 420, 424, 418, 421, 425, 418, 425, 422, 9, 425, 421, 422, 426, 427, 422, 427, 423, 423, 427, 428, 423, 428, 424, 368, 424, 428, 422, 425, 429, 422, 429, 426, 9, 429, 425, 426, 430, 431, 426, 431, 427, 427, 431, 432, 427, 432, 428, 368, 428, 432, 426, 429, 433, 426, 433, 430, 9, 433, 429, 430, 434, 435, 430, 435, 431, 431, 435, 436, 431, 436, 432, 368, 432, 436, 430, 433, 437, 430, 437, 434, 9, 437, 433, 434, 438, 439, 434, 439, 435, 435, 439, 440, 435, 440, 436, 368, 436, 440, 434, 437, 441, 434, 441, 438, 9, 441, 437, 438, 442, 443, 438, 443, 439, 439, 443, 444, 439, 444, 440, 368, 440, 444, 438, 441, 445, 438, 445, 442, 9, 445, 441, 442, 446, 447, 442, 447, 443, 443, 447, 448, 443, 448, 444, 368, 444, 448, 442, 445, 449, 442, 449, 446, 9, 449, 445, 446, 450, 451, 446, 451, 447, 447, 451, 452, 447, 452, 448, 368, 448, 452, 446, 449, 453, 446, 453, 450, 9, 453, 449, 450, 454, 455, 450, 455, 451, 451, 455, 456, 451, 456, 452, 368, 452, 456, 450, 453, 457, 450, 457, 454, 9, 457, 453, 454, 458, 459, 454, 459, 455, 455, 459, 460, 455, 460, 456, 368, 456, 460, 454, 457, 461, 454, 461, 458, 9, 461, 457, 458, 462, 463, 458, 463, 459, 459, 463, 464, 459, 464, 460, 368, 460, 464, 462, 465, 466, 462, 466, 463, 463, 466, 467, 463, 467, 464, 368, 464, 467, 465, 468, 469, 465, 469, 466, 466, 469, 470, 466, 470, 467, 368, 467, 470, 468, 471, 472, 468, 472, 469, 469, 472, 473, 469, 473, 470, 368, 470, 473, 471, 474, 475, 471, 475, 472, 472, 475, 476, 472, 476, 473, 368, 473, 476, 474, 477, 478, 474, 478, 475, 475, 478, 479, 475, 479, 476, 368, 476, 479, 477, 480, 481, 477, 481, 478, 478, 481, 482, 478, 482, 479, 368, 479, 482, 480, 483, 484, 480, 484, 481, 481, 484, 485, 481, 485, 482, 368, 482, 485, 483, 486, 487, 483, 487, 484, 484, 487, 488, 484, 488, 485, 368, 485, 488, 486, 489, 490, 486, 490, 487, 487, 490, 491, 487, 491, 488, 368, 488, 491, 489, 492, 493, 489, 493, 490, 490, 493, 494, 490, 494, 491, 368, 491, 494, 492, 495, 496, 492, 496, 493, 493, 496, 497, 493, 497, 494, 368, 494, 497, 495, 498, 499, 495, 499, 496, 496, 499, 500, 496, 500, 497, 368, 497, 500, 498, 501, 502, 498, 502, 499, 499, 502, 503, 499, 503, 500, 368, 500, 503, 501, 504, 505, 501, 505, 502, 502, 505, 506, 502, 506, 503, 368, 503, 506, 504, 507, 508, 504, 508, 505, 505, 508, 509, 505, 509, 506, 368, 506, 509, 507, 510, 511, 507, 511, 508, 508, 511, 512, 508, 512, 509, 368, 509, 512, 510, 513, 514, 510, 514, 511, 511, 514, 515, 511, 515, 512, 368, 512, 515, 513, 516, 517, 513, 517, 514, 514, 517, 518, 514, 518, 515, 368, 515, 518, 516, 519, 520, 516, 520, 517, 517, 520, 521, 517, 521, 518, 368, 518, 521, 519, 522, 523, 519, 523, 520, 520, 523, 524, 520, 524, 521, 368, 521, 524, 522, 525, 526, 522, 526, 523, 523, 526, 527, 523, 527, 524, 368, 524, 527, 525, 528, 529, 525, 529, 526, 526, 529, 530, 526, 530, 527, 368, 527, 530, 528, 531, 532, 528, 532, 529, 529, 532, 533, 529, 533, 530, 368, 530, 533, 531, 534, 535, 531, 535, 532, 532, 535, 536, 532, 536, 533, 368, 533, 536, 531, 537, 538, 531, 538, 534, 9, 538, 537, 534, 539, 540, 534, 540, 535, 535, 540, 541, 535, 541, 536, 368, 536, 541, 534, 538, 542, 534, 542, 539, 9, 542, 538, 539, 543, 544, 539, 544, 540, 540, 544, 545, 540, 545, 541, 368, 541, 545, 539, 542, 546, 539, 546, 543, 9, 546, 542, 543, 547, 548, 543, 548, 544, 544, 548, 549, 544, 549, 545, 368, 545, 549, 543, 546, 550, 543, 550, 547, 9, 550, 546, 547, 551, 552, 547, 552, 548, 548, 552, 553, 548, 553, 549, 368, 549, 553, 547, 550, 554, 547, 554, 551, 9, 554, 550, 551, 555, 556, 551, 556, 552, 552, 556, 557, 552, 557, 553, 368, 553, 557, 551, 554, 558, 551, 558, 555, 9, 558, 554, 555, 559, 560, 555, 560, 556, 556, 560, 561, 556, 561, 557, 368, 557, 561, 555, 558, 562, 555, 562, 559, 9, 562, 558, 559, 563, 564, 559, 564, 560, 560, 564, 565, 560, 565, 561, 368, 561, 565, 559, 562, 566, 559, 566, 563, 9, 566, 562, 563, 567, 568, 563, 568, 564, 564, 568, 569, 564, 569, 565, 368, 565, 569, 563, 566, 570, 563, 570, 567, 9, 570, 566, 567, 571, 572, 567, 572, 568, 568, 572, 573, 568, 573, 569, 368, 569, 573, 567, 570, 574, 567, 574, 571, 9, 574, 570, 571, 575, 576, 571, 576, 572, 572, 576, 577, 572, 577, 573, 368, 573, 577, 571, 574, 578, 571, 578, 575, 9, 578, 574, 575, 579, 580, 575, 580, 576, 576, 580, 581, 576, 581, 577, 368, 577, 581, 575, 578, 582, 575, 582, 579, 9, 582, 578, 579, 583, 584, 579, 584, 580, 580, 584, 585, 580, 585, 581, 368, 581, 585, 579, 582, 586, 579, 586, 583, 9, 586, 582, 583, 587, 588, 583, 588, 584, 584, 588, 589, 584, 589, 585, 368, 585, 589, 583, 586, 590, 583, 590, 587, 9, 590, 586, 587, 591, 592, 587, 592, 588, 588, 592, 593, 588, 593, 589, 368, 589, 593, 587, 590, 594, 587, 594, 591, 9, 594, 590, 591, 595, 596, 591, 596, 592, 592, 596, 597, 592, 597, 593, 368, 593, 597, 591, 594, 598, 591, 598, 595, 9, 598, 594, 595, 599, 600, 595, 600, 596, 596, 600, 601, 596, 601, 597, 368, 597, 601, 595, 598, 602, 595, 602, 599, 9, 602, 598, 599, 603, 604, 599, 604, 600, 600, 604, 605, 600, 605, 601, 368, 601, 605, 599, 602, 606, 599, 606, 603, 9, 606, 602, 603, 607, 608, 603, 608, 604, 604, 608, 609, 604, 609, 605, 368, 605, 609, 603, 606, 610, 603, 610, 607, 9, 610, 606, 607, 611, 612, 607, 612, 608, 608, 612, 613, 608, 613, 609, 368, 609, 613, 607, 610, 614, 607, 614, 611, 9, 614, 610, 611, 615, 616, 611, 616, 612, 612, 616, 617, 612, 617, 613, 368, 613, 617, 611, 614, 618, 611, 618, 615, 9, 618, 614, 615, 619, 620, 615, 620, 616, 616, 620, 621, 616, 621, 617, 368, 617, 621, 615, 618, 622, 615, 622, 619, 9, 622, 618, 619, 623, 624, 619, 624, 620, 620, 624, 625, 620, 625, 621, 368, 621, 625, 619, 622, 626, 619, 626, 623, 9, 626, 622, 623, 171, 627, 623, 627, 624, 624, 627, 628, 624, 628, 625, 368, 625, 628, 623, 626, 177, 623, 177, 171, 9, 177, 626, 171, 168, 629, 171, 629, 627, 627, 629, 630, 627, 630, 628, 368, 628, 630, 168, 165, 631, 168, 631, 629, 629, 631, 632, 629, 632, 630, 368, 630, 632, 165, 162, 633, 165, 633, 631, 631, 633, 634, 631, 634, 632, 368, 632, 634, 162, 159, 635, 162, 635, 633, 633, 635, 636, 633, 636, 634, 368, 634, 636, 159, 156, 637, 159, 637, 635, 635, 637, 638, 635, 638, 636, 368, 636, 638, 156, 153, 639, 156, 639, 637, 637, 639, 640, 637, 640, 638, 368, 638, 640, 153, 150, 641, 153, 641, 639, 639, 641, 642, 639, 642, 640, 368, 640, 642, 150, 147, 643, 150, 643, 641, 641, 643, 644, 641, 644, 642, 368, 642, 644, 147, 144, 645, 147, 645, 643, 643, 645, 646, 643, 646, 644, 368, 644, 646, 144, 141, 647, 144, 647, 645, 645, 647, 648, 645, 648, 646, 368, 646, 648, 141, 138, 649, 141, 649, 647, 647, 649, 650, 647, 650, 648, 368, 648, 650, 138, 135, 651, 138, 651, 649, 649, 651, 652, 649, 652, 650, 368, 650, 652, 135, 132, 653, 135, 653, 651, 651, 653, 654, 651, 654, 652, 368, 652, 654, 132, 129, 655, 132, 655, 653, 653, 655, 656, 653, 656, 654, 368, 654, 656, 129, 126, 657, 129, 657, 655, 655, 657, 658, 655, 658, 656, 368, 656, 658, 126, 123, 659, 126, 659, 657, 657, 659, 660, 657, 660, 658, 368, 658, 660, 123, 120, 661, 123, 661, 659, 659, 661, 662, 659, 662, 660, 368, 660, 662, 120, 117, 663, 120, 663, 661, 661, 663, 664, 661, 664, 662, 368, 662, 664, 117, 114, 665, 117, 665, 663, 663, 665, 666, 663, 666, 664, 368, 664, 666, 114, 111, 667, 114, 667, 665, 665, 667, 668, 665, 668, 666, 368, 666, 668, 111, 108, 669, 111, 669, 667, 667, 669, 670, 667, 670, 668, 368, 668, 670, 108, 105, 671, 108, 671, 669, 669, 671, 672, 669, 672, 670, 368, 670, 672, 105, 102, 673, 105, 673, 671, 671, 673, 674, 671, 674, 672, 368, 672, 674, 102, 98, 365, 102, 365, 673, 673, 365, 367, 673, 367, 674, 368, 674, 367, 458, 675, 676, 458, 676, 677, 677, 676, 678, 677, 678, 679, 680, 679, 678, 458, 461, 681, 458, 681, 675, 9, 681, 461, 675, 682, 683, 675, 683, 676, 676, 683, 684, 676, 684, 678, 680, 678, 684, 675, 681, 685, 675, 685, 682, 9, 685, 681, 682, 686, 687, 682, 687, 683, 683, 687, 688, 683, 688, 684, 680, 684, 688, 682, 685, 689, 682, 689, 686, 9, 689, 685, 686, 690, 691, 686, 691, 687, 687, 691, 692, 687, 692, 688, 680, 688, 692, 686, 689, 693, 686, 693, 690, 9, 693, 689, 690, 694, 695, 690, 695, 691, 691, 695, 696, 691, 696, 692, 680, 692, 696, 690, 693, 697, 690, 697, 694, 9, 697, 693, 694, 698, 699, 694, 699, 695, 695, 699, 700, 695, 700, 696, 680, 696, 700, 694, 697, 701, 694, 701, 698, 9, 701, 697, 698, 702, 703, 698, 703, 699, 699, 703, 704, 699, 704, 700, 680, 700, 704, 698, 701, 705, 698, 705, 702, 9, 705, 701, 702, 706, 707, 702, 707, 703, 703, 707, 708, 703, 708, 704, 680, 704, 708, 702, 705, 709, 702, 709, 706, 9, 709, 705, 706, 710, 711, 706, 711, 707, 707, 711, 712, 707, 712, 708, 680, 708, 712, 706, 709, 713, 706, 713, 710, 9, 713, 709, 710, 714, 715, 710, 715, 711, 711, 715, 716, 711, 716, 712, 680, 712, 716, 710, 713, 717, 710, 717, 714, 9, 717, 713, 714, 718, 719, 714, 719, 715, 715, 719, 720, 715, 720, 716, 680, 716, 720, 714, 717, 721, 714, 721, 718, 9, 721, 717, 718, 722, 723, 718, 723, 719, 719, 723, 724, 719, 724, 720, 680, 720, 724, 718, 721, 725, 718, 725, 722, 9, 725, 721, 722, 726, 727, 722, 727, 723, 723, 727, 728, 723, 728, 724, 680, 724, 728, 722, 725, 729, 722, 729, 726, 9, 729, 725, 726, 730, 731, 726, 731, 727, 727, 731, 732, 727, 732, 728, 680, 728, 732, 726, 729, 733, 726, 733, 730, 9, 733, 729, 730, 734, 735, 730, 735, 731, 731, 735, 736, 731, 736, 732, 680, 732, 736, 730, 733, 737, 730, 737, 734, 9, 737, 733, 734, 738, 739, 734, 739, 735, 735, 739, 740, 735, 740, 736, 680, 736, 740, 734, 737, 741, 734, 741, 738, 9, 741, 737, 738, 742, 743, 738, 743, 739, 739, 743, 744, 739, 744, 740, 680, 740, 744, 738, 741, 745, 738, 745, 742, 9, 745, 741, 742, 746, 747, 742, 747, 743, 743, 747, 748, 743, 748, 744, 680, 744, 748, 742, 745, 749, 742, 749, 746, 9, 749, 745, 746, 750, 751, 746, 751, 747, 747, 751, 752, 747, 752, 748, 680, 748, 752, 746, 749, 753, 746, 753, 750, 9, 753, 749, 750, 754, 755, 750, 755, 751, 751, 755, 756, 751, 756, 752, 680, 752, 756, 750, 753, 757, 750, 757, 754, 9, 757, 753, 754, 758, 759, 754, 759, 755, 755, 759, 760, 755, 760, 756, 680, 756, 760, 754, 757, 761, 754, 761, 758, 9, 761, 757, 758, 762, 763, 758, 763, 759, 759, 763, 764, 759, 764, 760, 680, 760, 764, 758, 761, 765, 758, 765, 762, 9, 765, 761, 762, 766, 767, 762, 767, 763, 763, 767, 768, 763, 768, 764, 680, 764, 768, 762, 765, 769, 762, 769, 766, 9, 769, 765, 766, 770, 771, 766, 771, 767, 767, 771, 772, 767, 772, 768, 680, 768, 772, 766, 769, 773, 766, 773, 770, 9, 773, 769, 770, 774, 775, 770, 775, 771, 771, 775, 776, 771, 776, 772, 680, 772, 776, 770, 773, 777, 770, 777, 774, 9, 777, 773, 774, 778, 779, 774, 779, 775, 775, 779, 780, 775, 780, 776, 680, 776, 780, 774, 777, 781, 774, 781, 778, 9, 781, 777, 778, 782, 783, 778, 783, 779, 779, 783, 784, 779, 784, 780, 680, 780, 784, 778, 781, 785, 778, 785, 782, 9, 785, 781, 782, 786, 787, 782, 787, 783, 783, 787, 788, 783, 788, 784, 680, 784, 788, 782, 785, 789, 782, 789, 786, 9, 789, 785, 786, 790, 791, 786, 791, 787, 787, 791, 792, 787, 792, 788, 680, 788, 792, 786, 789, 793, 786, 793, 790, 9, 793, 789, 790, 794, 795, 790, 795, 791, 791, 795, 796, 791, 796, 792, 680, 792, 796, 790, 793, 797, 790, 797, 794, 9, 797, 793, 794, 798, 799, 794, 799, 795, 795, 799, 800, 795, 800, 796, 680, 796, 800, 794, 797, 801, 794, 801, 798, 9, 801, 797, 798, 802, 803, 798, 803, 799, 799, 803, 804, 799, 804, 800, 680, 800, 804, 798, 801, 805, 798, 805, 802, 9, 805, 801, 802, 806, 807, 802, 807, 803, 803, 807, 808, 803, 808, 804, 680, 804, 808, 802, 805, 809, 802, 809, 806, 9, 809, 805, 806, 810, 811, 806, 811, 807, 807, 811, 812, 807, 812, 808, 680, 808, 812, 806, 809, 813, 806, 813, 810, 9, 813, 809, 810, 814, 815, 810, 815, 811, 811, 815, 816, 811, 816, 812, 680, 812, 816, 810, 813, 817, 810, 817, 814, 9, 817, 813, 814, 818, 819, 814, 819, 815, 815, 819, 820, 815, 820, 816, 680, 816, 820, 814, 817, 821, 814, 821, 818, 9, 821, 817, 818, 822, 823, 818, 823, 819, 819, 823, 824, 819, 824, 820, 680, 820, 824, 818, 821, 825, 818, 825, 822, 9, 825, 821, 822, 826, 827, 822, 827, 823, 823, 827, 828, 823, 828, 824, 680, 824, 828, 822, 825, 829, 822, 829, 826, 9, 829, 825, 826, 830, 831, 826, 831, 827, 827, 831, 832, 827, 832, 828, 680, 828, 832, 826, 829, 833, 826, 833, 830, 9, 833, 829, 830, 834, 835, 830, 835, 831, 831, 835, 836, 831, 836, 832, 680, 832, 836, 830, 833, 837, 830, 837, 834, 9, 837, 833, 834, 838, 839, 834, 839, 835, 835, 839, 840, 835, 840, 836, 680, 836, 840, 834, 837, 841, 834, 841, 838, 9, 841, 837, 838, 842, 843, 838, 843, 839, 839, 843, 844, 839, 844, 840, 680, 840, 844, 838, 841, 845, 838, 845, 842, 9, 845, 841, 842, 846, 847, 842, 847, 843, 843, 847, 848, 843, 848, 844, 680, 844, 848, 842, 845, 849, 842, 849, 846, 9, 849, 845, 846, 850, 851, 846, 851, 847, 847, 851, 852, 847, 852, 848, 680, 848, 852, 846, 849, 853, 846, 853, 850, 9, 853, 849, 850, 854, 855, 850, 855, 851, 851, 855, 856, 851, 856, 852, 680, 852, 856, 850, 853, 857, 850, 857, 854, 9, 857, 853, 854, 858, 859, 854, 859, 855, 855, 859, 860, 855, 860, 856, 680, 856, 860, 854, 857, 861, 854, 861, 858, 9, 861, 857, 858, 862, 863, 858, 863, 859, 859, 863, 864, 859, 864, 860, 680, 860, 864, 858, 861, 865, 858, 865, 862, 9, 865, 861, 862, 866, 867, 862, 867, 863, 863, 867, 868, 863, 868, 864, 680, 864, 868, 862, 865, 869, 862, 869, 866, 9, 869, 865, 866, 870, 871, 866, 871, 867, 867, 871, 872, 867, 872, 868, 680, 868, 872, 866, 869, 873, 866, 873, 870, 9, 873, 869, 870, 874, 875, 870, 875, 871, 871, 875, 876, 871, 876, 872, 680, 872, 876, 870, 873, 877, 870, 877, 874, 9, 877, 873, 874, 878, 879, 874, 879, 875, 875, 879, 880, 875, 880, 876, 680, 876, 880, 874, 877, 881, 874, 881, 878, 9, 881, 877, 878, 882, 883, 878, 883, 879, 879, 883, 884, 879, 884, 880, 680, 880, 884, 878, 881, 885, 878, 885, 882, 9, 885, 881, 882, 886, 887, 882, 887, 883, 883, 887, 888, 883, 888, 884, 680, 884, 888, 882, 885, 889, 882, 889, 886, 9, 889, 885, 886, 890, 891, 886, 891, 887, 887, 891, 892, 887, 892, 888, 680, 888, 892, 886, 889, 893, 886, 893, 890, 9, 893, 889, 890, 894, 895, 890, 895, 891, 891, 895, 896, 891, 896, 892, 680, 892, 896, 890, 893, 897, 890, 897, 894, 9, 897, 893, 894, 898, 899, 894, 899, 895, 895, 899, 900, 895, 900, 896, 680, 896, 900, 894, 897, 901, 894, 901, 898, 9, 901, 897, 898, 902, 903, 898, 903, 899, 899, 903, 904, 899, 904, 900, 680, 900, 904, 898, 901, 905, 898, 905, 902, 9, 905, 901, 902, 906, 907, 902, 907, 903, 903, 907, 908, 903, 908, 904, 680, 904, 908, 902, 905, 909, 902, 909, 906, 9, 909, 905, 906, 910, 911, 906, 911, 907, 907, 911, 912, 907, 912, 908, 680, 908, 912, 906, 909, 913, 906, 913, 910, 9, 913, 909, 910, 914, 915, 910, 915, 911, 911, 915, 916, 911, 916, 912, 680, 912, 916, 910, 913, 917, 910, 917, 914, 9, 917, 913, 914, 918, 919, 914, 919, 915, 915, 919, 920, 915, 920, 916, 680, 916, 920, 914, 917, 921, 914, 921, 918, 9, 921, 917, 918, 922, 923, 918, 923, 919, 919, 923, 924, 919, 924, 920, 680, 920, 924, 918, 921, 925, 918, 925, 922, 9, 925, 921, 922, 926, 927, 922, 927, 923, 923, 927, 928, 923, 928, 924, 680, 924, 928, 922, 925, 929, 922, 929, 926, 9, 929, 925, 926, 930, 931, 926, 931, 927, 927, 931, 932, 927, 932, 928, 680, 928, 932, 926, 929, 933, 926, 933, 930, 9, 933, 929, 930, 934, 935, 930, 935, 931, 931, 935, 936, 931, 936, 932, 680, 932, 936, 930, 933, 937, 930, 937, 934, 9, 937, 933, 934, 938, 939, 934, 939, 935, 935, 939, 940, 935, 940, 936, 680, 936, 940, 934, 937, 941, 934, 941, 938, 9, 941, 937, 938, 942, 943, 938, 943, 939, 939, 943, 944, 939, 944, 940, 680, 940, 944, 938, 941, 945, 938, 945, 942, 9, 945, 941, 942, 946, 947, 942, 947, 943, 943, 947, 948, 943, 948, 944, 680, 944, 948, 942, 945, 949, 942, 949, 946, 9, 949, 945, 946, 950, 951, 946, 951, 947, 947, 951, 952, 947, 952, 948, 680, 948, 952, 946, 949, 953, 946, 953, 950, 9, 953, 949, 950, 954, 955, 950, 955, 951, 951, 955, 956, 951, 956, 952, 680, 952, 956, 950, 953, 957, 950, 957, 954, 9, 957, 953, 954, 958, 959, 954, 959, 955, 955, 959, 960, 955, 960, 956, 680, 956, 960, 954, 957, 961, 954, 961, 958, 9, 961, 957, 958, 531, 962, 958, 962, 959, 959, 962, 963, 959, 963, 960, 680, 960, 963, 958, 961, 537, 958, 537, 531, 9, 537, 961, 531, 528, 964, 531, 964, 962, 962, 964, 965, 962, 965, 963, 680, 963, 965, 528, 525, 966, 528, 966, 964, 964, 966, 967, 964, 967, 965, 680, 965, 967, 525, 522, 968, 525, 968, 966, 966, 968, 969, 966, 969, 967, 680, 967, 969, 522, 519, 970, 522, 970, 968, 968, 970, 971, 968, 971, 969, 680, 969, 971, 519, 516, 972, 519, 972, 970, 970, 972, 973, 970, 973, 971, 680, 971, 973, 516, 513, 974, 516, 974, 972, 972, 974, 975, 972, 975, 973, 680, 973, 975, 513, 510, 976, 513, 976, 974, 974, 976, 977, 974, 977, 975, 680, 975, 977, 510, 507, 978, 510, 978, 976, 976, 978, 979, 976, 979, 977, 680, 977, 979, 507, 504, 980, 507, 980, 978, 978, 980, 981, 978, 981, 979, 680, 979, 981, 504, 501, 982, 504, 982, 980, 980, 982, 983, 980, 983, 981, 680, 981, 983, 501, 498, 984, 501, 984, 982, 982, 984, 985, 982, 985, 983, 680, 983, 985, 498, 495, 986, 498, 986, 984, 984, 986, 987, 984, 987, 985, 680, 985, 987, 495, 492, 988, 495, 988, 986, 986, 988, 989, 986, 989, 987, 680, 987, 989, 492, 489, 990, 492, 990, 988, 988, 990, 991, 988, 991, 989, 680, 989, 991, 489, 486, 992, 489, 992, 990, 990, 992, 993, 990, 993, 991, 680, 991, 993, 486, 483, 994, 486, 994, 992, 992, 994, 995, 992, 995, 993, 680, 993, 995, 483, 480, 996, 483, 996, 994, 994, 996, 997, 994, 997, 995, 680, 995, 997, 480, 477, 998, 480, 998, 996, 996, 998, 999, 996, 999, 997, 680, 997, 999, 477, 474, 1000, 477, 1000, 998, 998, 1000, 1001, 998, 1001, 999, 680, 999, 1001, 474, 471, 1002, 474, 1002, 1000, 1000, 1002, 1003, 1000, 1003, 1001, 680, 1001, 1003, 471, 468, 1004, 471, 1004, 1002, 1002, 1004, 1005, 1002, 1005, 1003, 680, 1003, 1005, 468, 465, 1006, 468, 1006, 1004, 1004, 1006, 1007, 1004, 1007, 1005, 680, 1005, 1007, 465, 462, 1008, 465, 1008, 1006, 1006, 1008, 1009, 1006, 1009, 1007, 680, 1007, 1009, 462, 458, 677, 462, 677, 1008, 1008, 677, 679, 1008, 679, 1009, 680, 1009, 679]
                    rel material:binding = </World/BatteryWorkcell/Props/Looks/DarkRedFoam>
                    rel material:binding:physics = </World/BatteryWorkcell/Props/PhysicsMaterials/RigidRedFoam> (
                        bindMaterialAs = "weakerThanDescendants"
                    )
                    uniform token physics:approximation = "none"
                    bool physics:collisionEnabled = 1
                    float physxCollision:contactOffset = 0.0002
                    float physxCollision:restOffset = 0
                    point3f[] points = [(-0.036, -0.024, 0.024), (-0.034916665, -0.024, 0.024), (-0.023299228, -0.0053082565, 0.024), (-0.023466876, -0.0052003143, 0.024), (-0.023299228, -0.0053082565, 0.011), (-0.023466876, -0.0052003143, 0.011), (-0.02, 0, 0.011), (-0.036, -0.024, -0.024), (-0.034916665, -0.024, -0.024), (0, 0, -0.024), (-0.033833332, -0.024, 0.024), (-0.023121094, -0.0054149115, 0.024), (-0.023121094, -0.0054149115, 0.011), (-0.033833332, -0.024, -0.024), (-0.03275, -0.024, 0.024), (-0.02293222, -0.0055194735, 0.024), (-0.02293222, -0.0055194735, 0.011), (-0.03275, -0.024, -0.024), (-0.031666666, -0.024, 0.024), (-0.022732455, -0.005621049, 0.024), (-0.022732455, -0.005621049, 0.011), (-0.031666666, -0.024, -0.024), (-0.030583333, -0.024, 0.024), (-0.022521773, -0.0057186675, 0.024), (-0.022521773, -0.0057186675, 0.011), (-0.030583333, -0.024, -0.024), (-0.0295, -0.024, 0.024), (-0.022300303, -0.0058112913, 0.024), (-0.022300303, -0.0058112913, 0.011), (-0.0295, -0.024, -0.024), (-0.028416667, -0.024, 0.024), (-0.022068338, -0.0058978368, 0.024), (-0.022068338, -0.0058978368, 0.011), (-0.028416667, -0.024, -0.024), (-0.027333334, -0.024, 0.024), (-0.021826366, -0.0059771976, 0.024), (-0.021826366, -0.0059771976, 0.011), (-0.027333334, -0.024, -0.024), (-0.02625, -0.024, 0.024), (-0.021575073, -0.0060482766, 0.024), (-0.021575073, -0.0060482766, 0.011), (-0.02625, -0.024, -0.024), (-0.025166666, -0.024, 0.024), (-0.021315351, -0.0061100204, 0.024), (-0.021315351, -0.0061100204, 0.011), (-0.025166666, -0.024, -0.024), (-0.024083333, -0.024, 0.024), (-0.021048304, -0.0061614574, 0.024), (-0.021048304, -0.0061614574, 0.011), (-0.024083333, -0.024, -0.024), (-0.023, -0.024, 0.024), (-0.020775218, -0.0062017366, 0.024), (-0.020775218, -0.0062017366, 0.011), (-0.023, -0.024, -0.024), (-0.021916667, -0.024, 0.024), (-0.020497547, -0.0062301643, 0.024), (-0.020497547, -0.0062301643, 0.011), (-0.021916667, -0.024, -0.024), (-0.020833334, -0.024, 0.024), (-0.020216884, -0.0062462357, 0.024), (-0.020216884, -0.0062462357, 0.011), (-0.020833334, -0.024, -0.024), (-0.01975, -0.024, 0.024), (-0.0199349, -0.006249661, 0.024), (-0.0199349, -0.006249661, 0.011), (-0.01975, -0.024, -0.024), (-0.018666666, -0.024, 0.024), (-0.019653313, -0.006240377, 0.024), (-0.019653313, -0.006240377, 0.011), (-0.018666666, -0.024, -0.024), (-0.017583333, -0.024, 0.024), (-0.019373827, -0.0062185535, 0.024), (-0.019373827, -0.0062185535, 0.011), (-0.017583333, -0.024, -0.024), (-0.0165, -0.024, 0.024), (-0.019098083, -0.006184581, 0.024), (-0.019098083, -0.006184581, 0.011), (-0.0165, -0.024, -0.024), (-0.015416667, -0.024, 0.024), (-0.018827612, -0.006139056, 0.024), (-0.018827612, -0.006139056, 0.011), (-0.015416667, -0.024, -0.024), (-0.014333333, -0.024, 0.024), (-0.018563796, -0.0060827476, 0.024), (-0.018563796, -0.0060827476, 0.011), (-0.014333333, -0.024, -0.024), (-0.01325, -0.024, 0.024), (-0.01830784, -0.0060165683, 0.024), (-0.01830784, -0.0060165683, 0.011), (-0.01325, -0.024, -0.024), (-0.012166667, -0.024, 0.024), (-0.01806075, -0.0059415326, 0.024), (-0.01806075, -0.0059415326, 0.011), (-0.012166667, -0.024, -0.024), (-0.011083334, -0.024, 0.024), (-0.017823324, -0.0058587184, 0.024), (-0.017823324, -0.0058587184, 0.011), (-0.011083334, -0.024, -0.024), (-0.01, -0.024, 0.024), (-0.017596154, -0.005769231, 0.024), (-0.017596154, -0.005769231, 0.011), (-0.01, -0.024, -0.024), (-0.01, -0.022, 0.024), (-0.017413732, -0.0056897905, 0.024), (-0.017413732, -0.0056897905, 0.011), (-0.01, -0.02, 0.024), (-0.017204914, -0.00559017, 0.024), (-0.017204914, -0.00559017, 0.011), (-0.01, -0.018, 0.024), (-0.016964732, -0.005463483, 0.024), (-0.016964732, -0.005463483, 0.011), (-0.01, -0.016, 0.024), (-0.016687507, -0.0052999896, 0.024), (-0.016687507, -0.0052999896, 0.011), (-0.01, -0.014, 0.024), (-0.01636726, -0.0050858343, 0.024), (-0.01636726, -0.0050858343, 0.011), (-0.01, -0.012, 0.024), (-0.015998848, -0.004801383, 0.024), (-0.015998848, -0.004801383, 0.011), (-0.01, -0.01, 0.024), (-0.015580582, -0.0044194176, 0.024), (-0.015580582, -0.0044194176, 0.011), (-0.01, -0.008, 0.024), (-0.01511957, -0.003904344, 0.024), (-0.01511957, -0.003904344, 0.011), (-0.01, -0.006, 0.024), (-0.014640669, -0.0032155984, 0.024), (-0.014640669, -0.0032155984, 0.011), (-0.01, -0.004, 0.024), (-0.014197021, -0.0023211918, 0.024), (-0.014197021, -0.0023211918, 0.011), (-0.01, -0.002, 0.024), (-0.013871371, -0.0012257259, 0.024), (-0.013871371, -0.0012257259, 0.011), (-0.01, 3.469447e-18, 0.024), (-0.01375, 2.1684043e-18, 0.024), (-0.01375, 2.1684043e-18, 0.011), (-0.01, 0.002, 0.024), (-0.013871371, 0.0012257259, 0.024), (-0.013871371, 0.0012257259, 0.011), (-0.01, 0.004, 0.024), (-0.014197021, 0.0023211918, 0.024), (-0.014197021, 0.0023211918, 0.011), (-0.01, 0.006, 0.024), (-0.014640669, 0.0032155984, 0.024), (-0.014640669, 0.0032155984, 0.011), (-0.01, 0.008, 0.024), (-0.01511957, 0.003904344, 0.024), (-0.01511957, 0.003904344, 0.011), (-0.01, 0.01, 0.024), (-0.015580582, 0.0044194176, 0.024), (-0.015580582, 0.0044194176, 0.011), (-0.01, 0.012, 0.024), (-0.015998848, 0.004801383, 0.024), (-0.015998848, 0.004801383, 0.011), (-0.01, 0.014, 0.024), (-0.01636726, 0.0050858343, 0.024), (-0.01636726, 0.0050858343, 0.011), (-0.01, 0.016, 0.024), (-0.016687507, 0.0052999896, 0.024), (-0.016687507, 0.0052999896, 0.011), (-0.01, 0.018, 0.024), (-0.016964732, 0.005463483, 0.024), (-0.016964732, 0.005463483, 0.011), (-0.01, 0.02, 0.024), (-0.017204914, 0.00559017, 0.024), (-0.017204914, 0.00559017, 0.011), (-0.01, 0.022, 0.024), (-0.017413732, 0.0056897905, 0.024), (-0.017413732, 0.0056897905, 0.011), (-0.01, 0.024, 0.024), (-0.017596154, 0.005769231, 0.024), (-0.017596154, 0.005769231, 0.011), (-0.011083334, 0.024, 0.024), (-0.017823324, 0.0058587184, 0.024), (-0.017823324, 0.0058587184, 0.011), (-0.01, 0.024, -0.024), (-0.011083334, 0.024, -0.024), (-0.012166667, 0.024, 0.024), (-0.01806075, 0.0059415326, 0.024), (-0.01806075, 0.0059415326, 0.011), (-0.012166667, 0.024, -0.024), (-0.01325, 0.024, 0.024), (-0.01830784, 0.0060165683, 0.024), (-0.01830784, 0.0060165683, 0.011), (-0.01325, 0.024, -0.024), (-0.014333333, 0.024, 0.024), (-0.018563796, 0.0060827476, 0.024), (-0.018563796, 0.0060827476, 0.011), (-0.014333333, 0.024, -0.024), (-0.015416667, 0.024, 0.024), (-0.018827612, 0.006139056, 0.024), (-0.018827612, 0.006139056, 0.011), (-0.015416667, 0.024, -0.024), (-0.0165, 0.024, 0.024), (-0.019098083, 0.006184581, 0.024), (-0.019098083, 0.006184581, 0.011), (-0.0165, 0.024, -0.024), (-0.017583333, 0.024, 0.024), (-0.019373827, 0.0062185535, 0.024), (-0.019373827, 0.0062185535, 0.011), (-0.017583333, 0.024, -0.024), (-0.018666666, 0.024, 0.024), (-0.019653313, 0.006240377, 0.024), (-0.019653313, 0.006240377, 0.011), (-0.018666666, 0.024, -0.024), (-0.01975, 0.024, 0.024), (-0.0199349, 0.006249661, 0.024), (-0.0199349, 0.006249661, 0.011), (-0.01975, 0.024, -0.024), (-0.020833334, 0.024, 0.024), (-0.020216884, 0.0062462357, 0.024), (-0.020216884, 0.0062462357, 0.011), (-0.020833334, 0.024, -0.024), (-0.021916667, 0.024, 0.024), (-0.020497547, 0.0062301643, 0.024), (-0.020497547, 0.0062301643, 0.011), (-0.021916667, 0.024, -0.024), (-0.023, 0.024, 0.024), (-0.020775218, 0.0062017366, 0.024), (-0.020775218, 0.0062017366, 0.011), (-0.023, 0.024, -0.024), (-0.024083333, 0.024, 0.024), (-0.021048304, 0.0061614574, 0.024), (-0.021048304, 0.0061614574, 0.011), (-0.024083333, 0.024, -0.024), (-0.025166666, 0.024, 0.024), (-0.021315351, 0.0061100204, 0.024), (-0.021315351, 0.0061100204, 0.011), (-0.025166666, 0.024, -0.024), (-0.02625, 0.024, 0.024), (-0.021575073, 0.0060482766, 0.024), (-0.021575073, 0.0060482766, 0.011), (-0.02625, 0.024, -0.024), (-0.027333334, 0.024, 0.024), (-0.021826366, 0.0059771976, 0.024), (-0.021826366, 0.0059771976, 0.011), (-0.027333334, 0.024, -0.024), (-0.028416667, 0.024, 0.024), (-0.022068338, 0.0058978368, 0.024), (-0.022068338, 0.0058978368, 0.011), (-0.028416667, 0.024, -0.024), (-0.0295, 0.024, 0.024), (-0.022300303, 0.0058112913, 0.024), (-0.022300303, 0.0058112913, 0.011), (-0.0295, 0.024, -0.024), (-0.030583333, 0.024, 0.024), (-0.022521773, 0.0057186675, 0.024), (-0.022521773, 0.0057186675, 0.011), (-0.030583333, 0.024, -0.024), (-0.031666666, 0.024, 0.024), (-0.022732455, 0.005621049, 0.024), (-0.022732455, 0.005621049, 0.011), (-0.031666666, 0.024, -0.024), (-0.03275, 0.024, 0.024), (-0.02293222, 0.0055194735, 0.024), (-0.02293222, 0.0055194735, 0.011), (-0.03275, 0.024, -0.024), (-0.033833332, 0.024, 0.024), (-0.023121094, 0.0054149115, 0.024), (-0.023121094, 0.0054149115, 0.011), (-0.033833332, 0.024, -0.024), (-0.034916665, 0.024, 0.024), (-0.023299228, 0.0053082565, 0.024), (-0.023299228, 0.0053082565, 0.011), (-0.034916665, 0.024, -0.024), (-0.036, 0.024, 0.024), (-0.023466876, 0.0052003143, 0.024), (-0.023466876, 0.0052003143, 0.011), (-0.036, 0.024, -0.024), (-0.036, 0.022, 0.024), (-0.023676073, 0.0050546005, 0.024), (-0.023676073, 0.0050546005, 0.011), (-0.036, 0.022, -0.024), (-0.036, 0.02, 0.024), (-0.023904344, 0.00488043, 0.024), (-0.023904344, 0.00488043, 0.011), (-0.036, 0.02, -0.024), (-0.036, 0.018, 0.024), (-0.024152273, 0.004671308, 0.024), (-0.024152273, 0.004671308, 0.011), (-0.036, 0.018, -0.024), (-0.036, 0.016, 0.024), (-0.024419418, 0.0044194176, 0.024), (-0.024419418, 0.0044194176, 0.011), (-0.036, 0.016, -0.024), (-0.036, 0.014, 0.024), (-0.024703605, 0.0041156537, 0.024), (-0.024703605, 0.0041156537, 0.011), (-0.036, 0.014, -0.024), (-0.036, 0.012, 0.024), (-0.025, 0.00375, 0.024), (-0.025, 0.00375, 0.011), (-0.036, 0.012, -0.024), (-0.036, 0.01, 0.024), (-0.025299989, 0.0033124934, 0.024), (-0.025299989, 0.0033124934, 0.011), (-0.036, 0.01, -0.024), (-0.036, 0.008, 0.024), (-0.02559017, 0.002795085, 0.024), (-0.02559017, 0.002795085, 0.011), (-0.036, 0.008, -0.024), (-0.036, 0.006, 0.024), (-0.025852058, 0.0021945215, 0.024), (-0.025852058, 0.0021945215, 0.011), (-0.036, 0.006, -0.024), (-0.036, 0.004, 0.024), (-0.02606339, 0.0015158476, 0.024), (-0.02606339, 0.0015158476, 0.011), (-0.036, 0.004, -0.024), (-0.036, 0.002, 0.024), (-0.026201736, 0.0007752171, 0.024), (-0.026201736, 0.0007752171, 0.011), (-0.036, 0.002, -0.024), (-0.036, -3.469447e-18, 0.024), (-0.02625, -1.3552527e-18, 0.024), (-0.02625, -1.3552527e-18, 0.011), (-0.036, -3.469447e-18, -0.024), (-0.036, -0.002, 0.024), (-0.026201736, -0.0007752171, 0.024), (-0.026201736, -0.0007752171, 0.011), (-0.036, -0.002, -0.024), (-0.036, -0.004, 0.024), (-0.02606339, -0.0015158476, 0.024), (-0.02606339, -0.0015158476, 0.011), (-0.036, -0.004, -0.024), (-0.036, -0.006, 0.024), (-0.025852058, -0.0021945215, 0.024), (-0.025852058, -0.0021945215, 0.011), (-0.036, -0.006, -0.024), (-0.036, -0.008, 0.024), (-0.02559017, -0.002795085, 0.024), (-0.02559017, -0.002795085, 0.011), (-0.036, -0.008, -0.024), (-0.036, -0.01, 0.024), (-0.025299989, -0.0033124934, 0.024), (-0.025299989, -0.0033124934, 0.011), (-0.036, -0.01, -0.024), (-0.036, -0.012, 0.024), (-0.025, -0.00375, 0.024), (-0.025, -0.00375, 0.011), (-0.036, -0.012, -0.024), (-0.036, -0.014, 0.024), (-0.024703605, -0.0041156537, 0.024), (-0.024703605, -0.0041156537, 0.011), (-0.036, -0.014, -0.024), (-0.036, -0.016, 0.024), (-0.024419418, -0.0044194176, 0.024), (-0.024419418, -0.0044194176, 0.011), (-0.036, -0.016, -0.024), (-0.036, -0.018, 0.024), (-0.024152273, -0.004671308, 0.024), (-0.024152273, -0.004671308, 0.011), (-0.036, -0.018, -0.024), (-0.036, -0.02, 0.024), (-0.023904344, -0.00488043, 0.024), (-0.023904344, -0.00488043, 0.011), (-0.036, -0.02, -0.024), (-0.036, -0.022, 0.024), (-0.023676073, -0.0050546005, 0.024), (-0.023676073, -0.0050546005, 0.011), (-0.036, -0.022, -0.024), (-0.009166666, -0.024, 0.024), (-0.0022300282, -0.005838619, 0.024), (-0.0024038462, -0.005769231, 0.024), (-0.0022300282, -0.005838619, 0.011), (-0.0024038462, -0.005769231, 0.011), (0, 0, 0.011), (-0.009166666, -0.024, -0.024), (-0.008333334, -0.024, 0.024), (-0.0020500731, -0.0059042103, 0.024), (-0.0020500731, -0.0059042103, 0.011), (-0.008333334, -0.024, -0.024), (-0.0075, -0.024, 0.024), (-0.0018642187, -0.0059654997, 0.024), (-0.0018642187, -0.0059654997, 0.011), (-0.0075, -0.024, -0.024), (-0.006666667, -0.024, 0.024), (-0.0016727742, -0.0060219867, 0.024), (-0.0016727742, -0.0060219867, 0.011), (-0.006666667, -0.024, -0.024), (-0.0058333334, -0.024, 0.024), (-0.0014761211, -0.0060731843, 0.024), (-0.0014761211, -0.0060731843, 0.011), (-0.0058333334, -0.024, -0.024), (-0.005, -0.024, 0.024), (-0.0012747141, -0.0061186277, 0.024), (-0.0012747141, -0.0061186277, 0.011), (-0.005, -0.024, -0.024), (-0.004166667, -0.024, 0.024), (-0.0010690776, -0.006157887, 0.024), (-0.0010690776, -0.006157887, 0.011), (-0.004166667, -0.024, -0.024), (-0.0033333334, -0.024, 0.024), (-0.0008598023, -0.0061905766, 0.024), (-0.0008598023, -0.0061905766, 0.011), (-0.0033333334, -0.024, -0.024), (-0.0025, -0.024, 0.024), (-0.00064753805, -0.006216365, 0.024), (-0.00064753805, -0.006216365, 0.011), (-0.0025, -0.024, -0.024), (-0.0016666667, -0.024, 0.024), (-0.000432985, -0.006234984, 0.024), (-0.000432985, -0.006234984, 0.011), (-0.0016666667, -0.024, -0.024), (-0.00083333335, -0.024, 0.024), (-0.00021688319, -0.0062462357, 0.024), (-0.00021688319, -0.0062462357, 0.011), (-0.00083333335, -0.024, -0.024), (0, -0.024, 0.024), (0, -0.00625, 0.024), (0, -0.00625, 0.011), (0, -0.024, -0.024), (0.00083333335, -0.024, 0.024), (0.00021688319, -0.0062462357, 0.024), (0.00021688319, -0.0062462357, 0.011), (0.00083333335, -0.024, -0.024), (0.0016666667, -0.024, 0.024), (0.000432985, -0.006234984, 0.024), (0.000432985, -0.006234984, 0.011), (0.0016666667, -0.024, -0.024), (0.0025, -0.024, 0.024), (0.00064753805, -0.006216365, 0.024), (0.00064753805, -0.006216365, 0.011), (0.0025, -0.024, -0.024), (0.0033333334, -0.024, 0.024), (0.0008598023, -0.0061905766, 0.024), (0.0008598023, -0.0061905766, 0.011), (0.0033333334, -0.024, -0.024), (0.004166667, -0.024, 0.024), (0.0010690776, -0.006157887, 0.024), (0.0010690776, -0.006157887, 0.011), (0.004166667, -0.024, -0.024), (0.005, -0.024, 0.024), (0.0012747141, -0.0061186277, 0.024), (0.0012747141, -0.0061186277, 0.011), (0.005, -0.024, -0.024), (0.0058333334, -0.024, 0.024), (0.0014761211, -0.0060731843, 0.024), (0.0014761211, -0.0060731843, 0.011), (0.0058333334, -0.024, -0.024), (0.006666667, -0.024, 0.024), (0.0016727742, -0.0060219867, 0.024), (0.0016727742, -0.0060219867, 0.011), (0.006666667, -0.024, -0.024), (0.0075, -0.024, 0.024), (0.0018642187, -0.0059654997, 0.024), (0.0018642187, -0.0059654997, 0.011), (0.0075, -0.024, -0.024), (0.008333334, -0.024, 0.024), (0.0020500731, -0.0059042103, 0.024), (0.0020500731, -0.0059042103, 0.011), (0.008333334, -0.024, -0.024), (0.009166666, -0.024, 0.024), (0.0022300282, -0.005838619, 0.024), (0.0022300282, -0.005838619, 0.011), (0.009166666, -0.024, -0.024), (0.01, -0.024, 0.024), (0.0024038462, -0.005769231, 0.024), (0.0024038462, -0.005769231, 0.011), (0.01, -0.024, -0.024), (0.01, -0.022, 0.024), (0.0025862684, -0.0056897905, 0.024), (0.0025862684, -0.0056897905, 0.011), (0.01, -0.02, 0.024), (0.002795085, -0.00559017, 0.024), (0.002795085, -0.00559017, 0.011), (0.01, -0.018, 0.024), (0.0030352683, -0.005463483, 0.024), (0.0030352683, -0.005463483, 0.011), (0.01, -0.016, 0.024), (0.0033124934, -0.0052999896, 0.024), (0.0033124934, -0.0052999896, 0.011), (0.01, -0.014, 0.024), (0.0036327387, -0.0050858343, 0.024), (0.0036327387, -0.0050858343, 0.011), (0.01, -0.012, 0.024), (0.0040011527, -0.004801383, 0.024), (0.0040011527, -0.004801383, 0.011), (0.01, -0.01, 0.024), (0.0044194176, -0.0044194176, 0.024), (0.0044194176, -0.0044194176, 0.011), (0.01, -0.008, 0.024), (0.00488043, -0.003904344, 0.024), (0.00488043, -0.003904344, 0.011), (0.01, -0.006, 0.024), (0.0053593307, -0.0032155984, 0.024), (0.0053593307, -0.0032155984, 0.011), (0.01, -0.004, 0.024), (0.005802979, -0.0023211918, 0.024), (0.005802979, -0.0023211918, 0.011), (0.01, -0.002, 0.024), (0.006128629, -0.0012257259, 0.024), (0.006128629, -0.0012257259, 0.011), (0.01, 3.469447e-18, 0.024), (0.00625, 2.1684043e-18, 0.024), (0.00625, 2.1684043e-18, 0.011), (0.01, 0.002, 0.024), (0.006128629, 0.0012257259, 0.024), (0.006128629, 0.0012257259, 0.011), (0.01, 0.004, 0.024), (0.005802979, 0.0023211918, 0.024), (0.005802979, 0.0023211918, 0.011), (0.01, 0.006, 0.024), (0.0053593307, 0.0032155984, 0.024), (0.0053593307, 0.0032155984, 0.011), (0.01, 0.008, 0.024), (0.00488043, 0.003904344, 0.024), (0.00488043, 0.003904344, 0.011), (0.01, 0.01, 0.024), (0.0044194176, 0.0044194176, 0.024), (0.0044194176, 0.0044194176, 0.011), (0.01, 0.012, 0.024), (0.0040011527, 0.004801383, 0.024), (0.0040011527, 0.004801383, 0.011), (0.01, 0.014, 0.024), (0.0036327387, 0.0050858343, 0.024), (0.0036327387, 0.0050858343, 0.011), (0.01, 0.016, 0.024), (0.0033124934, 0.0052999896, 0.024), (0.0033124934, 0.0052999896, 0.011), (0.01, 0.018, 0.024), (0.0030352683, 0.005463483, 0.024), (0.0030352683, 0.005463483, 0.011), (0.01, 0.02, 0.024), (0.002795085, 0.00559017, 0.024), (0.002795085, 0.00559017, 0.011), (0.01, 0.022, 0.024), (0.0025862684, 0.0056897905, 0.024), (0.0025862684, 0.0056897905, 0.011), (0.01, 0.024, 0.024), (0.0024038462, 0.005769231, 0.024), (0.0024038462, 0.005769231, 0.011), (0.009166666, 0.024, 0.024), (0.0022300282, 0.005838619, 0.024), (0.0022300282, 0.005838619, 0.011), (0.01, 0.024, -0.024), (0.009166666, 0.024, -0.024), (0.008333334, 0.024, 0.024), (0.0020500731, 0.0059042103, 0.024), (0.0020500731, 0.0059042103, 0.011), (0.008333334, 0.024, -0.024), (0.0075, 0.024, 0.024), (0.0018642187, 0.0059654997, 0.024), (0.0018642187, 0.0059654997, 0.011), (0.0075, 0.024, -0.024), (0.006666667, 0.024, 0.024), (0.0016727742, 0.0060219867, 0.024), (0.0016727742, 0.0060219867, 0.011), (0.006666667, 0.024, -0.024), (0.0058333334, 0.024, 0.024), (0.0014761211, 0.0060731843, 0.024), (0.0014761211, 0.0060731843, 0.011), (0.0058333334, 0.024, -0.024), (0.005, 0.024, 0.024), (0.0012747141, 0.0061186277, 0.024), (0.0012747141, 0.0061186277, 0.011), (0.005, 0.024, -0.024), (0.004166667, 0.024, 0.024), (0.0010690776, 0.006157887, 0.024), (0.0010690776, 0.006157887, 0.011), (0.004166667, 0.024, -0.024), (0.0033333334, 0.024, 0.024), (0.0008598023, 0.0061905766, 0.024), (0.0008598023, 0.0061905766, 0.011), (0.0033333334, 0.024, -0.024), (0.0025, 0.024, 0.024), (0.00064753805, 0.006216365, 0.024), (0.00064753805, 0.006216365, 0.011), (0.0025, 0.024, -0.024), (0.0016666667, 0.024, 0.024), (0.000432985, 0.006234984, 0.024), (0.000432985, 0.006234984, 0.011), (0.0016666667, 0.024, -0.024), (0.00083333335, 0.024, 0.024), (0.00021688319, 0.0062462357, 0.024), (0.00021688319, 0.0062462357, 0.011), (0.00083333335, 0.024, -0.024), (0, 0.024, 0.024), (0, 0.00625, 0.024), (0, 0.00625, 0.011), (0, 0.024, -0.024), (-0.00083333335, 0.024, 0.024), (-0.00021688319, 0.0062462357, 0.024), (-0.00021688319, 0.0062462357, 0.011), (-0.00083333335, 0.024, -0.024), (-0.0016666667, 0.024, 0.024), (-0.000432985, 0.006234984, 0.024), (-0.000432985, 0.006234984, 0.011), (-0.0016666667, 0.024, -0.024), (-0.0025, 0.024, 0.024), (-0.00064753805, 0.006216365, 0.024), (-0.00064753805, 0.006216365, 0.011), (-0.0025, 0.024, -0.024), (-0.0033333334, 0.024, 0.024), (-0.0008598023, 0.0061905766, 0.024), (-0.0008598023, 0.0061905766, 0.011), (-0.0033333334, 0.024, -0.024), (-0.004166667, 0.024, 0.024), (-0.0010690776, 0.006157887, 0.024), (-0.0010690776, 0.006157887, 0.011), (-0.004166667, 0.024, -0.024), (-0.005, 0.024, 0.024), (-0.0012747141, 0.0061186277, 0.024), (-0.0012747141, 0.0061186277, 0.011), (-0.005, 0.024, -0.024), (-0.0058333334, 0.024, 0.024), (-0.0014761211, 0.0060731843, 0.024), (-0.0014761211, 0.0060731843, 0.011), (-0.0058333334, 0.024, -0.024), (-0.006666667, 0.024, 0.024), (-0.0016727742, 0.0060219867, 0.024), (-0.0016727742, 0.0060219867, 0.011), (-0.006666667, 0.024, -0.024), (-0.0075, 0.024, 0.024), (-0.0018642187, 0.0059654997, 0.024), (-0.0018642187, 0.0059654997, 0.011), (-0.0075, 0.024, -0.024), (-0.008333334, 0.024, 0.024), (-0.0020500731, 0.0059042103, 0.024), (-0.0020500731, 0.0059042103, 0.011), (-0.008333334, 0.024, -0.024), (-0.009166666, 0.024, 0.024), (-0.0022300282, 0.005838619, 0.024), (-0.0022300282, 0.005838619, 0.011), (-0.009166666, 0.024, -0.024), (-0.0024038462, 0.005769231, 0.024), (-0.0024038462, 0.005769231, 0.011), (-0.0025862684, 0.0056897905, 0.024), (-0.0025862684, 0.0056897905, 0.011), (-0.002795085, 0.00559017, 0.024), (-0.002795085, 0.00559017, 0.011), (-0.0030352683, 0.005463483, 0.024), (-0.0030352683, 0.005463483, 0.011), (-0.0033124934, 0.0052999896, 0.024), (-0.0033124934, 0.0052999896, 0.011), (-0.0036327387, 0.0050858343, 0.024), (-0.0036327387, 0.0050858343, 0.011), (-0.0040011527, 0.004801383, 0.024), (-0.0040011527, 0.004801383, 0.011), (-0.0044194176, 0.0044194176, 0.024), (-0.0044194176, 0.0044194176, 0.011), (-0.00488043, 0.003904344, 0.024), (-0.00488043, 0.003904344, 0.011), (-0.0053593307, 0.0032155984, 0.024), (-0.0053593307, 0.0032155984, 0.011), (-0.005802979, 0.0023211918, 0.024), (-0.005802979, 0.0023211918, 0.011), (-0.006128629, 0.0012257259, 0.024), (-0.006128629, 0.0012257259, 0.011), (-0.00625, -2.1684043e-18, 0.024), (-0.00625, -2.1684043e-18, 0.011), (-0.006128629, -0.0012257259, 0.024), (-0.006128629, -0.0012257259, 0.011), (-0.005802979, -0.0023211918, 0.024), (-0.005802979, -0.0023211918, 0.011), (-0.0053593307, -0.0032155984, 0.024), (-0.0053593307, -0.0032155984, 0.011), (-0.00488043, -0.003904344, 0.024), (-0.00488043, -0.003904344, 0.011), (-0.0044194176, -0.0044194176, 0.024), (-0.0044194176, -0.0044194176, 0.011), (-0.0040011527, -0.004801383, 0.024), (-0.0040011527, -0.004801383, 0.011), (-0.0036327387, -0.0050858343, 0.024), (-0.0036327387, -0.0050858343, 0.011), (-0.0033124934, -0.0052999896, 0.024), (-0.0033124934, -0.0052999896, 0.011), (-0.0030352683, -0.005463483, 0.024), (-0.0030352683, -0.005463483, 0.011), (-0.002795085, -0.00559017, 0.024), (-0.002795085, -0.00559017, 0.011), (-0.0025862684, -0.0056897905, 0.024), (-0.0025862684, -0.0056897905, 0.011), (0.011083334, -0.024, 0.024), (0.017823324, -0.0058587184, 0.024), (0.017596154, -0.005769231, 0.024), (0.017823324, -0.0058587184, 0.011), (0.017596154, -0.005769231, 0.011), (0.02, 0, 0.011), (0.011083334, -0.024, -0.024), (0.012166667, -0.024, 0.024), (0.01806075, -0.0059415326, 0.024), (0.01806075, -0.0059415326, 0.011), (0.012166667, -0.024, -0.024), (0.01325, -0.024, 0.024), (0.01830784, -0.0060165683, 0.024), (0.01830784, -0.0060165683, 0.011), (0.01325, -0.024, -0.024), (0.014333333, -0.024, 0.024), (0.018563796, -0.0060827476, 0.024), (0.018563796, -0.0060827476, 0.011), (0.014333333, -0.024, -0.024), (0.015416667, -0.024, 0.024), (0.018827612, -0.006139056, 0.024), (0.018827612, -0.006139056, 0.011), (0.015416667, -0.024, -0.024), (0.0165, -0.024, 0.024), (0.019098083, -0.006184581, 0.024), (0.019098083, -0.006184581, 0.011), (0.0165, -0.024, -0.024), (0.017583333, -0.024, 0.024), (0.019373827, -0.0062185535, 0.024), (0.019373827, -0.0062185535, 0.011), (0.017583333, -0.024, -0.024), (0.018666666, -0.024, 0.024), (0.019653313, -0.006240377, 0.024), (0.019653313, -0.006240377, 0.011), (0.018666666, -0.024, -0.024), (0.01975, -0.024, 0.024), (0.0199349, -0.006249661, 0.024), (0.0199349, -0.006249661, 0.011), (0.01975, -0.024, -0.024), (0.020833334, -0.024, 0.024), (0.020216884, -0.0062462357, 0.024), (0.020216884, -0.0062462357, 0.011), (0.020833334, -0.024, -0.024), (0.021916667, -0.024, 0.024), (0.020497547, -0.0062301643, 0.024), (0.020497547, -0.0062301643, 0.011), (0.021916667, -0.024, -0.024), (0.023, -0.024, 0.024), (0.020775218, -0.0062017366, 0.024), (0.020775218, -0.0062017366, 0.011), (0.023, -0.024, -0.024), (0.024083333, -0.024, 0.024), (0.021048304, -0.0061614574, 0.024), (0.021048304, -0.0061614574, 0.011), (0.024083333, -0.024, -0.024), (0.025166666, -0.024, 0.024), (0.021315351, -0.0061100204, 0.024), (0.021315351, -0.0061100204, 0.011), (0.025166666, -0.024, -0.024), (0.02625, -0.024, 0.024), (0.021575073, -0.0060482766, 0.024), (0.021575073, -0.0060482766, 0.011), (0.02625, -0.024, -0.024), (0.027333334, -0.024, 0.024), (0.021826366, -0.0059771976, 0.024), (0.021826366, -0.0059771976, 0.011), (0.027333334, -0.024, -0.024), (0.028416667, -0.024, 0.024), (0.022068338, -0.0058978368, 0.024), (0.022068338, -0.0058978368, 0.011), (0.028416667, -0.024, -0.024), (0.0295, -0.024, 0.024), (0.022300303, -0.0058112913, 0.024), (0.022300303, -0.0058112913, 0.011), (0.0295, -0.024, -0.024), (0.030583333, -0.024, 0.024), (0.022521773, -0.0057186675, 0.024), (0.022521773, -0.0057186675, 0.011), (0.030583333, -0.024, -0.024), (0.031666666, -0.024, 0.024), (0.022732455, -0.005621049, 0.024), (0.022732455, -0.005621049, 0.011), (0.031666666, -0.024, -0.024), (0.03275, -0.024, 0.024), (0.02293222, -0.0055194735, 0.024), (0.02293222, -0.0055194735, 0.011), (0.03275, -0.024, -0.024), (0.033833332, -0.024, 0.024), (0.023121094, -0.0054149115, 0.024), (0.023121094, -0.0054149115, 0.011), (0.033833332, -0.024, -0.024), (0.034916665, -0.024, 0.024), (0.023299228, -0.0053082565, 0.024), (0.023299228, -0.0053082565, 0.011), (0.034916665, -0.024, -0.024), (0.036, -0.024, 0.024), (0.023466876, -0.0052003143, 0.024), (0.023466876, -0.0052003143, 0.011), (0.036, -0.024, -0.024), (0.036, -0.022, 0.024), (0.023676073, -0.0050546005, 0.024), (0.023676073, -0.0050546005, 0.011), (0.036, -0.022, -0.024), (0.036, -0.02, 0.024), (0.023904344, -0.00488043, 0.024), (0.023904344, -0.00488043, 0.011), (0.036, -0.02, -0.024), (0.036, -0.018, 0.024), (0.024152273, -0.004671308, 0.024), (0.024152273, -0.004671308, 0.011), (0.036, -0.018, -0.024), (0.036, -0.016, 0.024), (0.024419418, -0.0044194176, 0.024), (0.024419418, -0.0044194176, 0.011), (0.036, -0.016, -0.024), (0.036, -0.014, 0.024), (0.024703605, -0.0041156537, 0.024), (0.024703605, -0.0041156537, 0.011), (0.036, -0.014, -0.024), (0.036, -0.012, 0.024), (0.025, -0.00375, 0.024), (0.025, -0.00375, 0.011), (0.036, -0.012, -0.024), (0.036, -0.01, 0.024), (0.025299989, -0.0033124934, 0.024), (0.025299989, -0.0033124934, 0.011), (0.036, -0.01, -0.024), (0.036, -0.008, 0.024), (0.02559017, -0.002795085, 0.024), (0.02559017, -0.002795085, 0.011), (0.036, -0.008, -0.024), (0.036, -0.006, 0.024), (0.025852058, -0.0021945215, 0.024), (0.025852058, -0.0021945215, 0.011), (0.036, -0.006, -0.024), (0.036, -0.004, 0.024), (0.02606339, -0.0015158476, 0.024), (0.02606339, -0.0015158476, 0.011), (0.036, -0.004, -0.024), (0.036, -0.002, 0.024), (0.026201736, -0.0007752171, 0.024), (0.026201736, -0.0007752171, 0.011), (0.036, -0.002, -0.024), (0.036, 3.469447e-18, 0.024), (0.02625, 1.3552527e-18, 0.024), (0.02625, 1.3552527e-18, 0.011), (0.036, 3.469447e-18, -0.024), (0.036, 0.002, 0.024), (0.026201736, 0.0007752171, 0.024), (0.026201736, 0.0007752171, 0.011), (0.036, 0.002, -0.024), (0.036, 0.004, 0.024), (0.02606339, 0.0015158476, 0.024), (0.02606339, 0.0015158476, 0.011), (0.036, 0.004, -0.024), (0.036, 0.006, 0.024), (0.025852058, 0.0021945215, 0.024), (0.025852058, 0.0021945215, 0.011), (0.036, 0.006, -0.024), (0.036, 0.008, 0.024), (0.02559017, 0.002795085, 0.024), (0.02559017, 0.002795085, 0.011), (0.036, 0.008, -0.024), (0.036, 0.01, 0.024), (0.025299989, 0.0033124934, 0.024), (0.025299989, 0.0033124934, 0.011), (0.036, 0.01, -0.024), (0.036, 0.012, 0.024), (0.025, 0.00375, 0.024), (0.025, 0.00375, 0.011), (0.036, 0.012, -0.024), (0.036, 0.014, 0.024), (0.024703605, 0.0041156537, 0.024), (0.024703605, 0.0041156537, 0.011), (0.036, 0.014, -0.024), (0.036, 0.016, 0.024), (0.024419418, 0.0044194176, 0.024), (0.024419418, 0.0044194176, 0.011), (0.036, 0.016, -0.024), (0.036, 0.018, 0.024), (0.024152273, 0.004671308, 0.024), (0.024152273, 0.004671308, 0.011), (0.036, 0.018, -0.024), (0.036, 0.02, 0.024), (0.023904344, 0.00488043, 0.024), (0.023904344, 0.00488043, 0.011), (0.036, 0.02, -0.024), (0.036, 0.022, 0.024), (0.023676073, 0.0050546005, 0.024), (0.023676073, 0.0050546005, 0.011), (0.036, 0.022, -0.024), (0.036, 0.024, 0.024), (0.023466876, 0.0052003143, 0.024), (0.023466876, 0.0052003143, 0.011), (0.036, 0.024, -0.024), (0.034916665, 0.024, 0.024), (0.023299228, 0.0053082565, 0.024), (0.023299228, 0.0053082565, 0.011), (0.034916665, 0.024, -0.024), (0.033833332, 0.024, 0.024), (0.023121094, 0.0054149115, 0.024), (0.023121094, 0.0054149115, 0.011), (0.033833332, 0.024, -0.024), (0.03275, 0.024, 0.024), (0.02293222, 0.0055194735, 0.024), (0.02293222, 0.0055194735, 0.011), (0.03275, 0.024, -0.024), (0.031666666, 0.024, 0.024), (0.022732455, 0.005621049, 0.024), (0.022732455, 0.005621049, 0.011), (0.031666666, 0.024, -0.024), (0.030583333, 0.024, 0.024), (0.022521773, 0.0057186675, 0.024), (0.022521773, 0.0057186675, 0.011), (0.030583333, 0.024, -0.024), (0.0295, 0.024, 0.024), (0.022300303, 0.0058112913, 0.024), (0.022300303, 0.0058112913, 0.011), (0.0295, 0.024, -0.024), (0.028416667, 0.024, 0.024), (0.022068338, 0.0058978368, 0.024), (0.022068338, 0.0058978368, 0.011), (0.028416667, 0.024, -0.024), (0.027333334, 0.024, 0.024), (0.021826366, 0.0059771976, 0.024), (0.021826366, 0.0059771976, 0.011), (0.027333334, 0.024, -0.024), (0.02625, 0.024, 0.024), (0.021575073, 0.0060482766, 0.024), (0.021575073, 0.0060482766, 0.011), (0.02625, 0.024, -0.024), (0.025166666, 0.024, 0.024), (0.021315351, 0.0061100204, 0.024), (0.021315351, 0.0061100204, 0.011), (0.025166666, 0.024, -0.024), (0.024083333, 0.024, 0.024), (0.021048304, 0.0061614574, 0.024), (0.021048304, 0.0061614574, 0.011), (0.024083333, 0.024, -0.024), (0.023, 0.024, 0.024), (0.020775218, 0.0062017366, 0.024), (0.020775218, 0.0062017366, 0.011), (0.023, 0.024, -0.024), (0.021916667, 0.024, 0.024), (0.020497547, 0.0062301643, 0.024), (0.020497547, 0.0062301643, 0.011), (0.021916667, 0.024, -0.024), (0.020833334, 0.024, 0.024), (0.020216884, 0.0062462357, 0.024), (0.020216884, 0.0062462357, 0.011), (0.020833334, 0.024, -0.024), (0.01975, 0.024, 0.024), (0.0199349, 0.006249661, 0.024), (0.0199349, 0.006249661, 0.011), (0.01975, 0.024, -0.024), (0.018666666, 0.024, 0.024), (0.019653313, 0.006240377, 0.024), (0.019653313, 0.006240377, 0.011), (0.018666666, 0.024, -0.024), (0.017583333, 0.024, 0.024), (0.019373827, 0.0062185535, 0.024), (0.019373827, 0.0062185535, 0.011), (0.017583333, 0.024, -0.024), (0.0165, 0.024, 0.024), (0.019098083, 0.006184581, 0.024), (0.019098083, 0.006184581, 0.011), (0.0165, 0.024, -0.024), (0.015416667, 0.024, 0.024), (0.018827612, 0.006139056, 0.024), (0.018827612, 0.006139056, 0.011), (0.015416667, 0.024, -0.024), (0.014333333, 0.024, 0.024), (0.018563796, 0.0060827476, 0.024), (0.018563796, 0.0060827476, 0.011), (0.014333333, 0.024, -0.024), (0.01325, 0.024, 0.024), (0.01830784, 0.0060165683, 0.024), (0.01830784, 0.0060165683, 0.011), (0.01325, 0.024, -0.024), (0.012166667, 0.024, 0.024), (0.01806075, 0.0059415326, 0.024), (0.01806075, 0.0059415326, 0.011), (0.012166667, 0.024, -0.024), (0.011083334, 0.024, 0.024), (0.017823324, 0.0058587184, 0.024), (0.017823324, 0.0058587184, 0.011), (0.011083334, 0.024, -0.024), (0.017596154, 0.005769231, 0.024), (0.017596154, 0.005769231, 0.011), (0.017413732, 0.0056897905, 0.024), (0.017413732, 0.0056897905, 0.011), (0.017204914, 0.00559017, 0.024), (0.017204914, 0.00559017, 0.011), (0.016964732, 0.005463483, 0.024), (0.016964732, 0.005463483, 0.011), (0.016687507, 0.0052999896, 0.024), (0.016687507, 0.0052999896, 0.011), (0.01636726, 0.0050858343, 0.024), (0.01636726, 0.0050858343, 0.011), (0.015998848, 0.004801383, 0.024), (0.015998848, 0.004801383, 0.011), (0.015580582, 0.0044194176, 0.024), (0.015580582, 0.0044194176, 0.011), (0.01511957, 0.003904344, 0.024), (0.01511957, 0.003904344, 0.011), (0.014640669, 0.0032155984, 0.024), (0.014640669, 0.0032155984, 0.011), (0.014197021, 0.0023211918, 0.024), (0.014197021, 0.0023211918, 0.011), (0.013871371, 0.0012257259, 0.024), (0.013871371, 0.0012257259, 0.011), (0.01375, -2.1684043e-18, 0.024), (0.01375, -2.1684043e-18, 0.011), (0.013871371, -0.0012257259, 0.024), (0.013871371, -0.0012257259, 0.011), (0.014197021, -0.0023211918, 0.024), (0.014197021, -0.0023211918, 0.011), (0.014640669, -0.0032155984, 0.024), (0.014640669, -0.0032155984, 0.011), (0.01511957, -0.003904344, 0.024), (0.01511957, -0.003904344, 0.011), (0.015580582, -0.0044194176, 0.024), (0.015580582, -0.0044194176, 0.011), (0.015998848, -0.004801383, 0.024), (0.015998848, -0.004801383, 0.011), (0.01636726, -0.0050858343, 0.024), (0.01636726, -0.0050858343, 0.011), (0.016687507, -0.0052999896, 0.024), (0.016687507, -0.0052999896, 0.011), (0.016964732, -0.005463483, 0.024), (0.016964732, -0.005463483, 0.011), (0.017204914, -0.00559017, 0.024), (0.017204914, -0.00559017, 0.011), (0.017413732, -0.0056897905, 0.024), (0.017413732, -0.0056897905, 0.011)]
                    uniform token subdivisionScheme = "none"
                }

                def Cube "TapeFront_1" (
                    prepend apiSchemas = ["MaterialBindingAPI"]
                )
                {
                    rel material:binding = </World/BatteryWorkcell/Props/Looks/TranslucentTape>
                    double size = 1
                    float3 xformOp:scale = (0.009, 0.00018, 0.024)
                    double3 xformOp:translate = (-0.017279999999999997, -0.02412, -0.012)
                    uniform token[] xformOpOrder = ["xformOp:translate", "xformOp:scale"]
                }

                def Cube "TapeFoot_1" (
                    prepend apiSchemas = ["MaterialBindingAPI"]
                )
                {
                    rel material:binding = </World/BatteryWorkcell/Props/Looks/TranslucentTape>
                    double size = 1
                    float3 xformOp:scale = (0.009, 0.018, 0.00018)
                    double3 xformOp:translate = (-0.017279999999999997, -0.033, -0.023880000000000002)
                    uniform token[] xformOpOrder = ["xformOp:translate", "xformOp:scale"]
                }

                def Cube "TapeFront_2" (
                    prepend apiSchemas = ["MaterialBindingAPI"]
                )
                {
                    rel material:binding = </World/BatteryWorkcell/Props/Looks/TranslucentTape>
                    double size = 1
                    float3 xformOp:scale = (0.009, 0.00018, 0.024)
                    double3 xformOp:translate = (0.017279999999999997, -0.02412, -0.012)
                    uniform token[] xformOpOrder = ["xformOp:translate", "xformOp:scale"]
                }

                def Cube "TapeFoot_2" (
                    prepend apiSchemas = ["MaterialBindingAPI"]
                )
                {
                    rel material:binding = </World/BatteryWorkcell/Props/Looks/TranslucentTape>
                    double size = 1
                    float3 xformOp:scale = (0.009, 0.018, 0.00018)
                    double3 xformOp:translate = (0.017279999999999997, -0.033, -0.023880000000000002)
                    uniform token[] xformOpOrder = ["xformOp:translate", "xformOp:scale"]
                }
            }
        }
    }

    over "Robot"
    {
        matrix4d xformOp:transform = ( (1, 0, 0, 0), (0, 1, 0, 0), (0, 0, 1, 0), (0.9455, -0.9100000000000001, 0.002, 1) )
        uniform token[] xformOpOrder = ["xformOp:transform"]
    }

    over "ReviewSetup"
    {
        float2 clippingRange = (0.01, 100)
        float focalLength = 24
        float horizontalAperture = 36
        float verticalAperture = 24
        matrix4d xformOp:transform = ( (-0.5496165014762765, -0.8354170822439403, 0, 0), (0.41457730578353447, -0.27274822748916744, 0.8681785887309036, -0), (-0.725291223464233, 0.4771652785948903, 0.49625188973868584, 0), (0.050000000000000065, 0.65, 1.8, 1) )
        uniform token[] xformOpOrder = ["xformOp:transform"]
    }

    def Camera "ReviewBatteryTable"
    {
        float2 clippingRange = (0.01, 100)
        float focalLength = 28
        float horizontalAperture = 36
        float verticalAperture = 24
        matrix4d xformOp:transform = ( (0.021616569398140197, -0.9997663346639831, 0, 0), (0.6192727515489571, 0.013389681114572057, 0.7850617654864065, 0), (-0.7848783237651801, -0.01697034213546337, 0.6194174879444123, 0), (0.84, -0.9300000000000002, 1.4600000000000002, 1) )
        uniform token[] xformOpOrder = ["xformOp:transform"]
    }

    def Camera "ReviewBatteryTop"
    {
        float2 clippingRange = (0.01, 100)
        float focalLength = 30
        float horizontalAperture = 36
        float verticalAperture = 24
        matrix4d xformOp:transform = ( (0, -1, 0, 0), (0.9999244240481601, 0, 0.012294152754690413, 0), (-0.012294152754690413, 0, 0.9999244240481601, 0), (1.745, -0.91, 1.9600000000000002, 1) )
        uniform token[] xformOpOrder = ["xformOp:transform"]
    }

    def Camera "ReviewBatteryDetail"
    {
        float2 clippingRange = (0.01, 100)
        float focalLength = 52
        float horizontalAperture = 36
        float verticalAperture = 24
        matrix4d xformOp:transform = ( (0, -1, 0, 0), (0.7784130394753294, 0, 0.6277524511897821, 0), (-0.6277524511897821, 0, 0.7784130394753294, 0), (1.46, -0.8700000000000001, 1.0550000000000002, 1) )
        uniform token[] xformOpOrder = ["xformOp:transform"]
    }
}

