#usda 1.0
(
    customLayerData = {
        string cameraNote = "ScanCamera is capture view 5; CaptureReplay includes per-frame intrinsics and poses"
        dictionary cameraSettings = {
            string boundCamera = "/World/ReviewRoom"
        }
        string captureTimestampOriginMicroseconds = "357750269839"
        string coordinateManifest = "coordinate_transforms.json"
        string previewProfile = "Isaac RTX Real-Time 2.0 / native DLAA / measured upright camera presets"
        dictionary renderSettings = {
            bool "rtx-transient:dlssg:enabled" = 0
            int "rtx:post:aa:op" = 4
            int "rtx:post:dlss:execMode" = 2
            bool "rtx:post:dof:enabled" = 0
            bool "rtx:post:motionblur:enabled" = 0
            string "rtx:rendermode" = "RealTimePathTracing"
            bool "rtx:rtpt:gaussian:skipTonemapping:enabled" = 1
        }
        string sceneStatus = "Visual reconstruction; collision geometry and robot calibration pending"
        string sourceScanMesh = "scan_mesh.usdc"
    }
    defaultPrim = "World"
    endTimeCode = 15368.831280000002
    framesPerSecond = 30
    metersPerUnit = 1
    renderSettingsPrimPath = "/Render/Settings"
    startTimeCode = 0
    timeCodesPerSecond = 30
    upAxis = "Z"
)

def Xform "World"
{
    def "RoomGaussian" (
        prepend references = @gaussians.usdc@
    )
    {
    }

    def Camera "ScanCamera"
    {
        float2 clippingRange = (0.05, 100)
        float focalLength = 20
        float horizontalAperture = 27.432762
        float horizontalApertureOffset = -0.06532216
        token projection = "perspective"
        float verticalAperture = 20.35334
        float verticalApertureOffset = -0.017256899
        matrix4d xformOp:transform = ( (-0.07027259675233899, -0.07779579908372747, -0.9944896101951599, 0), (0.7980709977887646, -0.6024922007418123, -0.009262198582291603, 0), (-0.5984516592096973, -0.7943241892072841, 0.10442526638507843, 0), (-0.390539073970972, -0.7837412193627156, 0.029131688177585602, 1) )
        uniform token[] xformOpOrder = ["xformOp:transform"]
    }

    def Camera "CaptureReplay"
    {
        float2 clippingRange = (0.05, 100)
        float focalLength = 20
        float focalLength.timeSamples = {
            0: 20,
            91.53582: 20,
            116.04537: 20,
            141.05514000000002: 20,
            165.56472000000002: 20,
            200.57838: 20,
            223.08717: 20,
            246.09615000000002: 20,
            264.10317: 20,
            317.62401: 20,
            366.14288999999997: 20,
            454.67736: 20,
            551.7150899999999: 20,
            639.74928: 20,
            746.29065: 20,
            803.81298: 20,
            887.84556: 20,
            983.88279: 20,
            1063.4135999999999: 20,
            1126.93821: 20,
            1188.9622200000001: 20,
            1281.49803: 20,
            1360.52859: 20,
            1434.05703: 20,
            1488.5781: 20,
            1543.59936: 20,
            1612.12584: 20,
            1674.1497900000002: 20,
            1738.1744999999999: 20,
            1779.69051: 20,
            1832.2107899999999: 20,
            1876.22778: 20,
            1930.74879: 20,
            1983.76923: 20,
            2082.30717: 20,
            2127.8247: 20,
            2164.33878: 20,
            2206.8551399999997: 20,
            2259.37536: 20,
            2322.8998199999996: 20,
            2393.42694: 20,
            2441.9456099999998: 20,
            2504.96985: 20,
            2568.99447: 20,
            2618.0133: 20,
            2662.0302: 20,
            2710.5488400000004: 20,
            2755.06596: 20,
            2797.0821: 20,
            2861.10669: 20,
            2932.63416: 20,
            2987.6553: 20,
            3042.67644: 20,
            3114.7041: 20,
            3159.72138: 20,
            3207.7398000000003: 20,
            3231.24882: 20,
            3269.26341: 20,
            3340.79088: 20,
            3406.31601: 20,
            3444.83079: 20,
            3481.34478: 20,
            3563.87643: 20,
            3584.38428: 20,
            3661.9139099999998: 20,
            3686.9234699999997: 20,
            3731.4404999999997: 20,
            3745.44585: 20,
            3842.48289: 20,
            3877.49628: 20,
            3932.5172700000003: 20,
            3960.02778: 20,
            3989.53905: 20,
            4071.5703599999997: 20,
            4112.585999999999: 20,
            4145.5986: 20,
            4181.11215: 20,
            4221.12744: 20,
            4295.15568: 20,
            4323.166380000001: 20,
            4357.17936: 20,
            4408.69905: 20,
            4473.723870000001: 20,
            4510.2378: 20,
            4541.24964: 20,
            4590.76854: 20,
            4705.812449999999: 20,
            4761.83382: 20,
            4819.35576: 20,
            4893.88422: 20,
            4926.89679: 20,
            4957.90863: 20,
            4986.91968: 20,
            5010.92883: 20,
            5085.95742: 20,
            5137.4770499999995: 20,
            5181.4938: 20,
            5224.5101700000005: 20,
            5262.52464: 20,
            5312.5437: 20,
            5348.05722: 20,
            5423.58597: 20,
            5460.09987: 20,
            5500.61526: 20,
            5578.6449600000005: 20,
            5598.6525599999995: 20,
            5623.66209: 20,
            5652.67311: 20,
            5685.685649999999: 20,
            5739.20601: 20,
            5761.21437: 20,
            5802.22998: 20,
            5841.744989999999: 20,
            5879.75946: 20,
            5963.29125: 20,
            6039.82035: 20,
            6114.34869: 20,
            6161.36658: 20,
            6208.88466: 20,
            6236.3951400000005: 20,
            6283.91322: 20,
            6368.44539: 20,
            6529.0065: 20,
            6563.01945: 20,
            6647.051460000001: 20,
            6714.076980000001: 20,
            6795.608039999999: 20,
            6841.62558: 20,
            6954.66861: 20,
            6974.67624: 20,
            7042.20195: 20,
            7153.24422: 20,
            7251.28155: 20,
            7327.31049: 20,
            7342.316220000001: 20,
            7361.823630000001: 20,
            7390.33449: 20,
            7409.8419300000005: 20,
            7429.349340000001: 20,
            7438.35276: 20,
            7446.35583: 20,
            7456.35963: 20,
            7466.36343: 20,
            7478.36799: 20,
            7493.87391: 20,
            7512.38094: 20,
            7549.39503: 20,
            7568.40225: 20,
            7583.9081400000005: 20,
            7602.91536: 20,
            7620.42204: 20,
            7641.43002: 20,
            7665.939329999999: 20,
            7688.44788: 20,
            7694.950349999999: 20,
            7699.95225: 20,
            7704.45396: 20,
            7708.45548: 20,
            7712.457: 20,
            7717.95909: 20,
            7723.961399999999: 20,
            7751.97204: 20,
            7770.479069999999: 20,
            7784.98455: 20,
            7794.98835: 20,
            7809.994050000001: 20,
            7830.50184: 20,
            7850.009249999999: 20,
            7868.01609: 20,
            7880.020619999999: 20,
            7890.02442: 20,
            7898.527649999999: 20,
            7918.535249999999: 20,
            7932.0403799999995: 20,
            7941.543990000001: 20,
            7983.559920000001: 20,
            8015.572050000001: 20,
            8055.587219999999: 20,
            8089.6001400000005: 20,
            8108.10714: 20,
            8150.623259999999: 20,
            8193.639570000001: 20,
            8231.15379: 20,
            8273.66991: 20,
            8308.182990000001: 20,
            8345.19702: 20,
            8377.209149999999: 20,
            8394.21561: 20,
            8460.74082: 20,
            8477.24709: 20,
            8505.75789: 20,
            8541.77154: 20,
            8565.28044: 20,
            8594.79162: 20,
            8673.32136: 20,
            8701.83216: 20,
            8726.34144: 20,
            8743.34787: 20,
            8768.857530000001: 20,
            8797.36833: 20,
            8819.37666: 20,
            8836.88328: 20,
            8869.895789999999: 20,
            8916.4134: 20,
            8946.924930000001: 20,
            8974.43535: 20,
            8990.94159: 20,
            9004.446689999999: 20,
            9019.95258: 20,
            9038.95974: 20,
            9073.972979999999: 20,
            9109.48641: 20,
            9133.4955: 20,
            9146.00022: 20,
            9160.5057: 20,
            9171.00969: 20,
            9181.51365: 20,
            9197.519699999999: 20,
            9207.52347: 20,
            9217.527269999999: 20,
            9269.54691: 20,
            9294.05616: 20,
            9312.06297: 20,
            9345.57561: 20,
            9350.07732: 20,
            9394.09395: 20,
            9416.60244: 20,
            9448.11432: 20,
            9490.630350000001: 20,
            9529.144890000001: 20,
            9553.65411: 20,
            9580.66431: 20,
            9619.17885: 20,
            9634.68468: 20,
            9649.690349999999: 20,
            9726.21918: 20,
            9771.23616: 20,
            9774.737490000001: 20,
            9801.24747: 20,
            9823.75596: 20,
            9873.27465: 20,
            9906.2871: 20,
            9947.802720000002: 20,
            9987.317640000001: 20,
            10018.82949: 20,
            10048.34061: 20,
            10063.34625: 20,
            10072.84983: 20,
            10087.35531: 20,
            10098.859649999999: 20,
            10110.86415: 20,
            10129.87131: 20,
            10160.883: 20,
            10188.39336: 20,
            10215.40353: 20,
            10241.41332: 20,
            10255.91877: 20,
            10271.92479: 20,
            10291.432139999999: 20,
            10309.939110000001: 20,
            10318.44231: 20,
            10325.94513: 20,
            10332.94779: 20,
            10344.4521: 20,
            10346.95305: 20,
            10365.960210000001: 20,
            10381.466040000001: 20,
            10393.97076: 20,
            10405.47507: 20,
            10420.48071: 20,
            10432.98543: 20,
            10453.993320000001: 20,
            10476.50178: 20,
            10502.01138: 20,
            10533.523229999999: 20,
            10563.034319999999: 20,
            10576.039200000001: 20,
            10591.04484: 20,
            10607.55105: 20,
            10624.557449999998: 20,
            10646.56569: 20,
            10667.57358: 20,
            10724.09481: 20,
            10784.61756: 20,
            10844.1399: 20,
            10902.661919999999: 20,
            10940.17599: 20,
            10979.19066: 20,
            11012.70327: 20,
            11066.223390000001: 20,
            11094.734100000001: 20,
            11121.24408: 20,
            11167.761569999999: 20,
            11209.27719: 20,
            11259.796170000001: 20,
            11290.807859999999: 20,
            11325.82104: 20,
            11359.33365: 20,
            11380.84173: 20,
            11444.865839999999: 20,
            11456.37015: 20,
            11483.88051: 20,
            11496.88539: 20,
            11508.88992: 20,
            11517.39309: 20,
            11522.39499: 20,
            11545.40364: 20,
            11568.412260000001: 20,
            11580.91698: 20,
            11597.42316: 20,
            11614.929750000001: 20,
            11638.93878: 20,
            11704.96356: 20,
            11733.47427: 20,
            11760.48441: 20,
            11794.997370000001: 20,
            11834.01204: 20,
            11892.534: 20,
            11976.565560000001: 20,
            12001.57497: 20,
            12026.084159999999: 20,
            12041.0898: 20,
            12054.09468: 20,
            12074.10219: 20,
            12111.61629: 20,
            12129.62304: 20,
            12149.13036: 20,
            12161.63505: 20,
            12172.13901: 20,
            12182.64294: 20,
            12197.14839: 20,
            12220.6572: 20,
            12235.66284: 20,
            12252.66921: 20,
            12263.17317: 20,
            12282.1803: 20,
            12331.69887: 20,
            12356.70825: 20,
            12393.722160000001: 20,
            12420.23211: 20,
            12447.24222: 20,
            12477.75366: 20,
            12504.26361: 20,
            12548.780340000001: 20,
            12577.29102: 20,
            12600.79983: 20,
            12616.30566: 20,
            12633.81222: 20,
            12657.821249999999: 20,
            12687.8325: 20,
            12705.33906: 20,
            12717.84375: 20,
            12729.848250000001: 20,
            12745.354080000001: 20,
            12755.85801: 20,
            12797.373599999999: 20,
            12805.876769999999: 20,
            12822.382979999998: 20,
            12855.39534: 20,
            12872.401740000001: 20,
            12884.90643: 20,
            12902.91318: 20,
            12917.4186: 20,
            12926.92218: 20,
            12943.42836: 20,
            12972.43923: 20,
            12975.94053: 20,
            13004.95143: 20,
            13014.454979999999: 20,
            13018.95666: 20,
            13028.46024: 20,
            13037.4636: 20,
            13051.46883: 20,
            13067.47485: 20,
            13085.981759999999: 20,
            13102.98813: 20,
            13114.99263: 20,
            13121.99526: 20,
            13126.496939999999: 20,
            13130.498430000001: 20,
            13137.501059999999: 20,
            13150.00575: 20,
            13175.515290000001: 20,
            13198.52388: 20,
            13222.03266: 20,
            13245.04125: 20,
            13271.05098: 20,
            13280.554530000001: 20,
            13303.06296: 20,
            13312.56648: 20,
            13352.08125: 20,
            13392.59637: 20,
            13423.60794: 20,
            13448.117100000001: 20,
            13466.123819999999: 20,
            13490.13279: 20,
            13508.13948: 20,
            13535.64975: 20,
            13553.156280000001: 20,
            13567.661699999999: 20,
            13588.66953: 20,
            13601.17419: 20,
            13614.67923: 20,
            13624.68297: 20,
            13639.68855: 20,
            13656.1947: 20,
            13674.70158: 20,
            13679.203259999998: 20,
            13685.705699999999: 20,
            13692.208110000001: 20,
            13702.21185: 20,
            13714.21632: 20,
            13727.72133: 20,
            13748.22897: 20,
            13768.23642: 20,
            13775.23902: 20,
            13793.24571: 20,
            13799.74815: 20,
            13808.25129: 20,
            13816.75446: 20,
            13824.25725: 20,
            13832.76042: 20,
            13846.76562: 20,
            13860.77082: 20,
            13868.27361: 20,
            13879.777890000001: 20,
            13891.282169999999: 20,
            13905.78756: 20,
            13917.29184: 20,
            13933.79799: 20,
            13953.80541: 20,
            13970.31156: 20,
            13989.81879: 20,
            14024.83182: 20,
            14049.84111: 20,
            14075.850779999999: 20,
            14112.36435: 20,
            14154.379949999999: 20,
            14183.89092: 20,
            14215.90281: 20,
            14247.41451: 20,
            14274.42456: 20,
            14294.43198: 20,
            14317.44054: 20,
            14339.94891: 20,
            14369.459879999999: 20,
            14393.468789999999: 20,
            14438.48553: 20,
            14495.50674: 20,
            14540.02326: 20,
            14570.534609999999: 20,
            14594.04336: 20,
            14613.55062: 20,
            14641.06083: 20,
            14663.5692: 20,
            14691.57963: 20,
            14707.585560000001: 20,
            14721.590760000001: 20,
            14743.59894: 20,
            14770.1088: 20,
            14793.61755: 20,
            14815.62573: 20,
            14832.131850000002: 20,
            14853.63984: 20,
            14902.157879999999: 20,
            14921.665140000001: 20,
            14937.67107: 20,
            14963.18058: 20,
            14980.687080000002: 20,
            15001.19469: 20,
            15030.205469999999: 20,
            15046.211430000001: 20,
            15065.71869: 20,
            15096.23004: 20,
            15122.7399: 20,
            15142.74732: 20,
            15162.254579999999: 20,
            15172.25829: 20,
            15180.26127: 20,
            15188.76441: 20,
            15204.27018: 20,
            15232.28061: 20,
            15253.7886: 20,
            15272.79564: 20,
            15289.30176: 20,
            15304.80753: 20,
            15321.813839999999: 20,
            15368.831280000002: 20,
        }
        float horizontalAperture = 27.432762
        float horizontalAperture.timeSamples = {
            0: 27.432762,
            91.53582: 27.432762,
            116.04537: 27.432762,
            141.05514000000002: 27.432762,
            165.56472000000002: 27.432762,
            200.57838: 27.432762,
            223.08717: 27.432762,
            246.09615000000002: 27.432762,
            264.10317: 27.432762,
            317.62401: 27.432762,
            366.14288999999997: 27.432762,
            454.67736: 27.432762,
            551.7150899999999: 27.432762,
            639.74928: 27.432762,
            746.29065: 27.432762,
            803.81298: 27.432762,
            887.84556: 27.432762,
            983.88279: 27.432762,
            1063.4135999999999: 27.432762,
            1126.93821: 27.432762,
            1188.9622200000001: 27.432762,
            1281.49803: 27.432762,
            1360.52859: 27.432762,
            1434.05703: 27.432762,
            1488.5781: 27.432762,
            1543.59936: 27.432762,
            1612.12584: 27.432762,
            1674.1497900000002: 27.432762,
            1738.1744999999999: 27.432762,
            1779.69051: 27.432762,
            1832.2107899999999: 27.432762,
            1876.22778: 27.432762,
            1930.74879: 27.432762,
            1983.76923: 27.432762,
            2082.30717: 27.432762,
            2127.8247: 27.432762,
            2164.33878: 27.432762,
            2206.8551399999997: 27.432762,
            2259.37536: 27.432762,
            2322.8998199999996: 27.432762,
            2393.42694: 27.432762,
            2441.9456099999998: 27.432762,
            2504.96985: 27.432762,
            2568.99447: 27.432762,
            2618.0133: 27.432762,
            2662.0302: 27.432762,
            2710.5488400000004: 27.432762,
            2755.06596: 27.432762,
            2797.0821: 27.432762,
            2861.10669: 27.432762,
            2932.63416: 27.432762,
            2987.6553: 27.432762,
            3042.67644: 27.432762,
            3114.7041: 27.432762,
            3159.72138: 27.432762,
            3207.7398000000003: 27.432762,
            3231.24882: 27.432762,
            3269.26341: 27.432762,
            3340.79088: 27.432762,
            3406.31601: 27.432762,
            3444.83079: 27.432762,
            3481.34478: 27.432762,
            3563.87643: 27.432762,
            3584.38428: 27.432762,
            3661.9139099999998: 27.432762,
            3686.9234699999997: 27.432762,
            3731.4404999999997: 27.432762,
            3745.44585: 27.432762,
            3842.48289: 27.432762,
            3877.49628: 27.432762,
            3932.5172700000003: 27.432762,
            3960.02778: 27.432762,
            3989.53905: 27.432762,
            4071.5703599999997: 27.432762,
            4112.585999999999: 27.432762,
            4145.5986: 27.432762,
            4181.11215: 27.432762,
            4221.12744: 27.432762,
            4295.15568: 27.432762,
            4323.166380000001: 27.432762,
            4357.17936: 27.432762,
            4408.69905: 27.432762,
            4473.723870000001: 27.432762,
            4510.2378: 27.432762,
            4541.24964: 27.432762,
            4590.76854: 27.432762,
            4705.812449999999: 27.432762,
            4761.83382: 27.432762,
            4819.35576: 27.432762,
            4893.88422: 27.432762,
            4926.89679: 27.432762,
            4957.90863: 27.432762,
            4986.91968: 27.432762,
            5010.92883: 27.432762,
            5085.95742: 27.432762,
            5137.4770499999995: 27.432762,
            5181.4938: 27.432762,
            5224.5101700000005: 27.432762,
            5262.52464: 27.432762,
            5312.5437: 27.432762,
            5348.05722: 27.432762,
            5423.58597: 27.432762,
            5460.09987: 27.432762,
            5500.61526: 27.432762,
            5578.6449600000005: 27.432762,
            5598.6525599999995: 27.432762,
            5623.66209: 27.432762,
            5652.67311: 27.432762,
            5685.685649999999: 27.432762,
            5739.20601: 27.432762,
            5761.21437: 27.432762,
            5802.22998: 27.432762,
            5841.744989999999: 27.432762,
            5879.75946: 27.432762,
            5963.29125: 27.432762,
            6039.82035: 27.432762,
            6114.34869: 27.432762,
            6161.36658: 27.432762,
            6208.88466: 27.432762,
            6236.3951400000005: 27.432762,
            6283.91322: 27.432762,
            6368.44539: 27.432762,
            6529.0065: 27.432762,
            6563.01945: 27.432762,
            6647.051460000001: 27.432762,
            6714.076980000001: 27.432762,
            6795.608039999999: 27.432762,
            6841.62558: 27.432762,
            6954.66861: 27.432762,
            6974.67624: 27.432762,
            7042.20195: 27.432762,
            7153.24422: 27.432762,
            7251.28155: 27.432762,
            7327.31049: 27.432762,
            7342.316220000001: 27.432762,
            7361.823630000001: 27.432762,
            7390.33449: 27.432762,
            7409.8419300000005: 27.432762,
            7429.349340000001: 27.432762,
            7438.35276: 27.432762,
            7446.35583: 27.432762,
            7456.35963: 27.432762,
            7466.36343: 27.432762,
            7478.36799: 27.432762,
            7493.87391: 27.432762,
            7512.38094: 27.432762,
            7549.39503: 27.432762,
            7568.40225: 27.432762,
            7583.9081400000005: 27.432762,
            7602.91536: 27.432762,
            7620.42204: 27.432762,
            7641.43002: 27.432762,
            7665.939329999999: 27.432762,
            7688.44788: 27.432762,
            7694.950349999999: 27.432762,
            7699.95225: 27.432762,
            7704.45396: 27.432762,
            7708.45548: 27.432762,
            7712.457: 27.432762,
            7717.95909: 27.432762,
            7723.961399999999: 27.432762,
            7751.97204: 27.432762,
            7770.479069999999: 27.432762,
            7784.98455: 27.432762,
            7794.98835: 27.432762,
            7809.994050000001: 27.432762,
            7830.50184: 27.432762,
            7850.009249999999: 27.432762,
            7868.01609: 27.432762,
            7880.020619999999: 27.432762,
            7890.02442: 27.432762,
            7898.527649999999: 27.432762,
            7918.535249999999: 27.432762,
            7932.0403799999995: 27.432762,
            7941.543990000001: 27.432762,
            7983.559920000001: 27.432762,
            8015.572050000001: 27.432762,
            8055.587219999999: 27.432762,
            8089.6001400000005: 27.432762,
            8108.10714: 27.432762,
            8150.623259999999: 27.432762,
            8193.639570000001: 27.432762,
            8231.15379: 27.432762,
            8273.66991: 27.432762,
            8308.182990000001: 27.432762,
            8345.19702: 27.432762,
            8377.209149999999: 27.432762,
            8394.21561: 27.432762,
            8460.74082: 27.432762,
            8477.24709: 27.432762,
            8505.75789: 27.432762,
            8541.77154: 27.432762,
            8565.28044: 27.432762,
            8594.79162: 27.432762,
            8673.32136: 27.432762,
            8701.83216: 27.432762,
            8726.34144: 27.432762,
            8743.34787: 27.432762,
            8768.857530000001: 27.432762,
            8797.36833: 27.432762,
            8819.37666: 27.432762,
            8836.88328: 27.432762,
            8869.895789999999: 27.432762,
            8916.4134: 27.432762,
            8946.924930000001: 27.432762,
            8974.43535: 27.432762,
            8990.94159: 27.432762,
            9004.446689999999: 27.432762,
            9019.95258: 27.432762,
            9038.95974: 27.432762,
            9073.972979999999: 27.432762,
            9109.48641: 27.432762,
            9133.4955: 27.432762,
            9146.00022: 27.432762,
            9160.5057: 27.432762,
            9171.00969: 27.432762,
            9181.51365: 27.432762,
            9197.519699999999: 27.432762,
            9207.52347: 27.432762,
            9217.527269999999: 27.432762,
            9269.54691: 27.432762,
            9294.05616: 27.432762,
            9312.06297: 27.432762,
            9345.57561: 27.432762,
            9350.07732: 27.432762,
            9394.09395: 27.432762,
            9416.60244: 27.432762,
            9448.11432: 27.432762,
            9490.630350000001: 27.432762,
            9529.144890000001: 27.432762,
            9553.65411: 27.432762,
            9580.66431: 27.432762,
            9619.17885: 27.432762,
            9634.68468: 27.432762,
            9649.690349999999: 27.432762,
            9726.21918: 27.432762,
            9771.23616: 27.432762,
            9774.737490000001: 27.432762,
            9801.24747: 27.432762,
            9823.75596: 27.432762,
            9873.27465: 27.432762,
            9906.2871: 27.432762,
            9947.802720000002: 27.432762,
            9987.317640000001: 27.432762,
            10018.82949: 27.432762,
            10048.34061: 27.432762,
            10063.34625: 27.432762,
            10072.84983: 27.432762,
            10087.35531: 27.432762,
            10098.859649999999: 27.432762,
            10110.86415: 27.432762,
            10129.87131: 27.432762,
            10160.883: 27.432762,
            10188.39336: 27.432762,
            10215.40353: 27.432762,
            10241.41332: 27.432762,
            10255.91877: 27.432762,
            10271.92479: 27.432762,
            10291.432139999999: 27.432762,
            10309.939110000001: 27.432762,
            10318.44231: 27.432762,
            10325.94513: 27.432762,
            10332.94779: 27.432762,
            10344.4521: 27.432762,
            10346.95305: 27.432762,
            10365.960210000001: 27.432762,
            10381.466040000001: 27.432762,
            10393.97076: 27.432762,
            10405.47507: 27.432762,
            10420.48071: 27.432762,
            10432.98543: 27.432762,
            10453.993320000001: 27.432762,
            10476.50178: 27.432762,
            10502.01138: 27.432762,
            10533.523229999999: 27.432762,
            10563.034319999999: 27.432762,
            10576.039200000001: 27.432762,
            10591.04484: 27.432762,
            10607.55105: 27.432762,
            10624.557449999998: 27.432762,
            10646.56569: 27.432762,
            10667.57358: 27.432762,
            10724.09481: 27.432762,
            10784.61756: 27.432762,
            10844.1399: 27.432762,
            10902.661919999999: 27.432762,
            10940.17599: 27.432762,
            10979.19066: 27.432762,
            11012.70327: 27.432762,
            11066.223390000001: 27.432762,
            11094.734100000001: 27.432762,
            11121.24408: 27.432762,
            11167.761569999999: 27.432762,
            11209.27719: 27.432762,
            11259.796170000001: 27.432762,
            11290.807859999999: 27.432762,
            11325.82104: 27.432762,
            11359.33365: 27.432762,
            11380.84173: 27.432762,
            11444.865839999999: 27.432762,
            11456.37015: 27.432762,
            11483.88051: 27.432762,
            11496.88539: 27.432762,
            11508.88992: 27.432762,
            11517.39309: 27.432762,
            11522.39499: 27.432762,
            11545.40364: 27.432762,
            11568.412260000001: 27.432762,
            11580.91698: 27.432762,
            11597.42316: 27.432762,
            11614.929750000001: 27.432762,
            11638.93878: 27.432762,
            11704.96356: 27.432762,
            11733.47427: 27.432762,
            11760.48441: 27.432762,
            11794.997370000001: 27.432762,
            11834.01204: 27.432762,
            11892.534: 27.432762,
            11976.565560000001: 27.432762,
            12001.57497: 27.432762,
            12026.084159999999: 27.432762,
            12041.0898: 27.432762,
            12054.09468: 27.432762,
            12074.10219: 27.432762,
            12111.61629: 27.432762,
            12129.62304: 27.432762,
            12149.13036: 27.432762,
            12161.63505: 27.432762,
            12172.13901: 27.432762,
            12182.64294: 27.432762,
            12197.14839: 27.432762,
            12220.6572: 27.432762,
            12235.66284: 27.432762,
            12252.66921: 27.432762,
            12263.17317: 27.432762,
            12282.1803: 27.432762,
            12331.69887: 27.432762,
            12356.70825: 27.432762,
            12393.722160000001: 27.432762,
            12420.23211: 27.432762,
            12447.24222: 27.432762,
            12477.75366: 27.432762,
            12504.26361: 27.432762,
            12548.780340000001: 27.432762,
            12577.29102: 27.432762,
            12600.79983: 27.432762,
            12616.30566: 27.432762,
            12633.81222: 27.432762,
            12657.821249999999: 27.432762,
            12687.8325: 27.432762,
            12705.33906: 27.432762,
            12717.84375: 27.432762,
            12729.848250000001: 27.432762,
            12745.354080000001: 27.432762,
            12755.85801: 27.432762,
            12797.373599999999: 27.432762,
            12805.876769999999: 27.432762,
            12822.382979999998: 27.432762,
            12855.39534: 27.432762,
            12872.401740000001: 27.432762,
            12884.90643: 27.432762,
            12902.91318: 27.432762,
            12917.4186: 27.432762,
            12926.92218: 27.432762,
            12943.42836: 27.432762,
            12972.43923: 27.432762,
            12975.94053: 27.432762,
            13004.95143: 27.432762,
            13014.454979999999: 27.432762,
            13018.95666: 27.432762,
            13028.46024: 27.432762,
            13037.4636: 27.432762,
            13051.46883: 27.432762,
            13067.47485: 27.432762,
            13085.981759999999: 27.432762,
            13102.98813: 27.432762,
            13114.99263: 27.432762,
            13121.99526: 27.432762,
            13126.496939999999: 27.432762,
            13130.498430000001: 27.432762,
            13137.501059999999: 27.432762,
            13150.00575: 27.432762,
            13175.515290000001: 27.432762,
            13198.52388: 27.432762,
            13222.03266: 27.432762,
            13245.04125: 27.432762,
            13271.05098: 27.432762,
            13280.554530000001: 27.432762,
            13303.06296: 27.432762,
            13312.56648: 27.432762,
            13352.08125: 27.432762,
            13392.59637: 27.432762,
            13423.60794: 27.432762,
            13448.117100000001: 27.432762,
            13466.123819999999: 27.432762,
            13490.13279: 27.432762,
            13508.13948: 27.432762,
            13535.64975: 27.432762,
            13553.156280000001: 27.432762,
            13567.661699999999: 27.432762,
            13588.66953: 27.432762,
            13601.17419: 27.432762,
            13614.67923: 27.432762,
            13624.68297: 27.432762,
            13639.68855: 27.432762,
            13656.1947: 27.432762,
            13674.70158: 27.432762,
            13679.203259999998: 27.432762,
            13685.705699999999: 27.432762,
            13692.208110000001: 27.432762,
            13702.21185: 27.432762,
            13714.21632: 27.432762,
            13727.72133: 27.432762,
            13748.22897: 27.432762,
            13768.23642: 27.432762,
            13775.23902: 27.432762,
            13793.24571: 27.432762,
            13799.74815: 27.432762,
            13808.25129: 27.432762,
            13816.75446: 27.432762,
            13824.25725: 27.432762,
            13832.76042: 27.432762,
            13846.76562: 27.432762,
            13860.77082: 27.432762,
            13868.27361: 27.432762,
            13879.777890000001: 27.432762,
            13891.282169999999: 27.432762,
            13905.78756: 27.432762,
            13917.29184: 27.432762,
            13933.79799: 27.432762,
            13953.80541: 27.432762,
            13970.31156: 27.432762,
            13989.81879: 27.432762,
            14024.83182: 27.432762,
            14049.84111: 27.432762,
            14075.850779999999: 27.432762,
            14112.36435: 27.432762,
            14154.379949999999: 27.432762,
            14183.89092: 27.432762,
            14215.90281: 27.432762,
            14247.41451: 27.432762,
            14274.42456: 27.432762,
            14294.43198: 27.432762,
            14317.44054: 27.432762,
            14339.94891: 27.432762,
            14369.459879999999: 27.432762,
            14393.468789999999: 27.432762,
            14438.48553: 27.432762,
            14495.50674: 27.432762,
            14540.02326: 27.432762,
            14570.534609999999: 27.432762,
            14594.04336: 27.432762,
            14613.55062: 27.432762,
            14641.06083: 27.432762,
            14663.5692: 27.432762,
            14691.57963: 27.432762,
            14707.585560000001: 27.432762,
            14721.590760000001: 27.432762,
            14743.59894: 27.432762,
            14770.1088: 27.432762,
            14793.61755: 27.432762,
            14815.62573: 27.432762,
            14832.131850000002: 27.432762,
            14853.63984: 27.432762,
            14902.157879999999: 27.432762,
            14921.665140000001: 27.432762,
            14937.67107: 27.432762,
            14963.18058: 27.432762,
            14980.687080000002: 27.432762,
            15001.19469: 27.432762,
            15030.205469999999: 27.432762,
            15046.211430000001: 27.432762,
            15065.71869: 27.432762,
            15096.23004: 27.432762,
            15122.7399: 27.432762,
            15142.74732: 27.432762,
            15162.254579999999: 27.432762,
            15172.25829: 27.432762,
            15180.26127: 27.432762,
            15188.76441: 27.432762,
            15204.27018: 27.432762,
            15232.28061: 27.432762,
            15253.7886: 27.432762,
            15272.79564: 27.432762,
            15289.30176: 27.432762,
            15304.80753: 27.432762,
            15321.813839999999: 27.432762,
            15368.831280000002: 27.432762,
        }
        float horizontalApertureOffset = -0.06532216
        float horizontalApertureOffset.timeSamples = {
            0: -0.06532216,
            91.53582: -0.06532216,
            116.04537: -0.06532216,
            141.05514000000002: -0.06532216,
            165.56472000000002: -0.06532216,
            200.57838: -0.06532216,
            223.08717: -0.06532216,
            246.09615000000002: -0.06532216,
            264.10317: -0.06532216,
            317.62401: -0.06532216,
            366.14288999999997: -0.06532216,
            454.67736: -0.06532216,
            551.7150899999999: -0.06532216,
            639.74928: -0.06532216,
            746.29065: -0.06532216,
            803.81298: -0.06532216,
            887.84556: -0.06532216,
            983.88279: -0.06532216,
            1063.4135999999999: -0.06532216,
            1126.93821: -0.06532216,
            1188.9622200000001: -0.06532216,
            1281.49803: -0.06532216,
            1360.52859: -0.06532216,
            1434.05703: -0.06532216,
            1488.5781: -0.06532216,
            1543.59936: -0.06532216,
            1612.12584: -0.06532216,
            1674.1497900000002: -0.06532216,
            1738.1744999999999: -0.06532216,
            1779.69051: -0.06532216,
            1832.2107899999999: -0.06532216,
            1876.22778: -0.06532216,
            1930.74879: -0.06532216,
            1983.76923: -0.06532216,
            2082.30717: -0.06532216,
            2127.8247: -0.06532216,
            2164.33878: -0.06532216,
            2206.8551399999997: -0.06532216,
            2259.37536: -0.06532216,
            2322.8998199999996: -0.06532216,
            2393.42694: -0.06532216,
            2441.9456099999998: -0.06532216,
            2504.96985: -0.06532216,
            2568.99447: -0.06532216,
            2618.0133: -0.06532216,
            2662.0302: -0.06532216,
            2710.5488400000004: -0.06532216,
            2755.06596: -0.06532216,
            2797.0821: -0.06532216,
            2861.10669: -0.06532216,
            2932.63416: -0.06532216,
            2987.6553: -0.06532216,
            3042.67644: -0.06532216,
            3114.7041: -0.06532216,
            3159.72138: -0.06532216,
            3207.7398000000003: -0.06532216,
            3231.24882: -0.06532216,
            3269.26341: -0.06532216,
            3340.79088: -0.06532216,
            3406.31601: -0.06532216,
            3444.83079: -0.06532216,
            3481.34478: -0.06532216,
            3563.87643: -0.06532216,
            3584.38428: -0.06532216,
            3661.9139099999998: -0.06532216,
            3686.9234699999997: -0.06532216,
            3731.4404999999997: -0.06532216,
            3745.44585: -0.06532216,
            3842.48289: -0.06532216,
            3877.49628: -0.06532216,
            3932.5172700000003: -0.06532216,
            3960.02778: -0.06532216,
            3989.53905: -0.06532216,
            4071.5703599999997: -0.06532216,
            4112.585999999999: -0.06532216,
            4145.5986: -0.06532216,
            4181.11215: -0.06532216,
            4221.12744: -0.06532216,
            4295.15568: -0.06532216,
            4323.166380000001: -0.06532216,
            4357.17936: -0.06532216,
            4408.69905: -0.06532216,
            4473.723870000001: -0.06532216,
            4510.2378: -0.06532216,
            4541.24964: -0.06532216,
            4590.76854: -0.06532216,
            4705.812449999999: -0.06532216,
            4761.83382: -0.06532216,
            4819.35576: -0.06532216,
            4893.88422: -0.06532216,
            4926.89679: -0.06532216,
            4957.90863: -0.06532216,
            4986.91968: -0.06532216,
            5010.92883: -0.06532216,
            5085.95742: -0.06532216,
            5137.4770499999995: -0.06532216,
            5181.4938: -0.06532216,
            5224.5101700000005: -0.06532216,
            5262.52464: -0.06532216,
            5312.5437: -0.06532216,
            5348.05722: -0.06532216,
            5423.58597: -0.06532216,
            5460.09987: -0.06532216,
            5500.61526: -0.06532216,
            5578.6449600000005: -0.06532216,
            5598.6525599999995: -0.06532216,
            5623.66209: -0.06532216,
            5652.67311: -0.06532216,
            5685.685649999999: -0.06532216,
            5739.20601: -0.06532216,
            5761.21437: -0.06532216,
            5802.22998: -0.06532216,
            5841.744989999999: -0.06532216,
            5879.75946: -0.06532216,
            5963.29125: -0.06532216,
            6039.82035: -0.06532216,
            6114.34869: -0.06532216,
            6161.36658: -0.06532216,
            6208.88466: -0.06532216,
            6236.3951400000005: -0.06532216,
            6283.91322: -0.06532216,
            6368.44539: -0.06532216,
            6529.0065: -0.06532216,
            6563.01945: -0.06532216,
            6647.051460000001: -0.06532216,
            6714.076980000001: -0.06532216,
            6795.608039999999: -0.06532216,
            6841.62558: -0.06532216,
            6954.66861: -0.06532216,
            6974.67624: -0.06532216,
            7042.20195: -0.06532216,
            7153.24422: -0.06532216,
            7251.28155: -0.06532216,
            7327.31049: -0.06532216,
            7342.316220000001: -0.06532216,
            7361.823630000001: -0.06532216,
            7390.33449: -0.06532216,
            7409.8419300000005: -0.06532216,
            7429.349340000001: -0.06532216,
            7438.35276: -0.06532216,
            7446.35583: -0.06532216,
            7456.35963: -0.06532216,
            7466.36343: -0.06532216,
            7478.36799: -0.06532216,
            7493.87391: -0.06532216,
            7512.38094: -0.06532216,
            7549.39503: -0.06532216,
            7568.40225: -0.06532216,
            7583.9081400000005: -0.06532216,
            7602.91536: -0.06532216,
            7620.42204: -0.06532216,
            7641.43002: -0.06532216,
            7665.939329999999: -0.06532216,
            7688.44788: -0.06532216,
            7694.950349999999: -0.06532216,
            7699.95225: -0.06532216,
            7704.45396: -0.06532216,
            7708.45548: -0.06532216,
            7712.457: -0.06532216,
            7717.95909: -0.06532216,
            7723.961399999999: -0.06532216,
            7751.97204: -0.06532216,
            7770.479069999999: -0.06532216,
            7784.98455: -0.06532216,
            7794.98835: -0.06532216,
            7809.994050000001: -0.06532216,
            7830.50184: -0.06532216,
            7850.009249999999: -0.06532216,
            7868.01609: -0.06532216,
            7880.020619999999: -0.06532216,
            7890.02442: -0.06532216,
            7898.527649999999: -0.06532216,
            7918.535249999999: -0.06532216,
            7932.0403799999995: -0.06532216,
            7941.543990000001: -0.06532216,
            7983.559920000001: -0.06532216,
            8015.572050000001: -0.06532216,
            8055.587219999999: -0.06532216,
            8089.6001400000005: -0.06532216,
            8108.10714: -0.06532216,
            8150.623259999999: -0.06532216,
            8193.639570000001: -0.06532216,
            8231.15379: -0.06532216,
            8273.66991: -0.06532216,
            8308.182990000001: -0.06532216,
            8345.19702: -0.06532216,
            8377.209149999999: -0.06532216,
            8394.21561: -0.06532216,
            8460.74082: -0.06532216,
            8477.24709: -0.06532216,
            8505.75789: -0.06532216,
            8541.77154: -0.06532216,
            8565.28044: -0.06532216,
            8594.79162: -0.06532216,
            8673.32136: -0.06532216,
            8701.83216: -0.06532216,
            8726.34144: -0.06532216,
            8743.34787: -0.06532216,
            8768.857530000001: -0.06532216,
            8797.36833: -0.06532216,
            8819.37666: -0.06532216,
            8836.88328: -0.06532216,
            8869.895789999999: -0.06532216,
            8916.4134: -0.06532216,
            8946.924930000001: -0.06532216,
            8974.43535: -0.06532216,
            8990.94159: -0.06532216,
            9004.446689999999: -0.06532216,
            9019.95258: -0.06532216,
            9038.95974: -0.06532216,
            9073.972979999999: -0.06532216,
            9109.48641: -0.06532216,
            9133.4955: -0.06532216,
            9146.00022: -0.06532216,
            9160.5057: -0.06532216,
            9171.00969: -0.06532216,
            9181.51365: -0.06532216,
            9197.519699999999: -0.06532216,
            9207.52347: -0.06532216,
            9217.527269999999: -0.06532216,
            9269.54691: -0.06532216,
            9294.05616: -0.06532216,
            9312.06297: -0.06532216,
            9345.57561: -0.06532216,
            9350.07732: -0.06532216,
            9394.09395: -0.06532216,
            9416.60244: -0.06532216,
            9448.11432: -0.06532216,
            9490.630350000001: -0.06532216,
            9529.144890000001: -0.06532216,
            9553.65411: -0.06532216,
            9580.66431: -0.06532216,
            9619.17885: -0.06532216,
            9634.68468: -0.06532216,
            9649.690349999999: -0.06532216,
            9726.21918: -0.06532216,
            9771.23616: -0.06532216,
            9774.737490000001: -0.06532216,
            9801.24747: -0.06532216,
            9823.75596: -0.06532216,
            9873.27465: -0.06532216,
            9906.2871: -0.06532216,
            9947.802720000002: -0.06532216,
            9987.317640000001: -0.06532216,
            10018.82949: -0.06532216,
            10048.34061: -0.06532216,
            10063.34625: -0.06532216,
            10072.84983: -0.06532216,
            10087.35531: -0.06532216,
            10098.859649999999: -0.06532216,
            10110.86415: -0.06532216,
            10129.87131: -0.06532216,
            10160.883: -0.06532216,
            10188.39336: -0.06532216,
            10215.40353: -0.06532216,
            10241.41332: -0.06532216,
            10255.91877: -0.06532216,
            10271.92479: -0.06532216,
            10291.432139999999: -0.06532216,
            10309.939110000001: -0.06532216,
            10318.44231: -0.06532216,
            10325.94513: -0.06532216,
            10332.94779: -0.06532216,
            10344.4521: -0.06532216,
            10346.95305: -0.06532216,
            10365.960210000001: -0.06532216,
            10381.466040000001: -0.06532216,
            10393.97076: -0.06532216,
            10405.47507: -0.06532216,
            10420.48071: -0.06532216,
            10432.98543: -0.06532216,
            10453.993320000001: -0.06532216,
            10476.50178: -0.06532216,
            10502.01138: -0.06532216,
            10533.523229999999: -0.06532216,
            10563.034319999999: -0.06532216,
            10576.039200000001: -0.06532216,
            10591.04484: -0.06532216,
            10607.55105: -0.06532216,
            10624.557449999998: -0.06532216,
            10646.56569: -0.06532216,
            10667.57358: -0.06532216,
            10724.09481: -0.06532216,
            10784.61756: -0.06532216,
            10844.1399: -0.06532216,
            10902.661919999999: -0.06532216,
            10940.17599: -0.06532216,
            10979.19066: -0.06532216,
            11012.70327: -0.06532216,
            11066.223390000001: -0.06532216,
            11094.734100000001: -0.06532216,
            11121.24408: -0.06532216,
            11167.761569999999: -0.06532216,
            11209.27719: -0.06532216,
            11259.796170000001: -0.06532216,
            11290.807859999999: -0.06532216,
            11325.82104: -0.06532216,
            11359.33365: -0.06532216,
            11380.84173: -0.06532216,
            11444.865839999999: -0.06532216,
            11456.37015: -0.06532216,
            11483.88051: -0.06532216,
            11496.88539: -0.06532216,
            11508.88992: -0.06532216,
            11517.39309: -0.06532216,
            11522.39499: -0.06532216,
            11545.40364: -0.06532216,
            11568.412260000001: -0.06532216,
            11580.91698: -0.06532216,
            11597.42316: -0.06532216,
            11614.929750000001: -0.06532216,
            11638.93878: -0.06532216,
            11704.96356: -0.06532216,
            11733.47427: -0.06532216,
            11760.48441: -0.06532216,
            11794.997370000001: -0.06532216,
            11834.01204: -0.06532216,
            11892.534: -0.06532216,
            11976.565560000001: -0.06532216,
            12001.57497: -0.06532216,
            12026.084159999999: -0.06532216,
            12041.0898: -0.06532216,
            12054.09468: -0.06532216,
            12074.10219: -0.06532216,
            12111.61629: -0.06532216,
            12129.62304: -0.06532216,
            12149.13036: -0.06532216,
            12161.63505: -0.06532216,
            12172.13901: -0.06532216,
            12182.64294: -0.06532216,
            12197.14839: -0.06532216,
            12220.6572: -0.06532216,
            12235.66284: -0.06532216,
            12252.66921: -0.06532216,
            12263.17317: -0.06532216,
            12282.1803: -0.06532216,
            12331.69887: -0.06532216,
            12356.70825: -0.06532216,
            12393.722160000001: -0.06532216,
            12420.23211: -0.06532216,
            12447.24222: -0.06532216,
            12477.75366: -0.06532216,
            12504.26361: -0.06532216,
            12548.780340000001: -0.06532216,
            12577.29102: -0.06532216,
            12600.79983: -0.06532216,
            12616.30566: -0.06532216,
            12633.81222: -0.06532216,
            12657.821249999999: -0.06532216,
            12687.8325: -0.06532216,
            12705.33906: -0.06532216,
            12717.84375: -0.06532216,
            12729.848250000001: -0.06532216,
            12745.354080000001: -0.06532216,
            12755.85801: -0.06532216,
            12797.373599999999: -0.06532216,
            12805.876769999999: -0.06532216,
            12822.382979999998: -0.06532216,
            12855.39534: -0.06532216,
            12872.401740000001: -0.06532216,
            12884.90643: -0.06532216,
            12902.91318: -0.06532216,
            12917.4186: -0.06532216,
            12926.92218: -0.06532216,
            12943.42836: -0.06532216,
            12972.43923: -0.06532216,
            12975.94053: -0.06532216,
            13004.95143: -0.06532216,
            13014.454979999999: -0.06532216,
            13018.95666: -0.06532216,
            13028.46024: -0.06532216,
            13037.4636: -0.06532216,
            13051.46883: -0.06532216,
            13067.47485: -0.06532216,
            13085.981759999999: -0.06532216,
            13102.98813: -0.06532216,
            13114.99263: -0.06532216,
            13121.99526: -0.06532216,
            13126.496939999999: -0.06532216,
            13130.498430000001: -0.06532216,
            13137.501059999999: -0.06532216,
            13150.00575: -0.06532216,
            13175.515290000001: -0.06532216,
            13198.52388: -0.06532216,
            13222.03266: -0.06532216,
            13245.04125: -0.06532216,
            13271.05098: -0.06532216,
            13280.554530000001: -0.06532216,
            13303.06296: -0.06532216,
            13312.56648: -0.06532216,
            13352.08125: -0.06532216,
            13392.59637: -0.06532216,
            13423.60794: -0.06532216,
            13448.117100000001: -0.06532216,
            13466.123819999999: -0.06532216,
            13490.13279: -0.06532216,
            13508.13948: -0.06532216,
            13535.64975: -0.06532216,
            13553.156280000001: -0.06532216,
            13567.661699999999: -0.06532216,
            13588.66953: -0.06532216,
            13601.17419: -0.06532216,
            13614.67923: -0.06532216,
            13624.68297: -0.06532216,
            13639.68855: -0.06532216,
            13656.1947: -0.06532216,
            13674.70158: -0.06532216,
            13679.203259999998: -0.06532216,
            13685.705699999999: -0.06532216,
            13692.208110000001: -0.06532216,
            13702.21185: -0.06532216,
            13714.21632: -0.06532216,
            13727.72133: -0.06532216,
            13748.22897: -0.06532216,
            13768.23642: -0.06532216,
            13775.23902: -0.06532216,
            13793.24571: -0.06532216,
            13799.74815: -0.06532216,
            13808.25129: -0.06532216,
            13816.75446: -0.06532216,
            13824.25725: -0.06532216,
            13832.76042: -0.06532216,
            13846.76562: -0.06532216,
            13860.77082: -0.06532216,
            13868.27361: -0.06532216,
            13879.777890000001: -0.06532216,
            13891.282169999999: -0.06532216,
            13905.78756: -0.06532216,
            13917.29184: -0.06532216,
            13933.79799: -0.06532216,
            13953.80541: -0.06532216,
            13970.31156: -0.06532216,
            13989.81879: -0.06532216,
            14024.83182: -0.06532216,
            14049.84111: -0.06532216,
            14075.850779999999: -0.06532216,
            14112.36435: -0.06532216,
            14154.379949999999: -0.06532216,
            14183.89092: -0.06532216,
            14215.90281: -0.06532216,
            14247.41451: -0.06532216,
            14274.42456: -0.06532216,
            14294.43198: -0.06532216,
            14317.44054: -0.06532216,
            14339.94891: -0.06532216,
            14369.459879999999: -0.06532216,
            14393.468789999999: -0.06532216,
            14438.48553: -0.06532216,
            14495.50674: -0.06532216,
            14540.02326: -0.06532216,
            14570.534609999999: -0.06532216,
            14594.04336: -0.06532216,
            14613.55062: -0.06532216,
            14641.06083: -0.06532216,
            14663.5692: -0.06532216,
            14691.57963: -0.06532216,
            14707.585560000001: -0.06532216,
            14721.590760000001: -0.06532216,
            14743.59894: -0.06532216,
            14770.1088: -0.06532216,
            14793.61755: -0.06532216,
            14815.62573: -0.06532216,
            14832.131850000002: -0.06532216,
            14853.63984: -0.06532216,
            14902.157879999999: -0.06532216,
            14921.665140000001: -0.06532216,
            14937.67107: -0.06532216,
            14963.18058: -0.06532216,
            14980.687080000002: -0.06532216,
            15001.19469: -0.06532216,
            15030.205469999999: -0.06532216,
            15046.211430000001: -0.06532216,
            15065.71869: -0.06532216,
            15096.23004: -0.06532216,
            15122.7399: -0.06532216,
            15142.74732: -0.06532216,
            15162.254579999999: -0.06532216,
            15172.25829: -0.06532216,
            15180.26127: -0.06532216,
            15188.76441: -0.06532216,
            15204.27018: -0.06532216,
            15232.28061: -0.06532216,
            15253.7886: -0.06532216,
            15272.79564: -0.06532216,
            15289.30176: -0.06532216,
            15304.80753: -0.06532216,
            15321.813839999999: -0.06532216,
            15368.831280000002: -0.06532216,
        }
        token projection = "perspective"
        float verticalAperture = 20.35334
        float verticalAperture.timeSamples = {
            0: 20.35334,
            91.53582: 20.35334,
            116.04537: 20.35334,
            141.05514000000002: 20.35334,
            165.56472000000002: 20.35334,
            200.57838: 20.35334,
            223.08717: 20.35334,
            246.09615000000002: 20.35334,
            264.10317: 20.35334,
            317.62401: 20.35334,
            366.14288999999997: 20.35334,
            454.67736: 20.35334,
            551.7150899999999: 20.35334,
            639.74928: 20.35334,
            746.29065: 20.35334,
            803.81298: 20.35334,
            887.84556: 20.35334,
            983.88279: 20.35334,
            1063.4135999999999: 20.35334,
            1126.93821: 20.35334,
            1188.9622200000001: 20.35334,
            1281.49803: 20.35334,
            1360.52859: 20.35334,
            1434.05703: 20.35334,
            1488.5781: 20.35334,
            1543.59936: 20.35334,
            1612.12584: 20.35334,
            1674.1497900000002: 20.35334,
            1738.1744999999999: 20.35334,
            1779.69051: 20.35334,
            1832.2107899999999: 20.35334,
            1876.22778: 20.35334,
            1930.74879: 20.35334,
            1983.76923: 20.35334,
            2082.30717: 20.35334,
            2127.8247: 20.35334,
            2164.33878: 20.35334,
            2206.8551399999997: 20.35334,
            2259.37536: 20.35334,
            2322.8998199999996: 20.35334,
            2393.42694: 20.35334,
            2441.9456099999998: 20.35334,
            2504.96985: 20.35334,
            2568.99447: 20.35334,
            2618.0133: 20.35334,
            2662.0302: 20.35334,
            2710.5488400000004: 20.35334,
            2755.06596: 20.35334,
            2797.0821: 20.35334,
            2861.10669: 20.35334,
            2932.63416: 20.35334,
            2987.6553: 20.35334,
            3042.67644: 20.35334,
            3114.7041: 20.35334,
            3159.72138: 20.35334,
            3207.7398000000003: 20.35334,
            3231.24882: 20.35334,
            3269.26341: 20.35334,
            3340.79088: 20.35334,
            3406.31601: 20.35334,
            3444.83079: 20.35334,
            3481.34478: 20.35334,
            3563.87643: 20.35334,
            3584.38428: 20.35334,
            3661.9139099999998: 20.35334,
            3686.9234699999997: 20.35334,
            3731.4404999999997: 20.35334,
            3745.44585: 20.35334,
            3842.48289: 20.35334,
            3877.49628: 20.35334,
            3932.5172700000003: 20.35334,
            3960.02778: 20.35334,
            3989.53905: 20.35334,
            4071.5703599999997: 20.35334,
            4112.585999999999: 20.35334,
            4145.5986: 20.35334,
            4181.11215: 20.35334,
            4221.12744: 20.35334,
            4295.15568: 20.35334,
            4323.166380000001: 20.35334,
            4357.17936: 20.35334,
            4408.69905: 20.35334,
            4473.723870000001: 20.35334,
            4510.2378: 20.35334,
            4541.24964: 20.35334,
            4590.76854: 20.35334,
            4705.812449999999: 20.35334,
            4761.83382: 20.35334,
            4819.35576: 20.35334,
            4893.88422: 20.35334,
            4926.89679: 20.35334,
            4957.90863: 20.35334,
            4986.91968: 20.35334,
            5010.92883: 20.35334,
            5085.95742: 20.35334,
            5137.4770499999995: 20.35334,
            5181.4938: 20.35334,
            5224.5101700000005: 20.35334,
            5262.52464: 20.35334,
            5312.5437: 20.35334,
            5348.05722: 20.35334,
            5423.58597: 20.35334,
            5460.09987: 20.35334,
            5500.61526: 20.35334,
            5578.6449600000005: 20.35334,
            5598.6525599999995: 20.35334,
            5623.66209: 20.35334,
            5652.67311: 20.35334,
            5685.685649999999: 20.35334,
            5739.20601: 20.35334,
            5761.21437: 20.35334,
            5802.22998: 20.35334,
            5841.744989999999: 20.35334,
            5879.75946: 20.35334,
            5963.29125: 20.35334,
            6039.82035: 20.35334,
            6114.34869: 20.35334,
            6161.36658: 20.35334,
            6208.88466: 20.35334,
            6236.3951400000005: 20.35334,
            6283.91322: 20.35334,
            6368.44539: 20.35334,
            6529.0065: 20.35334,
            6563.01945: 20.35334,
            6647.051460000001: 20.35334,
            6714.076980000001: 20.35334,
            6795.608039999999: 20.35334,
            6841.62558: 20.35334,
            6954.66861: 20.35334,
            6974.67624: 20.35334,
            7042.20195: 20.35334,
            7153.24422: 20.35334,
            7251.28155: 20.35334,
            7327.31049: 20.35334,
            7342.316220000001: 20.35334,
            7361.823630000001: 20.35334,
            7390.33449: 20.35334,
            7409.8419300000005: 20.35334,
            7429.349340000001: 20.35334,
            7438.35276: 20.35334,
            7446.35583: 20.35334,
            7456.35963: 20.35334,
            7466.36343: 20.35334,
            7478.36799: 20.35334,
            7493.87391: 20.35334,
            7512.38094: 20.35334,
            7549.39503: 20.35334,
            7568.40225: 20.35334,
            7583.9081400000005: 20.35334,
            7602.91536: 20.35334,
            7620.42204: 20.35334,
            7641.43002: 20.35334,
            7665.939329999999: 20.35334,
            7688.44788: 20.35334,
            7694.950349999999: 20.35334,
            7699.95225: 20.35334,
            7704.45396: 20.35334,
            7708.45548: 20.35334,
            7712.457: 20.35334,
            7717.95909: 20.35334,
            7723.961399999999: 20.35334,
            7751.97204: 20.35334,
            7770.479069999999: 20.35334,
            7784.98455: 20.35334,
            7794.98835: 20.35334,
            7809.994050000001: 20.35334,
            7830.50184: 20.35334,
            7850.009249999999: 20.35334,
            7868.01609: 20.35334,
            7880.020619999999: 20.35334,
            7890.02442: 20.35334,
            7898.527649999999: 20.35334,
            7918.535249999999: 20.35334,
            7932.0403799999995: 20.35334,
            7941.543990000001: 20.35334,
            7983.559920000001: 20.35334,
            8015.572050000001: 20.35334,
            8055.587219999999: 20.35334,
            8089.6001400000005: 20.35334,
            8108.10714: 20.35334,
            8150.623259999999: 20.35334,
            8193.639570000001: 20.35334,
            8231.15379: 20.35334,
            8273.66991: 20.35334,
            8308.182990000001: 20.35334,
            8345.19702: 20.35334,
            8377.209149999999: 20.35334,
            8394.21561: 20.35334,
            8460.74082: 20.35334,
            8477.24709: 20.35334,
            8505.75789: 20.35334,
            8541.77154: 20.35334,
            8565.28044: 20.35334,
            8594.79162: 20.35334,
            8673.32136: 20.35334,
            8701.83216: 20.35334,
            8726.34144: 20.35334,
            8743.34787: 20.35334,
            8768.857530000001: 20.35334,
            8797.36833: 20.35334,
            8819.37666: 20.35334,
            8836.88328: 20.35334,
            8869.895789999999: 20.35334,
            8916.4134: 20.35334,
            8946.924930000001: 20.35334,
            8974.43535: 20.35334,
            8990.94159: 20.35334,
            9004.446689999999: 20.35334,
            9019.95258: 20.35334,
            9038.95974: 20.35334,
            9073.972979999999: 20.35334,
            9109.48641: 20.35334,
            9133.4955: 20.35334,
            9146.00022: 20.35334,
            9160.5057: 20.35334,
            9171.00969: 20.35334,
            9181.51365: 20.35334,
            9197.519699999999: 20.35334,
            9207.52347: 20.35334,
            9217.527269999999: 20.35334,
            9269.54691: 20.35334,
            9294.05616: 20.35334,
            9312.06297: 20.35334,
            9345.57561: 20.35334,
            9350.07732: 20.35334,
            9394.09395: 20.35334,
            9416.60244: 20.35334,
            9448.11432: 20.35334,
            9490.630350000001: 20.35334,
            9529.144890000001: 20.35334,
            9553.65411: 20.35334,
            9580.66431: 20.35334,
            9619.17885: 20.35334,
            9634.68468: 20.35334,
            9649.690349999999: 20.35334,
            9726.21918: 20.35334,
            9771.23616: 20.35334,
            9774.737490000001: 20.35334,
            9801.24747: 20.35334,
            9823.75596: 20.35334,
            9873.27465: 20.35334,
            9906.2871: 20.35334,
            9947.802720000002: 20.35334,
            9987.317640000001: 20.35334,
            10018.82949: 20.35334,
            10048.34061: 20.35334,
            10063.34625: 20.35334,
            10072.84983: 20.35334,
            10087.35531: 20.35334,
            10098.859649999999: 20.35334,
            10110.86415: 20.35334,
            10129.87131: 20.35334,
            10160.883: 20.35334,
            10188.39336: 20.35334,
            10215.40353: 20.35334,
            10241.41332: 20.35334,
            10255.91877: 20.35334,
            10271.92479: 20.35334,
            10291.432139999999: 20.35334,
            10309.939110000001: 20.35334,
            10318.44231: 20.35334,
            10325.94513: 20.35334,
            10332.94779: 20.35334,
            10344.4521: 20.35334,
            10346.95305: 20.35334,
            10365.960210000001: 20.35334,
            10381.466040000001: 20.35334,
            10393.97076: 20.35334,
            10405.47507: 20.35334,
            10420.48071: 20.35334,
            10432.98543: 20.35334,
            10453.993320000001: 20.35334,
            10476.50178: 20.35334,
            10502.01138: 20.35334,
            10533.523229999999: 20.35334,
            10563.034319999999: 20.35334,
            10576.039200000001: 20.35334,
            10591.04484: 20.35334,
            10607.55105: 20.35334,
            10624.557449999998: 20.35334,
            10646.56569: 20.35334,
            10667.57358: 20.35334,
            10724.09481: 20.35334,
            10784.61756: 20.35334,
            10844.1399: 20.35334,
            10902.661919999999: 20.35334,
            10940.17599: 20.35334,
            10979.19066: 20.35334,
            11012.70327: 20.35334,
            11066.223390000001: 20.35334,
            11094.734100000001: 20.35334,
            11121.24408: 20.35334,
            11167.761569999999: 20.35334,
            11209.27719: 20.35334,
            11259.796170000001: 20.35334,
            11290.807859999999: 20.35334,
            11325.82104: 20.35334,
            11359.33365: 20.35334,
            11380.84173: 20.35334,
            11444.865839999999: 20.35334,
            11456.37015: 20.35334,
            11483.88051: 20.35334,
            11496.88539: 20.35334,
            11508.88992: 20.35334,
            11517.39309: 20.35334,
            11522.39499: 20.35334,
            11545.40364: 20.35334,
            11568.412260000001: 20.35334,
            11580.91698: 20.35334,
            11597.42316: 20.35334,
            11614.929750000001: 20.35334,
            11638.93878: 20.35334,
            11704.96356: 20.35334,
            11733.47427: 20.35334,
            11760.48441: 20.35334,
            11794.997370000001: 20.35334,
            11834.01204: 20.35334,
            11892.534: 20.35334,
            11976.565560000001: 20.35334,
            12001.57497: 20.35334,
            12026.084159999999: 20.35334,
            12041.0898: 20.35334,
            12054.09468: 20.35334,
            12074.10219: 20.35334,
            12111.61629: 20.35334,
            12129.62304: 20.35334,
            12149.13036: 20.35334,
            12161.63505: 20.35334,
            12172.13901: 20.35334,
            12182.64294: 20.35334,
            12197.14839: 20.35334,
            12220.6572: 20.35334,
            12235.66284: 20.35334,
            12252.66921: 20.35334,
            12263.17317: 20.35334,
            12282.1803: 20.35334,
            12331.69887: 20.35334,
            12356.70825: 20.35334,
            12393.722160000001: 20.35334,
            12420.23211: 20.35334,
            12447.24222: 20.35334,
            12477.75366: 20.35334,
            12504.26361: 20.35334,
            12548.780340000001: 20.35334,
            12577.29102: 20.35334,
            12600.79983: 20.35334,
            12616.30566: 20.35334,
            12633.81222: 20.35334,
            12657.821249999999: 20.35334,
            12687.8325: 20.35334,
            12705.33906: 20.35334,
            12717.84375: 20.35334,
            12729.848250000001: 20.35334,
            12745.354080000001: 20.35334,
            12755.85801: 20.35334,
            12797.373599999999: 20.35334,
            12805.876769999999: 20.35334,
            12822.382979999998: 20.35334,
            12855.39534: 20.35334,
            12872.401740000001: 20.35334,
            12884.90643: 20.35334,
            12902.91318: 20.35334,
            12917.4186: 20.35334,
            12926.92218: 20.35334,
            12943.42836: 20.35334,
            12972.43923: 20.35334,
            12975.94053: 20.35334,
            13004.95143: 20.35334,
            13014.454979999999: 20.35334,
            13018.95666: 20.35334,
            13028.46024: 20.35334,
            13037.4636: 20.35334,
            13051.46883: 20.35334,
            13067.47485: 20.35334,
            13085.981759999999: 20.35334,
            13102.98813: 20.35334,
            13114.99263: 20.35334,
            13121.99526: 20.35334,
            13126.496939999999: 20.35334,
            13130.498430000001: 20.35334,
            13137.501059999999: 20.35334,
            13150.00575: 20.35334,
            13175.515290000001: 20.35334,
            13198.52388: 20.35334,
            13222.03266: 20.35334,
            13245.04125: 20.35334,
            13271.05098: 20.35334,
            13280.554530000001: 20.35334,
            13303.06296: 20.35334,
            13312.56648: 20.35334,
            13352.08125: 20.35334,
            13392.59637: 20.35334,
            13423.60794: 20.35334,
            13448.117100000001: 20.35334,
            13466.123819999999: 20.35334,
            13490.13279: 20.35334,
            13508.13948: 20.35334,
            13535.64975: 20.35334,
            13553.156280000001: 20.35334,
            13567.661699999999: 20.35334,
            13588.66953: 20.35334,
            13601.17419: 20.35334,
            13614.67923: 20.35334,
            13624.68297: 20.35334,
            13639.68855: 20.35334,
            13656.1947: 20.35334,
            13674.70158: 20.35334,
            13679.203259999998: 20.35334,
            13685.705699999999: 20.35334,
            13692.208110000001: 20.35334,
            13702.21185: 20.35334,
            13714.21632: 20.35334,
            13727.72133: 20.35334,
            13748.22897: 20.35334,
            13768.23642: 20.35334,
            13775.23902: 20.35334,
            13793.24571: 20.35334,
            13799.74815: 20.35334,
            13808.25129: 20.35334,
            13816.75446: 20.35334,
            13824.25725: 20.35334,
            13832.76042: 20.35334,
            13846.76562: 20.35334,
            13860.77082: 20.35334,
            13868.27361: 20.35334,
            13879.777890000001: 20.35334,
            13891.282169999999: 20.35334,
            13905.78756: 20.35334,
            13917.29184: 20.35334,
            13933.79799: 20.35334,
            13953.80541: 20.35334,
            13970.31156: 20.35334,
            13989.81879: 20.35334,
            14024.83182: 20.35334,
            14049.84111: 20.35334,
            14075.850779999999: 20.35334,
            14112.36435: 20.35334,
            14154.379949999999: 20.35334,
            14183.89092: 20.35334,
            14215.90281: 20.35334,
            14247.41451: 20.35334,
            14274.42456: 20.35334,
            14294.43198: 20.35334,
            14317.44054: 20.35334,
            14339.94891: 20.35334,
            14369.459879999999: 20.35334,
            14393.468789999999: 20.35334,
            14438.48553: 20.35334,
            14495.50674: 20.35334,
            14540.02326: 20.35334,
            14570.534609999999: 20.35334,
            14594.04336: 20.35334,
            14613.55062: 20.35334,
            14641.06083: 20.35334,
            14663.5692: 20.35334,
            14691.57963: 20.35334,
            14707.585560000001: 20.35334,
            14721.590760000001: 20.35334,
            14743.59894: 20.35334,
            14770.1088: 20.35334,
            14793.61755: 20.35334,
            14815.62573: 20.35334,
            14832.131850000002: 20.35334,
            14853.63984: 20.35334,
            14902.157879999999: 20.35334,
            14921.665140000001: 20.35334,
            14937.67107: 20.35334,
            14963.18058: 20.35334,
            14980.687080000002: 20.35334,
            15001.19469: 20.35334,
            15030.205469999999: 20.35334,
            15046.211430000001: 20.35334,
            15065.71869: 20.35334,
            15096.23004: 20.35334,
            15122.7399: 20.35334,
            15142.74732: 20.35334,
            15162.254579999999: 20.35334,
            15172.25829: 20.35334,
            15180.26127: 20.35334,
            15188.76441: 20.35334,
            15204.27018: 20.35334,
            15232.28061: 20.35334,
            15253.7886: 20.35334,
            15272.79564: 20.35334,
            15289.30176: 20.35334,
            15304.80753: 20.35334,
            15321.813839999999: 20.35334,
            15368.831280000002: 20.35334,
        }
        float verticalApertureOffset = -0.017256899
        float verticalApertureOffset.timeSamples = {
            0: -0.017256899,
            91.53582: -0.017256899,
            116.04537: -0.017256899,
            141.05514000000002: -0.017256899,
            165.56472000000002: -0.017256899,
            200.57838: -0.017256899,
            223.08717: -0.017256899,
            246.09615000000002: -0.017256899,
            264.10317: -0.017256899,
            317.62401: -0.017256899,
            366.14288999999997: -0.017256899,
            454.67736: -0.017256899,
            551.7150899999999: -0.017256899,
            639.74928: -0.017256899,
            746.29065: -0.017256899,
            803.81298: -0.017256899,
            887.84556: -0.017256899,
            983.88279: -0.017256899,
            1063.4135999999999: -0.017256899,
            1126.93821: -0.017256899,
            1188.9622200000001: -0.017256899,
            1281.49803: -0.017256899,
            1360.52859: -0.017256899,
            1434.05703: -0.017256899,
            1488.5781: -0.017256899,
            1543.59936: -0.017256899,
            1612.12584: -0.017256899,
            1674.1497900000002: -0.017256899,
            1738.1744999999999: -0.017256899,
            1779.69051: -0.017256899,
            1832.2107899999999: -0.017256899,
            1876.22778: -0.017256899,
            1930.74879: -0.017256899,
            1983.76923: -0.017256899,
            2082.30717: -0.017256899,
            2127.8247: -0.017256899,
            2164.33878: -0.017256899,
            2206.8551399999997: -0.017256899,
            2259.37536: -0.017256899,
            2322.8998199999996: -0.017256899,
            2393.42694: -0.017256899,
            2441.9456099999998: -0.017256899,
            2504.96985: -0.017256899,
            2568.99447: -0.017256899,
            2618.0133: -0.017256899,
            2662.0302: -0.017256899,
            2710.5488400000004: -0.017256899,
            2755.06596: -0.017256899,
            2797.0821: -0.017256899,
            2861.10669: -0.017256899,
            2932.63416: -0.017256899,
            2987.6553: -0.017256899,
            3042.67644: -0.017256899,
            3114.7041: -0.017256899,
            3159.72138: -0.017256899,
            3207.7398000000003: -0.017256899,
            3231.24882: -0.017256899,
            3269.26341: -0.017256899,
            3340.79088: -0.017256899,
            3406.31601: -0.017256899,
            3444.83079: -0.017256899,
            3481.34478: -0.017256899,
            3563.87643: -0.017256899,
            3584.38428: -0.017256899,
            3661.9139099999998: -0.017256899,
            3686.9234699999997: -0.017256899,
            3731.4404999999997: -0.017256899,
            3745.44585: -0.017256899,
            3842.48289: -0.017256899,
            3877.49628: -0.017256899,
            3932.5172700000003: -0.017256899,
            3960.02778: -0.017256899,
            3989.53905: -0.017256899,
            4071.5703599999997: -0.017256899,
            4112.585999999999: -0.017256899,
            4145.5986: -0.017256899,
            4181.11215: -0.017256899,
            4221.12744: -0.017256899,
            4295.15568: -0.017256899,
            4323.166380000001: -0.017256899,
            4357.17936: -0.017256899,
            4408.69905: -0.017256899,
            4473.723870000001: -0.017256899,
            4510.2378: -0.017256899,
            4541.24964: -0.017256899,
            4590.76854: -0.017256899,
            4705.812449999999: -0.017256899,
            4761.83382: -0.017256899,
            4819.35576: -0.017256899,
            4893.88422: -0.017256899,
            4926.89679: -0.017256899,
            4957.90863: -0.017256899,
            4986.91968: -0.017256899,
            5010.92883: -0.017256899,
            5085.95742: -0.017256899,
            5137.4770499999995: -0.017256899,
            5181.4938: -0.017256899,
            5224.5101700000005: -0.017256899,
            5262.52464: -0.017256899,
            5312.5437: -0.017256899,
            5348.05722: -0.017256899,
            5423.58597: -0.017256899,
            5460.09987: -0.017256899,
            5500.61526: -0.017256899,
            5578.6449600000005: -0.017256899,
            5598.6525599999995: -0.017256899,
            5623.66209: -0.017256899,
            5652.67311: -0.017256899,
            5685.685649999999: -0.017256899,
            5739.20601: -0.017256899,
            5761.21437: -0.017256899,
            5802.22998: -0.017256899,
            5841.744989999999: -0.017256899,
            5879.75946: -0.017256899,
            5963.29125: -0.017256899,
            6039.82035: -0.017256899,
            6114.34869: -0.017256899,
            6161.36658: -0.017256899,
            6208.88466: -0.017256899,
            6236.3951400000005: -0.017256899,
            6283.91322: -0.017256899,
            6368.44539: -0.017256899,
            6529.0065: -0.017256899,
            6563.01945: -0.017256899,
            6647.051460000001: -0.017256899,
            6714.076980000001: -0.017256899,
            6795.608039999999: -0.017256899,
            6841.62558: -0.017256899,
            6954.66861: -0.017256899,
            6974.67624: -0.017256899,
            7042.20195: -0.017256899,
            7153.24422: -0.017256899,
            7251.28155: -0.017256899,
            7327.31049: -0.017256899,
            7342.316220000001: -0.017256899,
            7361.823630000001: -0.017256899,
            7390.33449: -0.017256899,
            7409.8419300000005: -0.017256899,
            7429.349340000001: -0.017256899,
            7438.35276: -0.017256899,
            7446.35583: -0.017256899,
            7456.35963: -0.017256899,
            7466.36343: -0.017256899,
            7478.36799: -0.017256899,
            7493.87391: -0.017256899,
            7512.38094: -0.017256899,
            7549.39503: -0.017256899,
            7568.40225: -0.017256899,
            7583.9081400000005: -0.017256899,
            7602.91536: -0.017256899,
            7620.42204: -0.017256899,
            7641.43002: -0.017256899,
            7665.939329999999: -0.017256899,
            7688.44788: -0.017256899,
            7694.950349999999: -0.017256899,
            7699.95225: -0.017256899,
            7704.45396: -0.017256899,
            7708.45548: -0.017256899,
            7712.457: -0.017256899,
            7717.95909: -0.017256899,
            7723.961399999999: -0.017256899,
            7751.97204: -0.017256899,
            7770.479069999999: -0.017256899,
            7784.98455: -0.017256899,
            7794.98835: -0.017256899,
            7809.994050000001: -0.017256899,
            7830.50184: -0.017256899,
            7850.009249999999: -0.017256899,
            7868.01609: -0.017256899,
            7880.020619999999: -0.017256899,
            7890.02442: -0.017256899,
            7898.527649999999: -0.017256899,
            7918.535249999999: -0.017256899,
            7932.0403799999995: -0.017256899,
            7941.543990000001: -0.017256899,
            7983.559920000001: -0.017256899,
            8015.572050000001: -0.017256899,
            8055.587219999999: -0.017256899,
            8089.6001400000005: -0.017256899,
            8108.10714: -0.017256899,
            8150.623259999999: -0.017256899,
            8193.639570000001: -0.017256899,
            8231.15379: -0.017256899,
            8273.66991: -0.017256899,
            8308.182990000001: -0.017256899,
            8345.19702: -0.017256899,
            8377.209149999999: -0.017256899,
            8394.21561: -0.017256899,
            8460.74082: -0.017256899,
            8477.24709: -0.017256899,
            8505.75789: -0.017256899,
            8541.77154: -0.017256899,
            8565.28044: -0.017256899,
            8594.79162: -0.017256899,
            8673.32136: -0.017256899,
            8701.83216: -0.017256899,
            8726.34144: -0.017256899,
            8743.34787: -0.017256899,
            8768.857530000001: -0.017256899,
            8797.36833: -0.017256899,
            8819.37666: -0.017256899,
            8836.88328: -0.017256899,
            8869.895789999999: -0.017256899,
            8916.4134: -0.017256899,
            8946.924930000001: -0.017256899,
            8974.43535: -0.017256899,
            8990.94159: -0.017256899,
            9004.446689999999: -0.017256899,
            9019.95258: -0.017256899,
            9038.95974: -0.017256899,
            9073.972979999999: -0.017256899,
            9109.48641: -0.017256899,
            9133.4955: -0.017256899,
            9146.00022: -0.017256899,
            9160.5057: -0.017256899,
            9171.00969: -0.017256899,
            9181.51365: -0.017256899,
            9197.519699999999: -0.017256899,
            9207.52347: -0.017256899,
            9217.527269999999: -0.017256899,
            9269.54691: -0.017256899,
            9294.05616: -0.017256899,
            9312.06297: -0.017256899,
            9345.57561: -0.017256899,
            9350.07732: -0.017256899,
            9394.09395: -0.017256899,
            9416.60244: -0.017256899,
            9448.11432: -0.017256899,
            9490.630350000001: -0.017256899,
            9529.144890000001: -0.017256899,
            9553.65411: -0.017256899,
            9580.66431: -0.017256899,
            9619.17885: -0.017256899,
            9634.68468: -0.017256899,
            9649.690349999999: -0.017256899,
            9726.21918: -0.017256899,
            9771.23616: -0.017256899,
            9774.737490000001: -0.017256899,
            9801.24747: -0.017256899,
            9823.75596: -0.017256899,
            9873.27465: -0.017256899,
            9906.2871: -0.017256899,
            9947.802720000002: -0.017256899,
            9987.317640000001: -0.017256899,
            10018.82949: -0.017256899,
            10048.34061: -0.017256899,
            10063.34625: -0.017256899,
            10072.84983: -0.017256899,
            10087.35531: -0.017256899,
            10098.859649999999: -0.017256899,
            10110.86415: -0.017256899,
            10129.87131: -0.017256899,
            10160.883: -0.017256899,
            10188.39336: -0.017256899,
            10215.40353: -0.017256899,
            10241.41332: -0.017256899,
            10255.91877: -0.017256899,
            10271.92479: -0.017256899,
            10291.432139999999: -0.017256899,
            10309.939110000001: -0.017256899,
            10318.44231: -0.017256899,
            10325.94513: -0.017256899,
            10332.94779: -0.017256899,
            10344.4521: -0.017256899,
            10346.95305: -0.017256899,
            10365.960210000001: -0.017256899,
            10381.466040000001: -0.017256899,
            10393.97076: -0.017256899,
            10405.47507: -0.017256899,
            10420.48071: -0.017256899,
            10432.98543: -0.017256899,
            10453.993320000001: -0.017256899,
            10476.50178: -0.017256899,
            10502.01138: -0.017256899,
            10533.523229999999: -0.017256899,
            10563.034319999999: -0.017256899,
            10576.039200000001: -0.017256899,
            10591.04484: -0.017256899,
            10607.55105: -0.017256899,
            10624.557449999998: -0.017256899,
            10646.56569: -0.017256899,
            10667.57358: -0.017256899,
            10724.09481: -0.017256899,
            10784.61756: -0.017256899,
            10844.1399: -0.017256899,
            10902.661919999999: -0.017256899,
            10940.17599: -0.017256899,
            10979.19066: -0.017256899,
            11012.70327: -0.017256899,
            11066.223390000001: -0.017256899,
            11094.734100000001: -0.017256899,
            11121.24408: -0.017256899,
            11167.761569999999: -0.017256899,
            11209.27719: -0.017256899,
            11259.796170000001: -0.017256899,
            11290.807859999999: -0.017256899,
            11325.82104: -0.017256899,
            11359.33365: -0.017256899,
            11380.84173: -0.017256899,
            11444.865839999999: -0.017256899,
            11456.37015: -0.017256899,
            11483.88051: -0.017256899,
            11496.88539: -0.017256899,
            11508.88992: -0.017256899,
            11517.39309: -0.017256899,
            11522.39499: -0.017256899,
            11545.40364: -0.017256899,
            11568.412260000001: -0.017256899,
            11580.91698: -0.017256899,
            11597.42316: -0.017256899,
            11614.929750000001: -0.017256899,
            11638.93878: -0.017256899,
            11704.96356: -0.017256899,
            11733.47427: -0.017256899,
            11760.48441: -0.017256899,
            11794.997370000001: -0.017256899,
            11834.01204: -0.017256899,
            11892.534: -0.017256899,
            11976.565560000001: -0.017256899,
            12001.57497: -0.017256899,
            12026.084159999999: -0.017256899,
            12041.0898: -0.017256899,
            12054.09468: -0.017256899,
            12074.10219: -0.017256899,
            12111.61629: -0.017256899,
            12129.62304: -0.017256899,
            12149.13036: -0.017256899,
            12161.63505: -0.017256899,
            12172.13901: -0.017256899,
            12182.64294: -0.017256899,
            12197.14839: -0.017256899,
            12220.6572: -0.017256899,
            12235.66284: -0.017256899,
            12252.66921: -0.017256899,
            12263.17317: -0.017256899,
            12282.1803: -0.017256899,
            12331.69887: -0.017256899,
            12356.70825: -0.017256899,
            12393.722160000001: -0.017256899,
            12420.23211: -0.017256899,
            12447.24222: -0.017256899,
            12477.75366: -0.017256899,
            12504.26361: -0.017256899,
            12548.780340000001: -0.017256899,
            12577.29102: -0.017256899,
            12600.79983: -0.017256899,
            12616.30566: -0.017256899,
            12633.81222: -0.017256899,
            12657.821249999999: -0.017256899,
            12687.8325: -0.017256899,
            12705.33906: -0.017256899,
            12717.84375: -0.017256899,
            12729.848250000001: -0.017256899,
            12745.354080000001: -0.017256899,
            12755.85801: -0.017256899,
            12797.373599999999: -0.017256899,
            12805.876769999999: -0.017256899,
            12822.382979999998: -0.017256899,
            12855.39534: -0.017256899,
            12872.401740000001: -0.017256899,
            12884.90643: -0.017256899,
            12902.91318: -0.017256899,
            12917.4186: -0.017256899,
            12926.92218: -0.017256899,
            12943.42836: -0.017256899,
            12972.43923: -0.017256899,
            12975.94053: -0.017256899,
            13004.95143: -0.017256899,
            13014.454979999999: -0.017256899,
            13018.95666: -0.017256899,
            13028.46024: -0.017256899,
            13037.4636: -0.017256899,
            13051.46883: -0.017256899,
            13067.47485: -0.017256899,
            13085.981759999999: -0.017256899,
            13102.98813: -0.017256899,
            13114.99263: -0.017256899,
            13121.99526: -0.017256899,
            13126.496939999999: -0.017256899,
            13130.498430000001: -0.017256899,
            13137.501059999999: -0.017256899,
            13150.00575: -0.017256899,
            13175.515290000001: -0.017256899,
            13198.52388: -0.017256899,
            13222.03266: -0.017256899,
            13245.04125: -0.017256899,
            13271.05098: -0.017256899,
            13280.554530000001: -0.017256899,
            13303.06296: -0.017256899,
            13312.56648: -0.017256899,
            13352.08125: -0.017256899,
            13392.59637: -0.017256899,
            13423.60794: -0.017256899,
            13448.117100000001: -0.017256899,
            13466.123819999999: -0.017256899,
            13490.13279: -0.017256899,
            13508.13948: -0.017256899,
            13535.64975: -0.017256899,
            13553.156280000001: -0.017256899,
            13567.661699999999: -0.017256899,
            13588.66953: -0.017256899,
            13601.17419: -0.017256899,
            13614.67923: -0.017256899,
            13624.68297: -0.017256899,
            13639.68855: -0.017256899,
            13656.1947: -0.017256899,
            13674.70158: -0.017256899,
            13679.203259999998: -0.017256899,
            13685.705699999999: -0.017256899,
            13692.208110000001: -0.017256899,
            13702.21185: -0.017256899,
            13714.21632: -0.017256899,
            13727.72133: -0.017256899,
            13748.22897: -0.017256899,
            13768.23642: -0.017256899,
            13775.23902: -0.017256899,
            13793.24571: -0.017256899,
            13799.74815: -0.017256899,
            13808.25129: -0.017256899,
            13816.75446: -0.017256899,
            13824.25725: -0.017256899,
            13832.76042: -0.017256899,
            13846.76562: -0.017256899,
            13860.77082: -0.017256899,
            13868.27361: -0.017256899,
            13879.777890000001: -0.017256899,
            13891.282169999999: -0.017256899,
            13905.78756: -0.017256899,
            13917.29184: -0.017256899,
            13933.79799: -0.017256899,
            13953.80541: -0.017256899,
            13970.31156: -0.017256899,
            13989.81879: -0.017256899,
            14024.83182: -0.017256899,
            14049.84111: -0.017256899,
            14075.850779999999: -0.017256899,
            14112.36435: -0.017256899,
            14154.379949999999: -0.017256899,
            14183.89092: -0.017256899,
            14215.90281: -0.017256899,
            14247.41451: -0.017256899,
            14274.42456: -0.017256899,
            14294.43198: -0.017256899,
            14317.44054: -0.017256899,
            14339.94891: -0.017256899,
            14369.459879999999: -0.017256899,
            14393.468789999999: -0.017256899,
            14438.48553: -0.017256899,
            14495.50674: -0.017256899,
            14540.02326: -0.017256899,
            14570.534609999999: -0.017256899,
            14594.04336: -0.017256899,
            14613.55062: -0.017256899,
            14641.06083: -0.017256899,
            14663.5692: -0.017256899,
            14691.57963: -0.017256899,
            14707.585560000001: -0.017256899,
            14721.590760000001: -0.017256899,
            14743.59894: -0.017256899,
            14770.1088: -0.017256899,
            14793.61755: -0.017256899,
            14815.62573: -0.017256899,
            14832.131850000002: -0.017256899,
            14853.63984: -0.017256899,
            14902.157879999999: -0.017256899,
            14921.665140000001: -0.017256899,
            14937.67107: -0.017256899,
            14963.18058: -0.017256899,
            14980.687080000002: -0.017256899,
            15001.19469: -0.017256899,
            15030.205469999999: -0.017256899,
            15046.211430000001: -0.017256899,
            15065.71869: -0.017256899,
            15096.23004: -0.017256899,
            15122.7399: -0.017256899,
            15142.74732: -0.017256899,
            15162.254579999999: -0.017256899,
            15172.25829: -0.017256899,
            15180.26127: -0.017256899,
            15188.76441: -0.017256899,
            15204.27018: -0.017256899,
            15232.28061: -0.017256899,
            15253.7886: -0.017256899,
            15272.79564: -0.017256899,
            15289.30176: -0.017256899,
            15304.80753: -0.017256899,
            15321.813839999999: -0.017256899,
            15368.831280000002: -0.017256899,
        }
        matrix4d xformOp:transform = ( (-0.07209746492953908, -0.037664857095764476, -0.9966861605644226, 0), (0.20198702065285978, -0.9791322214946572, 0.022390324622392654, 0), (-0.9767308458431092, -0.1997033501974368, 0.07820076495409012, 0), (-0.3935314047050884, -1.1129346256742618, 0.044031430035829544, 1) )
        matrix4d xformOp:transform.timeSamples = {
            0: ( (-0.07209746492953908, -0.037664857095764476, -0.9966861605644226, 0), (0.20198702065285978, -0.9791322214946572, 0.022390324622392654, 0), (-0.9767308458431092, -0.1997033501974368, 0.07820076495409012, 0), (-0.3935314047050884, -1.1129346256742618, 0.044031430035829544, 1) ),
            91.53582: ( (-0.08998245155841109, -0.04924154349906221, -0.9947252869606018, 0), (0.40343928985245014, -0.9149640698332462, 0.00879819504916668, 0), (-0.9105711701871284, -0.4005196058065801, 0.10219668596982956, 0), (-0.3683754817650202, -1.0707755931650214, 0.031805578619241714, 1) ),
            116.04537: ( (-0.08676799285064618, -0.04781352745898104, -0.9950804710388184, 0), (0.5585486871656598, -0.8294244737199523, -0.0088499765843153, 0), (-0.8249209652404537, -0.5565687984623338, 0.09867368638515472, 0), (-0.3456087884347223, -1.0265127581053424, 0.02481197565793991, 1) ),
            141.05514000000002: ( (-0.07153657850034012, -0.07296755755921325, -0.9947654008865356, 0), (0.692553066973205, -0.7213602159922585, 0.003109291661530733, 0), (-0.717811053676197, -0.6887054016579164, 0.10213755071163177, 0), (-0.3631482177275176, -0.8684063433270302, 0.03096664324402809, 1) ),
            165.56472000000002: ( (-0.07027259675233899, -0.07779579908372747, -0.9944896101951599, 0), (0.7980709977887646, -0.6024922007418123, -0.009262198582291603, 0), (-0.5984516592096973, -0.7943241892072841, 0.10442526638507843, 0), (-0.390539073970972, -0.7837412193627156, 0.029131688177585602, 1) ),
            200.57838: ( (-0.04851399623410346, -0.06753095316805036, -0.9965369701385498, 0), (0.9000045119058875, -0.4356461997842196, -0.014292707666754723, 0), (-0.43317232863324406, -0.8975811636972786, 0.08191310614347458, 0), (-0.40786029061025886, -0.7492255849667799, 0.02753261849284172, 1) ),
            223.08717: ( (-0.012968220412962861, -0.06264438117753235, -0.9979516267776489, 0), (0.9684494758977955, -0.24919128595072593, 0.0030576311983168125, 0), (-0.24887238944823054, -0.9664260679706302, 0.06389948725700378, 0), (-0.3759442899833756, -0.7660831381744595, 0.03104574978351593, 1) ),
            246.09615000000002: ( (-0.010512502556992098, -0.04953540886064389, -0.9987170696258545, 0), (0.9997892278300355, -0.018134994482778666, -0.009624307975172997, 0), (-0.01763499161430815, -0.9986077126474839, 0.04971561208367348, 0), (-0.38164972740099223, -0.7842242706672078, 0.027636166661977768, 1) ),
            264.10317: ( (0.0007053260208834677, -0.05301181787013454, -0.9985936284065247, 0), (0.9874445188170551, 0.15777936145854632, -0.007678499445319176, 0), (0.15796450713988186, -0.9860503939178908, 0.05245751887559891, 0), (-0.4145535370853919, -0.7823813167439306, 0.024478435516357422, 1) ),
            317.62401: ( (0.00416168168276887, -0.043712688974257286, -0.9990354776382446, 0), (0.9345902005041014, 0.3555349734594122, -0.011663172394037247, 0), (0.3557018745159519, -0.9336401951541715, 0.042333073914051056, 0), (-0.5148516287242675, -0.770297447057045, 0.03525184839963913, 1) ),
            366.14288999999997: ( (0.023124146670806894, -0.047026379709782046, -0.9986259341239929, 0), (0.8761088115863933, 0.48210736267138254, -0.0024158144369721413, 0), (0.48155852038675295, -0.8748491139718757, 0.0523485504090786, 0), (-0.5212674411897371, -0.7698746272813874, 0.035525888204574585, 1) ),
            454.67736: ( (0.05120971208236946, -0.025914174435978432, -0.9983516335487366, 0), (0.7772453313874155, 0.6287568204742926, 0.023547612130641937, 0), (0.6271102122837919, -0.7771700556874941, 0.052340127527713776, 0), (-0.5978292872618232, -0.8164271127514242, 0.038921259343624115, 1) ),
            551.7150899999999: ( (0.04419691932782788, -0.020762272716421504, -0.9988070726394653, 0), (0.5869634520642464, 0.8095617786235323, 0.00914454273879528, 0), (0.8084061332264234, -0.5866673750099558, 0.04796683043241501, 0), (-0.5959422508617926, -0.8121407647595085, 0.0385759212076664, 1) ),
            639.74928: ( (0.05459113763034795, -0.048691791255920935, -0.9973208904266357, 0), (0.37019595809456973, 0.9286152199496343, -0.025073697790503502, 0), (0.9273482661814718, -0.36783532024636756, 0.06871966272592545, 0), (-0.5847137844702388, -0.8017264330657099, 0.03352537751197815, 1) ),
            746.29065: ( (0.06603593503501914, -0.048851221772266196, -0.9966207146644592, 0), (0.1376652701025165, 0.9896952628634779, -0.03939008340239525, 0), (0.9882750061433434, -0.1345988972402985, 0.0720805674791336, 0), (-0.6230930199171709, -0.8270491073861379, 0.03084828332066536, 1) ),
            803.81298: ( (0.05923471080877851, -0.011621325351778289, -0.9981764554977417, 0), (-0.11403950078726588, 0.9933070556242196, -0.018332071602344513, 0), (0.9917087404440927, 0.11491743134447674, 0.05751296505331993, 0), (-0.6133238890880328, -0.8269811621410135, 0.03562359884381294, 1) ),
            887.84556: ( (0.05952775862689497, -0.008122994201782197, -0.998193621635437, 0), (-0.3505079231438959, 0.9361253509458702, -0.0285206139087677, 0), (0.9346660377102438, 0.3515725483716352, 0.05287827551364899, 0), (-0.6121495573302989, -0.8562361451045275, 0.03561827167868614, 1) ),
            983.88279: ( (0.06611065814706918, -0.01837127999340704, -0.9976431727409363, 0), (-0.5724716743552372, 0.8182094948729808, -0.05300295725464821, 0), (0.8172548506800248, 0.5746265217368207, 0.043575335294008255, 0), (-0.5967147426085431, -0.871036324770345, 0.036155879497528076, 1) ),
            1063.4135999999999: ( (0.066293693262658, 0.009751200482339129, -0.9977524876594543, 0), (-0.748466083475094, 0.6617604001944812, -0.04326285794377327, 0), (0.659851203838917, 0.7496519637239363, 0.051168981939554214, 0), (-0.6659425881899588, -0.9644923836658381, 0.047761671245098114, 1) ),
            1126.93821: ( (0.06024084809541408, 0.018140502761324062, -0.9980190396308899, 0), (-0.8631954041241006, 0.5030389126822339, -0.04295934736728668, 0), (0.5012631217362546, 0.8640733459208185, 0.045962292701005936, 0), (-0.674664057437492, -0.9431556400763208, 0.049034878611564636, 1) ),
            1188.9622200000001: ( (0.04963969755848996, 0.020045203693508484, -0.9985660314559937, 0), (-0.9365593844211872, 0.34826859337468363, -0.039566148072481155, 0), (0.3469760789256462, 0.9371804006510835, 0.036061469465494156, 0), (-0.6786797108598481, -0.9428050313209848, 0.0497380867600441, 1) ),
            1281.49803: ( (0.032145359241156524, 0.013252857138142227, -0.9993953108787537, 0), (-0.9893312170428779, 0.14257576297366015, -0.029930969700217247, 0), (0.14209288970844725, 0.989695119586596, 0.017694616690278053, 0), (-0.628494870858014, -0.9336977258623476, 0.04903075098991394, 1) ),
            1360.52859: ( (0.033381852570692705, 0.017526752009365043, -0.9992889761924744, 0), (-0.9993904508938236, -0.009634429034495184, -0.03355422243475914, 0), (-0.01021566536308427, 0.9997999441027048, 0.01719445362687111, 0), (-0.6294357552739362, -0.9980720120316744, 0.04981173947453499, 1) ),
            1434.05703: ( (0.032416070921840734, 0.0094699879248471, -0.9994295835494995, 0), (-0.975094848183442, -0.21921239537054404, -0.03370390832424164, 0), (-0.21940649816925273, 0.9756311888874727, 0.0021281333174556494, 0), (-0.6717013654448798, -0.990997614080261, 0.052127353847026825, 1) ),
            1488.5781: ( (0.023503598998761366, 0.00197368814813198, -0.9997218251228333, 0), (-0.922415021362867, -0.38554711863708047, -0.022447269409894943, 0), (-0.38548415150796433, 0.9226859922111137, -0.007241185288876295, 0), (-0.6800438035520342, -0.947757614456699, 0.04806177690625191, 1) ),
            1543.59936: ( (0.035563596228408156, 0.012027861827306474, -0.9992950558662415, 0), (-0.8479300792427005, -0.5288470168543085, -0.03654210641980171, 0), (-0.5289137211801624, 0.848631885908203, -0.008608916774392128, 0), (-0.6666475681551551, -0.9392154220538815, 0.040037769824266434, 1) ),
            1612.12584: ( (0.03269684795100969, 0.04553584537300037, -0.9984274506568909, 0), (-0.7520576159911263, -0.6568331604233295, -0.054585203528404236, 0), (-0.6582858313445881, 0.7526597178275276, 0.012769205495715141, 0), (-0.6535316405604741, -0.990524609798551, 0.04074952006340027, 1) ),
            1674.1497900000002: ( (0.03217019872182858, 0.06472784330595438, -0.997384250164032, 0), (-0.6479311208724319, -0.7584643689111026, -0.07012125849723816, 0), (-0.7610192551631556, 0.6484921517763667, 0.017539234831929207, 0), (-0.5868600912626614, -1.0978855082292636, 0.04316531866788864, 1) ),
            1738.1744999999999: ( (0.00853085214635163, 0.06988326215034357, -0.9975187182426453, 0), (-0.515005330227357, -0.8547728583629954, -0.06428726762533188, 0), (-0.8571445279338654, 0.5142758628111359, 0.028698310256004333, 0), (-0.5751561393561921, -1.1236883545494472, 0.04824414849281311, 1) ),
            1779.69051: ( (-0.005975319444327942, 0.06558027293828261, -0.9978293776512146, 0), (-0.4032908206544157, -0.9132567678171633, -0.057606879621744156, 0), (-0.9150523167654256, 0.4020712449820252, 0.0319049246609211, 0), (-0.6297903814959169, -1.0702417517639593, 0.04733658954501152, 1) ),
            1832.2107899999999: ( (-0.01648829041403474, 0.04111336433256699, -0.9990184307098389, 0), (-0.22533914208432293, -0.973602091758174, -0.03634827956557274, 0), (-0.9741408266524729, 0.22451862512891552, 0.025317486375570297, 0), (-0.6390318980682824, -1.0584006132110364, 0.05158621445298195, 1) ),
            1876.22778: ( (-0.012680665505488159, 0.023872312588995054, -0.9996345639228821, 0), (-0.034841362983520696, -0.9991184309090073, -0.023418013006448746, 0), (-0.9993123788972831, 0.034531701492856115, 0.01350123155862093, 0), (-0.6859519639816696, -1.0955485273456491, 0.07247897237539291, 1) ),
            1930.74879: ( (-0.04557706733451805, 0.022303218126309976, -0.9987118244171143, 0), (0.15515914573121314, -0.9874597959814135, -0.02913275919854641, 0), (-0.9868375331778605, -0.1562870792876101, 0.04154497757554054, 0), (-0.6330068280613268, -1.0798135613658402, 0.06948130577802658, 1) ),
            1983.76923: ( (-0.0366609242893966, -0.013716981591172739, -0.999233603477478, 0), (0.3669692951791266, -0.9302327546922751, -0.0006939799641259015, 0), (-0.9295103478368612, -0.36671352899296306, 0.03913690522313118, 0), (-0.5245964238865723, -1.0758381184205352, 0.08035743981599808, 1) ),
            2082.30717: ( (0.01882862968698773, -0.11174411599365652, -0.9935586452484131, 0), (0.20717932201309175, -0.9717298891264345, 0.11321526765823364, 0), (-0.9781217616330888, -0.20797649440892663, 0.004854730796068907, 0), (-0.4642783274702922, -1.0499794586680478, 0.3938091993331909, 1) ),
            2127.8247: ( (0.06484166435478933, -0.05451257426752054, -0.9964054822921753, 0), (0.2693751549798211, -0.9604822615342794, 0.07007699459791183, 0), (-0.9608498879199256, -0.2729508209916194, -0.047594938427209854, 0), (-0.4340631703179194, -1.015474661249835, 0.4609990417957306, 1) ),
            2164.33878: ( (0.06964834958036414, -0.05256395569691774, -0.9961857795715332, 0), (0.415414578162872, -0.906378443898554, 0.07686897367238998, 0), (-0.9069618513109354, -0.4191838843145952, -0.04129192978143692, 0), (-0.3984690521295442, -0.9824140780661454, 0.4615035951137543, 1) ),
            2206.8551399999997: ( (0.06258477333387691, -0.03453548390437722, -0.9974419474601746, 0), (0.5557036670739264, -0.8289465194453658, 0.06356927007436752, 0), (-0.8290214232853119, -0.5582606155160181, -0.03268793597817421, 0), (-0.36239908251153174, -0.969739260713018, 0.46237027645111084, 1) ),
            2259.37536: ( (0.07972280874442483, -0.04670425022175695, -0.9957223534584045, 0), (0.7287368154838454, -0.6788290947841666, 0.0901869386434555, 0), (-0.6801374283569874, -0.7328094928921853, -0.020083054900169373, 0), (-0.38408699205566754, -0.964882096898035, 0.48264163732528687, 1) ),
            2322.8998199999996: ( (0.08155222656798555, -0.025867264944475554, -0.9963333606719971, 0), (0.8723363232307655, -0.4816521092063688, 0.08390765637159348, 0), (-0.48205654807463816, -0.875980635309638, -0.016714850440621376, 0), (-0.33744356521967456, -0.9942931698708892, 0.47108975052833557, 1) ),
            2393.42694: ( (0.09427904144440258, -0.04036711727050979, -0.9947270750999451, 0), (0.9620466250210136, -0.25332144205793483, 0.10146169364452362, 0), (-0.2560814305237109, -0.9665395409846447, 0.01495214831084013, 0), (-0.33551470284519436, -0.9894718838405199, 0.47078046202659607, 1) ),
            2441.9456099999998: ( (0.06623870217540206, -0.020926113535211677, -0.997584342956543, 0), (0.9935214597886777, -0.09114416574388784, 0.06788084656000137, 0), (-0.09234445610399789, -0.9956177673730373, 0.01475327368825674, 0), (-0.3281268899760681, -0.9675882296676521, 0.46331584453582764, 1) ),
            2504.96985: ( (0.07716810723093581, -0.0055867377018332665, -0.9970024228096008, 0), (0.9941592496822462, 0.07610375609377407, 0.07652159780263901, 0), (0.07544812801647716, -0.9970842072931116, 0.01142689399421215, 0), (-0.33189533773882474, -0.8654592575386536, 0.47114798426628113, 1) ),
            2568.99447: ( (0.06915920511960272, 0.010808553444662361, -0.9975470900535583, 0), (0.9709378338505967, 0.22892871688674354, 0.06979487836360931, 0), (0.2291215548615817, -0.9733831346514457, 0.005338096525520086, 0), (-0.3231520315795344, -0.7964108384513895, 0.46343860030174255, 1) ),
            2618.0133: ( (0.09262057594801298, 0.027661221466870778, -0.9953171610832214, 0), (0.8793046183867426, 0.4667302300820171, 0.09479594230651855, 0), (0.467166785822585, -0.883967032239434, 0.018906183540821075, 0), (-0.3151202768613599, -0.7922182427253341, 0.47268229722976685, 1) ),
            2662.0302: ( (0.09718728482092062, 0.05118923620488894, -0.9939488172531128, 0), (0.7661599092855935, 0.6335874898019123, 0.10754463821649551, 0), (0.6352586903600317, -0.7719757372297993, 0.022357508540153503, 0), (-0.31245161399922283, -0.7951497781698769, 0.47295016050338745, 1) ),
            2710.5488400000004: ( (0.07388435397418092, 0.09124485401515181, -0.9930838346481323, 0), (0.6041674210313666, 0.7881667277082833, 0.11736641079187393, 0), (0.7934247278575821, -0.6086604689343833, 0.0031060189940035343, 0), (-0.30749076191459235, -0.8066299064796327, 0.4731813073158264, 1) ),
            2755.06596: ( (0.043147817370596364, 0.10068552621072957, -0.9939822554588318, 0), (0.42762616177501656, 0.8973044437109792, 0.10945539176464081, 0), (0.9029253245192024, -0.42977558236718494, -0.004339032340794802, 0), (-0.32402786707958864, -0.8186981984028074, 0.4697962701320648, 1) ),
            2797.0821: ( (0.015307415986532735, 0.09349083785077594, -0.9955024719238281, 0), (0.18534116924496757, 0.9780998324811812, 0.09470641613006592, 0), (0.9825549893018, -0.1859572921790864, -0.0023555199149996042, 0), (-0.35476464018629805, -0.7822135640913483, 0.4760335683822632, 1) ),
            2861.10669: ( (0.024324383974809294, 0.09271708385103672, -0.995395302772522, 0), (-0.06055195498489141, 0.9939984418143517, 0.09110727161169052, 0), (0.9978685817142221, 0.05805699911054063, 0.029792597517371178, 0), (-0.41439806105661603, -0.7443994883732756, 0.48032253980636597, 1) ),
            2932.63416: ( (0.01788505864386991, 0.09859882402311726, -0.9949665069580078, 0), (-0.3303186678045078, 0.9398330136632262, 0.08719757199287415, 0), (0.9436999703336397, 0.32709648221758414, 0.04937800392508507, 0), (-0.419725638777396, -0.7064763838385923, 0.47754383087158203, 1) ),
            2987.6553: ( (-0.01664673398701577, 0.10491273798419432, -0.9943420886993408, 0), (-0.5521630313447541, 0.8281188170708149, 0.09661858528852463, 0), (0.8335699127890192, 0.5506473273210496, 0.04414346441626549, 0), (-0.40767547595834586, -0.7055531278061089, 0.47688543796539307, 1) ),
            3042.67644: ( (-0.06388598409881374, 0.06058547746242593, -0.9961164593696594, 0), (-0.7187266589681345, 0.6896956977557869, 0.08804403245449066, 0), (0.6923514208683565, 0.721560223053447, -0.0005174915422685444, 0), (-0.4278163575062255, -0.7112411890210648, 0.47051355242729187, 1) ),
            3114.7041: ( (-0.08139056694699742, 0.010911073897511114, -0.9966225624084473, 0), (-0.852448975749228, 0.5173620606557545, 0.07528053969144821, 0), (0.5164361233249366, 0.8556970219797861, -0.03280726075172424, 0), (-0.5472831352413614, -0.7476154868562013, 0.4707677662372589, 1) ),
            3159.72138: ( (-0.08135434140555353, 0.029570443697815252, -0.9962464570999146, 0), (-0.9272042738607738, 0.36442305595990376, 0.08653305470943451, 0), (0.3656140062970188, 0.9307638490933776, -0.002229552948847413, 0), (-0.568795830865005, -0.7546397695608977, 0.46683019399642944, 1) ),
            3207.7398000000003: ( (-0.06767817459843872, 0.02697987398302848, -0.9973423480987549, 0), (-0.9804873739674704, 0.1831224796110078, 0.07148821651935577, 0), (0.18456455404237815, 0.9827198113997717, 0.01406003162264824, 0), (-0.6069644517799979, -0.74632029069544, 0.45914793014526367, 1) ),
            3231.24882: ( (-0.06588769220942226, 0.024158246544395467, -0.9975345730781555, 0), (-0.9947125800570404, 0.07733408404983066, 0.06757418066263199, 0), (0.07877585369514861, 0.9967125055976496, 0.018935149535536766, 0), (-0.623663549552818, -0.7436030743144553, 0.45619434118270874, 1) ),
            3269.26341: ( (-0.061789876419357403, 0.01967973960200342, -0.9978951215744019, 0), (-0.9934513009079673, -0.09748470706659518, 0.059592194855213165, 0), (-0.09610674673183084, 0.9950423876426449, 0.02557443082332611, 0), (-0.6385841050680376, -0.7314570831307883, 0.45046958327293396, 1) ),
            3340.79088: ( (-0.05378728335687755, 0.021797922728324037, -0.9983144402503967, 0), (-0.9771579857836254, -0.20699277302778007, 0.048127781599760056, 0), (-0.20559479606788145, 0.9780995966831121, 0.03243359550833702, 0), (-0.6151116652887056, -0.8232175472061831, 0.4434342682361603, 1) ),
            3406.31601: ( (-0.07096203167908222, 0.02447644090580159, -0.9971786737442017, 0), (-0.883172836952407, -0.4662222323461842, 0.05140531063079834, 0), (-0.463648644561216, 0.8843289339015232, 0.05470100790262222, 0), (-0.6418116498268525, -0.8314695749826022, 0.43681278824806213, 1) ),
            3444.83079: ( (-0.07480851750639861, 0.002028274955586884, -0.997195839881897, 0), (-0.7934446967705941, -0.6058445537258219, 0.05829106271266937, 0), (-0.6040274488050965, 0.7955804232128632, 0.04693165794014931, 0), (-0.6465063769952053, -0.8300645288887694, 0.43528345227241516, 1) ),
            3481.34478: ( (-0.07687416556223736, 0.0015304157239719451, -0.9970396161079407, 0), (-0.6761958729863782, -0.7349538814988517, 0.05100821703672409, 0), (-0.7327001055652698, 0.6781153062886549, 0.057533830404281616, 0), (-0.6605734102529119, -0.8388089837282529, 0.42786335945129395, 1) ),
            3563.87643: ( (-0.08118440304120766, -0.004459452794533414, -0.9966891407966614, 0), (-0.5451402657797217, -0.8369610113275101, 0.04814869165420532, 0), (-0.8344046707417796, 0.5472442734947656, 0.06551715731620789, 0), (-0.656514497650333, -0.8326862328473599, 0.42222514748573303, 1) ),
            3584.38428: ( (-0.081729261021807, -0.021171263575514132, -0.9964296817779541, 0), (-0.39625677447956775, -0.9166672004077228, 0.05197835713624954, 0), (-0.9144948355308884, 0.39909019932296275, 0.0665292739868164, 0), (-0.6407369353166033, -0.8377086725196179, 0.4216457009315491, 1) ),
            3661.9139099999998: ( (-0.08543502184475171, -0.13759667261857134, -0.9867968559265137, 0), (-0.3069822394473718, -0.9386000441595144, 0.15745417773723602, 0), (-0.9478727567092626, 0.3163811674253232, 0.0379495806992054, 0), (-0.5971050695371742, -0.907980318055345, 0.14506466686725616, 1) ),
            3686.9234699999997: ( (-0.12683850388514095, 0.03709166644748585, -0.9912296533584595, 0), (-0.4422024834718101, -0.8966194027412584, 0.023033205419778824, 0), (-0.8879013969895801, 0.4412456975449395, 0.1301279067993164, 0), (-0.5372289938861456, -0.9636031680243491, -0.08630774170160294, 1) ),
            3731.4404999999997: ( (-0.15028685237999428, -0.039456209436954603, -0.9878547787666321, 0), (-0.35314130870064986, -0.9311420265173638, 0.09091603010892868, 0), (-0.9234202883345297, 0.36251577657268896, 0.12600478529930115, 0), (-0.4523944954916679, -0.9882263119725838, -0.3289610743522644, 1) ),
            3745.44585: ( (-0.17374205026046585, 0.03037168618107078, -0.984322726726532, 0), (-0.3151739787938439, -0.9486677161268346, 0.02635958231985569, 0), (-0.9329946368271784, 0.31481267686433156, 0.1743958443403244, 0), (-0.44820841439118064, -0.9909213799284369, -0.4424845278263092, 1) ),
            3842.48289: ( (-0.10991319122729548, -0.018892232303336254, -0.9937615990638733, 0), (-0.12696222811639046, -0.9913621069950693, 0.03288904204964638, 0), (-0.9857990031886388, 0.12978508610577677, 0.10656517744064331, 0), (-0.5458074652684479, -0.9941971296835177, -0.4817502498626709, 1) ),
            3877.49628: ( (-0.06971453208989903, -0.04790006786869477, -0.9964163303375244, 0), (0.0255497842192014, -0.9986045874559366, 0.0462176650762558, 0), (-0.9972397007012574, -0.022236172812668542, 0.07084108889102936, 0), (-0.542693962812449, -0.9852279430011903, -0.45106348395347595, 1) ),
            3932.5172700000003: ( (-0.07139464883799601, -0.033696666612023474, -0.9968788027763367, 0), (0.19507378150355414, -0.9806010875717117, 0.019175617024302483, 0), (-0.9781865646300947, -0.19309585591648748, 0.07658300548791885, 0), (-0.43818624787612226, -1.0420622601339948, -0.4471459686756134, 1) ),
            3960.02778: ( (-0.04929017473713693, -0.050807824881937136, -0.9974913597106934, 0), (0.44997842632947593, -0.8927370413382172, 0.023236805573105812, 0), (-0.891678116508432, -0.4477042505556934, 0.06686559319496155, 0), (-0.46982245151324165, -1.0939828839605745, -0.45485907793045044, 1) ),
            3989.53905: ( (-0.01201289199915112, -0.045142403572172585, -0.9989083409309387, 0), (0.6518982363511858, -0.7578464134139979, 0.026408657431602478, 0), (-0.7582112397354175, -0.65086934003845, 0.038532186299562454, 0), (-0.4847777685575658, -1.0940184491370988, -0.4410704970359802, 1) ),
            4071.5703599999997: ( (-0.046811824217874665, -0.05615679893984116, -0.9973239302635193, 0), (0.8070003026965118, -0.5905328346085561, -0.004627103917300701, 0), (-0.5886927202707621, -0.8050573349346042, 0.07296247780323029, 0), (-0.4002378925856189, -1.0609852332751912, -0.4769011437892914, 1) ),
            4112.585999999999: ( (-0.02861816700030806, -0.06308614359324283, -0.9975976943969727, 0), (0.8832334990511548, -0.4689135248209091, 0.004315790720283985, 0), (-0.46805931518223787, -0.8809882168599401, 0.06913924217224121, 0), (-0.34779816472859126, -1.0070669119361866, -0.47356438636779785, 1) ),
            4145.5986: ( (-0.006927670196353208, -0.08898484053889932, -0.9960088729858398, 0), (0.970375665043747, -0.24114739958911713, 0.01479506865143776, 0), (-0.24150152484719456, -0.9664003199671214, 0.08801931887865067, 0), (-0.3316158404303433, -1.0301458264254197, -0.46938490867614746, 1) ),
            4181.11215: ( (0.024163317614909634, -0.04142763952922599, -0.9988492727279663, 0), (0.9904820274807378, -0.13443546235799175, 0.029536666348576546, 0), (-0.13550439026618832, -0.9900559669000266, 0.03778492659330368, 0), (-0.3334963888103317, -1.0484282444671607, -0.4623768925666809, 1) ),
            4221.12744: ( (0.03377629438433327, -0.020352189285518407, -0.9992221593856812, 0), (0.9958174532270423, 0.08560867825971563, 0.03191752731800079, 0), (0.08489247001668687, -0.9961209129899409, 0.023158608004450798, 0), (-0.35597737653493766, -1.0517088761098847, -0.4603353440761566, 1) ),
            4295.15568: ( (0.06511902256281499, -0.0500828366012932, -0.9966198801994324, 0), (0.9749128344281868, 0.21622527433224725, 0.05283478647470474, 0), (0.21284829893416024, -0.9750580793092869, 0.06290678679943085, 0), (-0.3121268212578374, -0.9202994984601193, -0.457024484872818, 1) ),
            4323.166380000001: ( (0.06375770283787974, -0.03339911357741121, -0.9974063634872437, 0), (0.9244759386693637, 0.37840321673067834, 0.046424541622400284, 0), (0.3758712409350746, -0.9250381062365225, 0.05500279739499092, 0), (-0.2901972487049569, -0.9285974607971961, -0.45576363801956177, 1) ),
            4357.17936: ( (0.07196466679347913, 0.010475894970684574, -0.9973521828651428, 0), (0.8058689582224394, 0.5885888005490374, 0.06433042138814926, 0), (0.5877042417427569, -0.8083646923542771, 0.03391540050506592, 0), (-0.28191469566080185, -0.9379732420754459, -0.44991254806518555, 1) ),
            4408.69905: ( (0.031276268594868456, 0.026672570851616756, -0.999154806137085, 0), (0.6567971385796092, 0.7529702896740567, 0.04066018387675285, 0), (0.7534183983299272, -0.6575136993923678, 0.006031634286046028, 0), (-0.3242246615560418, -0.9358394669588466, -0.44194677472114563, 1) ),
            4473.723870000001: ( (0.05098771943120928, 0.007322305315869859, -0.9986724257469177, 0), (0.5609654459532987, 0.8271114343750501, 0.0347047857940197, 0), (0.8262674991117649, -0.5619902001555062, 0.03806496784090996, 0), (-0.40173603242131417, -0.845572156762672, -0.44956082105636597, 1) ),
            4510.2378: ( (0.04888911733730439, 0.00533391931046745, -0.9987899661064148, 0), (0.40632796747238586, 0.9133915671969604, 0.024766940623521805, 0), (0.9124184268595172, -0.40704708726237016, 0.04248758777976036, 0), (-0.3978750451162827, -0.8346281714300248, -0.4486846923828125, 1) ),
            4541.24964: ( (0.04512461368090903, 0.013050479110978785, -0.9988961219787598, 0), (0.2562335534630584, 0.9663118888232312, 0.024199988692998886, 0), (0.9655610160760553, -0.2570427375939168, 0.04026047885417938, 0), (-0.38586275912343915, -0.8485691830308273, -0.44809189438819885, 1) ),
            4590.76854: ( (0.004787153252183485, 0.0332515168708063, -0.999435544013977, 0), (0.04662443564221874, 0.99835262857329, 0.03343881294131279, 0), (0.9989010145784114, -0.04675815591729915, 0.003228934481739998, 0), (-0.3749622479188268, -0.9042568127443822, -0.4360467493534088, 1) ),
            4705.812449999999: ( (0.03511960155770538, 0.031217809178257727, -0.9988954067230225, 0), (-0.1892978893170305, 0.9816257723526878, 0.024022676050662994, 0), (0.9812914593878883, 0.18824513296159928, 0.04038377106189728, 0), (-0.48282116688981125, -0.8747148526315454, -0.4327203333377838, 1) ),
            4761.83382: ( (0.0394327840962988, 0.026453634674559967, -0.9988719820976257, 0), (-0.3894257683753022, 0.9210137114439849, 0.009018191136419773, 0), (0.9202133624111566, 0.38863086688240944, 0.04661986604332924, 0), (-0.45550446123936084, -0.8845882278335999, -0.42017310857772827, 1) ),
            4819.35576: ( (-0.007098993914608442, 0.07474482993169307, -0.9971774220466614, 0), (-0.5650780644302671, 0.8224198721835165, 0.06566847115755081, 0), (0.8250068959793018, 0.5639492618381154, 0.03639831393957138, 0), (-0.36956153557162175, -0.9305736952283764, -0.42031896114349365, 1) ),
            4893.88422: ( (0.02273035838625903, 0.10316081505075259, -0.9944049119949341, 0), (-0.6801174962304515, 0.7306231253300979, 0.060249462723731995, 0), (0.7327506390294491, 0.6749427136935093, 0.08676880598068237, 0), (-0.4713560108609942, -0.9913579047240225, -0.4347386956214905, 1) ),
            4926.89679: ( (0.024536560566912113, 0.08706180714169265, -0.9959006905555725, 0), (-0.7987544766568551, 0.600760187601109, 0.032839201390743256, 0), (0.6011565736758175, 0.7946743908169349, 0.08428160101175308, 0), (-0.4821809255887599, -0.9698591808028546, -0.43032798171043396, 1) ),
            4957.90863: ( (0.02344259734904508, 0.07191861937902733, -0.9971349835395813, 0), (-0.8855481919670503, 0.46437457964593776, 0.012673940509557724, 0), (0.4639555959394137, 0.8827139474444259, 0.07457355409860611, 0), (-0.4829026508515455, -0.9440044346190815, -0.4442746639251709, 1) ),
            4986.91968: ( (-0.00011435785195079706, 0.04484926337645001, -0.9989937543869019, 0), (-0.9614193694254745, 0.2748050782875673, 0.012447276152670383, 0), (0.27508676154150535, 0.96045336358846, 0.04308752715587616, 0), (-0.4762380926211569, -0.9460681261354407, -0.416510671377182, 1) ),
            5010.92883: ( (-0.03618801680466566, 0.020628395076889405, -0.9991320967674255, 0), (-0.9763065438865297, 0.21270912345492832, 0.03975295275449753, 0), (0.21334453447038015, 0.9768977639081484, 0.012442117556929588, 0), (-0.45055629158820243, -0.931440647939304, -0.40882736444473267, 1) ),
            5085.95742: ( (-0.00425770101401679, 0.09782204585176912, -0.9951947927474976, 0), (-0.9964225627278083, 0.08358453220004947, 0.0124788424000144, 0), (0.08440362136708401, 0.9916876638689764, 0.09711621701717377, 0), (-0.5154305412999042, -1.0201105880681907, -0.435589462518692, 1) ),
            5137.4770499999995: ( (-0.03934537676232641, 0.11205322528594563, -0.9929229617118835, 0), (-0.9850433720336564, -0.17117481499040998, 0.019715743139386177, 0), (-0.16775416256948716, 0.9788478842207553, 0.11711222678422928, 0), (-0.5267943861184794, -1.057280826811853, -0.4368031919002533, 1) ),
            5181.4938: ( (-0.007527694274590324, 0.058590385688993774, -0.9982537031173706, 0), (-0.9343570231227947, -0.35606883245172405, -0.01385284774005413, 0), (-0.3562586772392722, 0.9326211083861997, 0.05742471665143967, 0), (-0.5466927554126463, -1.0409652160149894, -0.42855125665664673, 1) ),
            5224.5101700000005: ( (-0.018009055328209705, 0.030464979087734628, -0.9993735551834106, 0), (-0.8325548442518902, -0.553939425603811, -0.0018834066577255726, 0), (-0.5536497828222349, 0.8319993598568158, 0.03533969447016716, 0), (-0.5456681031361333, -1.0037506813197656, -0.4135195314884186, 1) ),
            5262.52464: ( (-0.018170610180497856, 0.02526097544767049, -0.9995157122612, 0), (-0.7407284472375739, -0.6717953227828684, -0.0035124183632433414, 0), (-0.6715587378386694, 0.7403059370176273, 0.030918456614017487, 0), (-0.5266339689269743, -1.0018768369070203, -0.4105025827884674, 1) ),
            5312.5437: ( (-0.044092885780253985, 0.07058818568005418, -0.9965305328369141, 0), (-0.6215156668355295, -0.7829027259964132, -0.02795625664293766, 0), (-0.7821598709955602, 0.6181267025323685, 0.07839210331439972, 0), (-0.445116888784014, -1.1235914842931152, -0.41114020347595215, 1) ),
            5348.05722: ( (-0.07107684848175701, 0.11847477018601875, -0.9904099106788635, 0), (-0.5009082045586286, -0.8628820690706771, -0.06727191805839539, 0), (-0.8625769728024579, 0.4913229741744445, 0.12067592144012451, 0), (-0.4236170863936115, -1.150469232981263, -0.3807818591594696, 1) ),
            5423.58597: ( (-0.22050437931693612, 0.08559526722821342, -0.9716230034828186, 0), (-0.3224062403608059, -0.9465462323272433, -0.010217837989330292, 0), (-0.9205606749423829, 0.31100425693130873, 0.236314058303833, 0), (-0.3437707952363347, -1.2734133574251736, -0.3524877429008484, 1) ),
            5460.09987: ( (-0.23921964384824168, 0.07926795834935607, -0.9677244424819946, 0), (-0.35471359044267814, -0.9349090241470677, 0.011104530654847622, 0), (-0.9038540866938334, 0.34592142025551453, 0.25176605582237244, 0), (-0.13694574462717668, -1.3317963665577324, -0.3881276845932007, 1) ),
            5500.61526: ( (-0.22301083595983417, 0.06544932911844636, -0.9726163148880005, 0), (-0.20166170193095923, -0.9792579557967329, -0.0196573194116354, 0), (-0.9537288086242448, 0.191755708894636, 0.23158375918865204, 0), (-0.0428230881131455, -1.4652728036159672, -0.423202246427536, 1) ),
            5578.6449600000005: ( (-0.23378976620950098, 0.06660572178501134, -0.9700031280517578, 0), (-0.19332353044118733, -0.9809153419821435, -0.020760251209139824, 0), (-0.9528736966595801, 0.1826709051015527, 0.2422044426202774, 0), (0.17384972375560181, -1.4879004004417808, -0.4544636011123657, 1) ),
            5598.6525599999995: ( (-0.23325446590716847, 0.04928811237213271, -0.9711658358573914, 0), (-0.029565228501901686, -0.9986123719823681, -0.04358008876442909, 0), (-0.971966162956349, 0.01854748336867118, 0.23438802361488342, 0), (0.2202616572712408, -1.5536389113288358, -0.4836467504501343, 1) ),
            5623.66209: ( (-0.28056653689680733, 0.010288799725555187, -0.9597794413566589, 0), (0.07089474090447467, -0.99698904882435, -0.031411923468112946, 0), (-0.9572127916054178, -0.07685643487337401, 0.27899235486984253, 0), (0.26874290352733254, -1.5599409598795049, -0.6529828310012817, 1) ),
            5652.67311: ( (-0.25510182595736985, 0.008628426757242735, -0.9668756723403931, 0), (0.0371763042492379, -0.9991332807367126, -0.018724936991930008, 0), (-0.9661992237877008, -0.04072163994803546, 0.2545599639415741, 0), (0.2994943875832874, -1.606288343478674, -0.8053433299064636, 1) ),
            5685.685649999999: ( (-0.24512972423362633, 0.02366294331011609, -0.9692014455795288, 0), (0.0979238850447679, -0.9939851316590911, -0.04903486743569374, 0), (-0.9645321520154067, -0.1069278546368313, 0.24133814871311188, 0), (0.2878924207708131, -1.6386424300633244, -0.9020189642906189, 1) ),
            5739.20601: ( (-0.2353721128722035, -0.011702545843354617, -0.9718348979949951, 0), (0.08941965646002714, -0.9959471153822896, -0.009663967415690422, 0), (-0.9677830599099924, -0.08917574960984886, 0.23546463251113892, 0), (0.24455061383398302, -1.68619428465664, -0.882228434085846, 1) ),
            5761.21437: ( (-0.21210763459346538, 0.01713121694391795, -0.9770961403846741, 0), (-0.038944050868405355, -0.9992002780005258, -0.009064801037311554, 0), (-0.9764699781076658, 0.03612938425007428, 0.21260516345500946, 0), (0.21700513798624854, -1.753445352079055, -0.8870527744293213, 1) ),
            5802.22998: ( (-0.21479089792133177, 0.023222922924055034, -0.9763839244842529, 0), (-0.18518354214777943, -0.9825504221477068, 0.01736821047961712, 0), (-0.9589431039270089, 0.18454076781070583, 0.2153434008359909, 0), (0.19737232011881645, -1.8035409090887384, -0.8884583115577698, 1) ),
            5841.744989999999: ( (-0.21503550181750253, 0.04465551586868788, -0.9755847454071045, 0), (-0.3451261157892489, -0.9379711105132813, 0.03313785418868065, 0), (-0.9135905510281077, 0.3438255571789597, 0.21710887551307678, 0), (0.13504319529204167, -1.8465283753648265, -0.8891798853874207, 1) ),
            5879.75946: ( (-0.18549587564145664, 0.04693967825378298, -0.9815232753753662, 0), (-0.4093804579911975, -0.9117386821033548, 0.033765535801649094, 0), (-0.8933078270447012, 0.408079803348933, 0.188339963555336, 0), (0.08246361608571107, -1.8730708404651537, -0.8726354241371155, 1) ),
            5963.29125: ( (-0.1911584439647065, 0.04739109836605948, -0.9804144501686096, 0), (-0.476443781060059, -0.8777553210460276, 0.050466880202293396, 0), (-0.8581723208347309, 0.47675950630974206, 0.19036954641342163, 0), (0.18204924047960702, -1.9740842370249894, -0.8548493981361389, 1) ),
            6039.82035: ( (-0.24255788900255748, 0.08533198760699445, -0.966376781463623, 0), (-0.2930462316813518, -0.9560365129218269, -0.010865144431591034, 0), (-0.9248186853146869, 0.2805576478161136, 0.256900429725647, 0), (0.141343490600498, -2.1674738483234606, -0.9044126868247986, 1) ),
            6114.34869: ( (-0.25217197272111846, 0.0733234404780827, -0.9649004936218262, 0), (-0.1455688502763337, -0.9886528359722107, -0.03708469867706299, 0), (-0.9566707950144462, 0.13110775016605203, 0.2599841356277466, 0), (0.15239211162639776, -2.3096000320969523, -0.9098899364471436, 1) ),
            6161.36658: ( (-0.41310126716415585, 0.02174153851064009, -0.9104255437850952, 0), (0.05993969494869589, -0.996898104398241, -0.051003918051719666, 0), (-0.9087103868111903, -0.07564038945264784, 0.4105166792869568, 0), (0.20821787784642964, -2.364369857434916, -0.7653703689575195, 1) ),
            6208.88466: ( (-0.44536598641312697, -0.0042605543159259796, -0.8953384757041931, 0), (0.09014939579687997, -0.9951203199602912, -0.040107425302267075, 0), (-0.8907986378096169, -0.09857671262941636, 0.443576842546463, 0), (0.2564131290829579, -2.3622348244922478, -0.6052525639533997, 1) ),
            6236.3951400000005: ( (-0.4136478784725375, -0.05730253416024045, -0.9086318612098694, 0), (0.1383252555965715, -0.9903867037038179, -0.0005131599609740078, 0), (-0.8998675017067015, -0.12589901559734784, 0.41759777069091797, 0), (0.30628344007102726, -2.3517765380074422, -0.5290148854255676, 1) ),
            6283.91322: ( (-0.4060536910579664, -0.0962362628899669, -0.908767819404602, 0), (0.16896686225288882, -0.9851998792206071, 0.028832808136940002, 0), (-0.8980927260078122, -0.14184398631368644, 0.4163048267364502, 0), (0.3392496036278345, -2.3166701181002907, -0.3631766736507416, 1) ),
            6368.44539: ( (-0.4919475350292517, -0.09702000453266546, -0.8652021288871765, 0), (0.10576921189258037, -0.9930707211877685, 0.051219046115875244, 0), (-0.8641761501029919, -0.06631464707404433, 0.4988004267215729, 0), (0.4053396993570928, -2.2316548713015507, -0.21938934922218323, 1) ),
            6529.0065: ( (-0.49108467564212877, -0.04102079232892475, -0.8701454401016235, 0), (0.005061869531068908, -0.9990081568278484, 0.04423891752958298, 0), (-0.8710970894158834, 0.017320480932184523, 0.4908052384853363, 0), (0.36911280371072763, -2.110459152772414, -0.2108941376209259, 1) ),
            6563.01945: ( (-0.4835673380928194, -0.023529547269386164, -0.8749908804893494, 0), (0.05367742435736744, -0.9985543255239548, -0.002812739694491029, 0), (-0.8736597181608712, -0.048327393704832744, 0.4841312766075134, 0), (0.3402231240433622, -1.936107923436353, -0.22082029283046722, 1) ),
            6647.051460000001: ( (-0.46481508950527406, 0.010476519586335442, -0.8853458166122437, 0), (-0.11637803820259052, -0.9919776267873317, 0.049361277371644974, 0), (-0.8777260478025752, 0.12597868624408903, 0.4623053967952728, 0), (0.2657792457474457, -1.6434689031701524, -0.24279913306236267, 1) ),
            6714.076980000001: ( (-0.4681352355372592, 0.0713591922308634, -0.8807708024978638, 0), (-0.2329226322434792, -0.9714491650299308, 0.045093994587659836, 0), (-0.8524062607427858, 0.22626153223499657, 0.4713907837867737, 0), (0.33688603168736364, -1.47819002757074, -0.2478983849287033, 1) ),
            6795.608039999999: ( (-0.45114908802183606, 0.15931815145170702, -0.8781128525733948, 0), (-0.45442474318820913, -0.8878390097524225, 0.07238753885030746, 0), (-0.7680902350140748, 0.4316937871722537, 0.472945898771286, 0), (0.41349014161323083, -1.2739938666308248, -0.2609105408191681, 1) ),
            6841.62558: ( (-0.3830011924882726, 0.3053918526588646, -0.8718060851097107, 0), (-0.708048918028501, -0.703190063963584, 0.06473349779844284, 0), (-0.5932763156172935, 0.6420743939407334, 0.4855550229549408, 0), (0.4738158663493621, -1.1317757301348976, -0.26345646381378174, 1) ),
            6954.66861: ( (-0.20850005083851908, 0.5560831532081503, -0.8045490980148315, 0), (-0.9166679343478856, -0.3978905892638833, -0.037455689162015915, 0), (-0.34095098356981524, 0.7296948246429231, 0.5927038788795471, 0), (0.7442857623671593, -1.0905442752987433, -0.23442400991916656, 1) ),
            6974.67624: ( (-0.1807678577961882, 0.6453027235191291, -0.7422313094139099, 0), (-0.9378945926376003, -0.34030198449748017, -0.0674407035112381, 0), (-0.2961024725680419, 0.6839436446475053, 0.6667416095733643, 0), (0.7810129798257144, -1.111200518618059, -0.2011745721101761, 1) ),
            7042.20195: ( (-0.1129877991578887, 0.7907993596670302, -0.6015563607215881, 0), (-0.9328657626672356, -0.29285053747325485, -0.2097618281841278, 0), (-0.34204563546611594, 0.5374708277223619, 0.7707982063293457, 0), (0.7882125427852458, -1.3205606745633105, -0.10576746612787247, 1) ),
            7153.24422: ( (-0.06052446008419743, 0.9371501514214398, -0.3436368703842163, 0), (-0.9434464973061214, -0.16613084527789646, -0.2868958115577698, 0), (-0.3259531389037713, 0.30683878086687155, 0.8942060470581055, 0), (0.7857049960704785, -1.6673602408993702, -0.03590829484164715, 1) ),
            7251.28155: ( (-0.07660024042349356, 0.9535100866602182, -0.2914632558822632, 0), (-0.9497322243137276, -0.1587721414377583, -0.2698149085044861, 0), (-0.30354749469624176, 0.25614414233796934, 0.9177412986755371, 0), (0.7803740321291741, -1.8693826034023715, -0.028414566069841385, 1) ),
            7327.31049: ( (-0.12496669369696001, 0.9537786443012184, -0.2732939124107361, 0), (-0.9336722406116582, -0.2062278516981646, -0.2927902638912201, 0), (-0.335617904945936, 0.21857790496140517, 0.9162883162498474, 0), (0.7904206303822008, -2.092016295940496, -0.054579369723796844, 1) ),
            7342.316220000001: ( (-0.3263239318508644, 0.7888554678691309, -0.5207875370979309, 0), (-0.8736747988678832, -0.46202380036709734, -0.1524018794298172, 0), (-0.36083931244919043, 0.4052665994819087, 0.8399726152420044, 0), (0.777480898804896, -2.1249502096508053, -0.10293904691934586, 1) ),
            7361.823630000001: ( (-0.5559209371401348, 0.4618162094192986, -0.6911423206329346, 0), (-0.6192482704157207, -0.7847554530158583, -0.026274915784597397, 0), (-0.5545118908665696, 0.41338192773889837, 0.7222409248352051, 0), (0.7401197456567701, -2.1132553265824754, -0.2192467749118805, 1) ),
            7390.33449: ( (-0.6217273496773412, 0.24536717424264687, -0.7438077926635742, 0), (-0.4739839746353258, -0.8738963630883188, 0.107908695936203, 0), (-0.6235337233978093, 0.4196427869707371, 0.6596254110336304, 0), (0.697732760405124, -2.1032699920790137, -0.3792097270488739, 1) ),
            7409.8419300000005: ( (-0.6142599323573545, 0.23373231386816862, -0.7536935210227966, 0), (-0.4790642503187019, -0.8694258291979065, 0.12081447243690491, 0), (-0.6270423796941866, 0.4352790935300792, 0.6460262537002563, 0), (0.6422679726444542, -2.0603425266656856, -0.4215952157974243, 1) ),
            7429.349340000001: ( (-0.6189237146426887, 0.2202182473768577, -0.7539478540420532, 0), (-0.40983453623669064, -0.9094071414818607, 0.07081162184476852, 0), (-0.6700515146791552, 0.3528208536934123, 0.6531067490577698, 0), (0.6298482768863138, -1.995900091911544, -0.46934449672698975, 1) ),
            7438.35276: ( (-0.6490099628188251, 0.1687609495238096, -0.7418259978294373, 0), (-0.3423653932921731, -0.9355585431596616, 0.08669526875019073, 0), (-0.6793908941456746, 0.3102416490313491, 0.6649647355079651, 0), (0.6311568330495874, -1.9454996093755597, -0.48012658953666687, 1) ),
            7446.35583: ( (-0.6357682010171555, 0.11233785829838361, -0.7636615633964539, 0), (-0.2822232090560668, -0.9546810373036614, 0.09452057629823685, 0), (-0.7184349390769693, 0.2756162086743803, 0.6386602520942688, 0), (0.638559579293208, -1.9054164890929357, -0.47877806425094604, 1) ),
            7456.35963: ( (-0.6203942909746001, 0.05294740129515141, -0.7825008034706116, 0), (-0.21749583966448327, -0.9702017087459502, 0.10679031908512115, 0), (-0.7535293225251749, 0.23644274390590425, 0.6134234666824341, 0), (0.6487690282691716, -1.862411212625858, -0.4791686534881592, 1) ),
            7466.36343: ( (-0.6151243177704782, 0.009552591337280703, -0.7883722186088562, 0), (-0.14156530399066014, -0.9850141737050038, 0.09852053225040436, 0), (-0.7756167184341685, 0.1722085593824012, 0.6072585582733154, 0), (0.6560970275287232, -1.8203761576505073, -0.4812502861022949, 1) ),
            7478.36799: ( (-0.6102838674312157, -0.029081901728984505, -0.791648805141449, 0), (-0.06493916923021459, -0.9941259738456125, 0.08658183366060257, 0), (-0.7895165773360127, 0.10424850091832027, 0.6048105359077454, 0), (0.6621752252635389, -1.7753640435998364, -0.4842824637889862, 1) ),
            7493.87391: ( (-0.596895715500974, -0.06109567745513189, -0.7999892830848694, 0), (0.043731047640912735, -0.9980916746029589, 0.04359586536884308, 0), (-0.8011261181907869, -0.008962190814749249, 0.5984284281730652, 0), (0.6635488878018876, -1.7112868275659494, -0.48439085483551025, 1) ),
            7512.38094: ( (-0.581136678138936, -0.05616431768352825, -0.8118655681610107, 0), (0.12490003377463132, -0.9919516646556428, -0.020781394094228745, 0), (-0.8041642602380676, -0.11347885898319277, 0.5834743976593018, 0), (0.6581576974963852, -1.6468842518067603, -0.47258126735687256, 1) ),
            7549.39503: ( (-0.5352300938229435, -0.05308220240160377, -0.8430367708206177, 0), (0.08888754711661662, -0.9960218702097485, 0.006281742826104164, 0), (-0.8400164994224273, -0.07157328733612722, 0.5378192067146301, 0), (0.6977431755977861, -1.7020199185125122, -0.478007435798645, 1) ),
            7568.40225: ( (-0.528594555227027, -0.05556942543925558, -0.8470536470413208, 0), (0.10353391305138437, -0.9946257165862296, 0.0006414263625629246, 0), (-0.8425369224989794, -0.08735970375004598, 0.5315070748329163, 0), (0.7237440203376977, -1.819454930161406, -0.4855542480945587, 1) ),
            7583.9081400000005: ( (-0.5367934781473238, -0.034459516187659744, -0.8430096507072449, 0), (0.06322183800900483, -0.9979993377167293, 0.0005379534559324384, 0), (-0.8413416331428998, -0.05300786349548403, 0.5378981828689575, 0), (0.7182454130946283, -1.9119387048434007, -0.4739280343055725, 1) ),
            7602.91536: ( (-0.5280035954165143, -0.011847339700075565, -0.8491594791412354, 0), (0.02764099578113388, -0.9996126136142536, -0.003240609308704734, 0), (-0.8487921299215113, -0.025182646670090847, 0.52812659740448, 0), (0.7106179452440955, -2.015911975457044, -0.4612709581851959, 1) ),
            7620.42204: ( (-0.5299076602909363, 0.01975068633107746, -0.847825288772583, 0), (-0.04160166368103191, -0.9991305238520987, 0.0027264337986707687, 0), (-0.8470342930054908, 0.036715713214354295, 0.5302686095237732, 0), (0.7031110350749188, -2.115972769223582, -0.4598522484302521, 1) ),
            7641.43002: ( (-0.5277109534056788, 0.017970681149735768, -0.849233865737915, 0), (-0.0950417653936384, -0.9947473785685972, 0.03800870105624199, 0), (-0.8440901700476076, 0.10077025897265912, 0.5266470909118652, 0), (0.7030246931687358, -2.2136605518871804, -0.4688335955142975, 1) ),
            7665.939329999999: ( (-0.5610415428593427, -0.01765309773411161, -0.8275994062423706, 0), (-0.1315051258496851, -0.98517529488457, 0.11016350984573364, 0), (-0.8172752061345641, 0.17063989229211174, 0.550402820110321, 0), (0.7063479519995823, -2.2782952841936392, -0.49148130416870117, 1) ),
            7688.44788: ( (-0.5892650575102714, 0.002583319197569267, -0.8079356551170349, 0), (-0.14780597642326043, -0.9834633974061866, 0.10465722531080246, 0), (-0.794304736228721, 0.18108855534208246, 0.5799024701118469, 0), (0.6809297117574928, -2.2490620268578496, -0.47961366176605225, 1) ),
            7694.950349999999: ( (-0.59001341191275, -0.013886975478406782, -0.8072739839553833, 0), (-0.10944245918773277, -0.989248269008705, 0.09700573235750198, 0), (-0.7999415311897593, 0.14558472627501118, 0.5821499824523926, 0), (0.6684965440068424, -2.2104547809073694, -0.4708765149116516, 1) ),
            7699.95225: ( (-0.5823126206521678, -0.03859137563083692, -0.8120484352111816, 0), (-0.06129311057478404, -0.9939455759448457, 0.09118850529193878, 0), (-0.8106510657651853, 0.10287318907860765, 0.5764216780662537, 0), (0.656622244943776, -2.169262144107293, -0.45947033166885376, 1) ),
            7704.45396: ( (-0.5693737078622974, -0.07406047497073587, -0.8187359571456909, 0), (-0.0032101934297159573, -0.9957257909922674, 0.09230291843414307, 0), (-0.8220725257315511, 0.0551831438940642, 0.5667023658752441, 0), (0.6391701126019314, -2.1268940065772455, -0.4496207535266876, 1) ),
            7708.45548: ( (-0.5529587852261661, -0.09969065804548638, -0.8272232413291931, 0), (0.04384651691312946, -0.9949224629332658, 0.09059121459722519, 0), (-0.8320540776997074, 0.013822353200074744, 0.5545222163200378, 0), (0.6157108137763387, -2.0902397779103907, -0.4369845688343048, 1) ),
            7712.457: ( (-0.5283796188029957, -0.12352540401321299, -0.839974045753479, 0), (0.0794017018283455, -0.9922125946420692, 0.09596632421016693, 0), (-0.8452871250350249, -0.015988740237855126, 0.5340730547904968, 0), (0.5853776167798728, -2.0555481022347735, -0.419944703578949, 1) ),
            7717.95909: ( (-0.49571353209061364, -0.13923877151640873, -0.8572518229484558, 0), (0.10081920414182655, -0.9896170014924071, 0.1024385541677475, 0), (-0.862614333417687, -0.03564724330018443, 0.5046045184135437, 0), (0.5400714676456957, -2.016868035163874, -0.40353232622146606, 1) ),
            7723.961399999999: ( (-0.48217315149830053, -0.1443393509285693, -0.8641036748886108, 0), (0.13866949943757056, -0.9864743258991222, 0.08740195631980896, 0), (-0.8650316411712904, -0.07768195387871835, 0.4956669211387634, 0), (0.4969028052549831, -1.9889454618081075, -0.3980177938938141, 1) ),
            7751.97204: ( (-0.4527823862285496, -0.09173655917817936, -0.8868892192840576, 0), (0.02902987154478609, -0.9956824074569752, 0.0881691575050354, 0), (-0.8911483014542476, 0.014175179977623742, 0.45349055528640747, 0), (0.4926897792911902, -2.0386560695336513, -0.3517748713493347, 1) ),
            7770.479069999999: ( (-0.4791267403433288, -0.059148305172140425, -0.8757505416870117, 0), (-0.08071149827357971, -0.9905310152460984, 0.11105819046497345, 0), (-0.8740270009565378, 0.12389412644047582, 0.4698159694671631, 0), (0.5162237998725914, -2.118234110840831, -0.3563602864742279, 1) ),
            7784.98455: ( (-0.514754473749008, -0.0459505666873099, -0.8561053276062012, 0), (-0.10512986158844129, -0.987643646371513, 0.11622267216444016, 0), (-0.8508674858516727, 0.14982839191954866, 0.5035632252693176, 0), (0.5949227096942451, -2.1642730649547843, -0.38570016622543335, 1) ),
            7794.98835: ( (-0.5562038453694917, -0.018893502861608624, -0.8308311104774475, 0), (-0.10621219037947682, -0.9899267932153641, 0.09361569583415985, 0), (-0.824230669772966, 0.1403137945386277, 0.5485944151878357, 0), (0.6660983008805559, -2.1892227345312207, -0.41263100504875183, 1) ),
            7809.994050000001: ( (-0.5603699665344255, -0.041289461564788965, -0.8272125720977783, 0), (-0.07802893825675028, -0.9916826509002874, 0.10235714912414551, 0), (-0.8245586059999432, 0.12190440825989768, 0.5524874329566956, 0), (0.7476911102560564, -2.2060734996690883, -0.41811901330947876, 1) ),
            7830.50184: ( (-0.5700567520415376, -0.08618087673490749, -0.8170729279518127, 0), (-0.010263818037309136, -0.9936588728163969, 0.11196716129779816, 0), (-0.8215412121497145, 0.07221391675437516, 0.5655574202537537, 0), (0.8007662744995017, -2.1533506955599293, -0.4213810861110687, 1) ),
            7850.009249999999: ( (-0.5792024932646997, -0.09670875787762068, -0.8094269037246704, 0), (0.014909249768919608, -0.9940286648797638, 0.10809598863124847, 0), (-0.8150472913903908, 0.05054151671971674, 0.5771857500076294, 0), (0.8257524021288205, -2.094944686465375, -0.417662650346756, 1) ),
            7868.01609: ( (-0.5712726285751426, -0.07416752909255742, -0.8174024224281311, 0), (0.029461313978547565, -0.9971199558599402, 0.06988416612148285, 0), (-0.8202314377317492, 0.015841161612591748, 0.5718123912811279, 0), (0.8384906888173234, -1.9911737785977905, -0.42144259810447693, 1) ),
            7880.020619999999: ( (-0.5835516613417839, -0.09451011063565229, -0.8065576553344727, 0), (0.05297654624148862, -0.9955194359205777, 0.0783231258392334, 0), (-0.8103461621008545, 0.0029769520733804455, 0.585943877696991, 0), (0.8498374231182311, -1.920214591926495, -0.43688493967056274, 1) ),
            7890.02442: ( (-0.5823370965212336, -0.10778833395661191, -0.8057699203491211, 0), (0.09871218717890073, -0.9932124179277402, 0.061522457748651505, 0), (-0.8069321048848277, -0.043712518562474045, 0.5890244245529175, 0), (0.8544205980992174, -1.857452514876904, -0.43555983901023865, 1) ),
            7898.527649999999: ( (-0.5690407865789888, -0.11707844976436643, -0.813931941986084, 0), (0.14303704772253312, -0.9888158193965744, 0.04223339632153511, 0), (-0.8097733937120211, -0.09238987703393065, 0.5794230699539185, 0), (0.8496175063961218, -1.8098978334761782, -0.4244365692138672, 1) ),
            7918.535249999999: ( (-0.5913699116450282, -0.054207446591060915, -0.8045763969421387, 0), (0.08366129218060614, -0.996478251671947, 0.005644912365823984, 0), (-0.8020488588888295, -0.06397369257666874, 0.5938223600387573, 0), (0.8088039537132872, -1.7390247379780064, -0.3904643952846527, 1) ),
            7932.0403799999995: ( (-0.6636408506429419, -0.09081284598055817, -0.7425186038017273, 0), (0.13957150867386048, -0.990205266324871, -0.0036389820743352175, 0), (-0.7349153722859985, -0.10604944657684534, 0.6698155999183655, 0), (0.7703268078812258, -1.7190996080959948, -0.36666879057884216, 1) ),
            7941.543990000001: ( (-0.6748373189017034, -0.1301712479205488, -0.7263952493667603, 0), (0.23198273106931744, -0.9718401257444338, -0.041361745446920395, 0), (-0.7005559172233378, -0.1964236032277773, 0.6860314607620239, 0), (0.7484113731845454, -1.7086759643117873, -0.3457522988319397, 1) ),
            7983.559920000001: ( (-0.5188388244140594, -0.21283058265658106, -0.8279549479484558, 0), (0.34642652989580647, -0.9377707921575524, 0.0239708311855793, 0), (-0.781533707455651, -0.2743885688128387, 0.5602820515632629, 0), (0.7140271203298028, -1.6863471371513015, -0.3061729967594147, 1) ),
            8015.572050000001: ( (-0.47863315507909543, -0.25703991412683913, -0.8395479917526245, 0), (0.44591476432020105, -0.8948573806577853, 0.01975405216217041, 0), (-0.7563532833190627, -0.3649118973927483, 0.5429263114929199, 0), (0.7268362724755946, -1.613387839679092, -0.313899964094162, 1) ),
            8055.587219999999: ( (-0.5221234603010916, -0.19582137123540955, -0.8300849795341492, 0), (0.29381983634404385, -0.9550033592210365, 0.04047759622335434, 0), (-0.8006602973585712, -0.22276111669997167, 0.5561659336090088, 0), (0.673925436703577, -1.4181345845144264, -0.32979699969291687, 1) ),
            8089.6001400000005: ( (-0.5632682680533829, -0.16422728920793084, -0.8097890019416809, 0), (0.2705741992346766, -0.9626734752673194, 0.007028235122561455, 0), (-0.7807166016938707, -0.21514921543649113, 0.5866791009902954, 0), (0.7541322538675566, -1.3253951172516487, -0.3725036680698395, 1) ),
            8108.10714: ( (-0.6027663192253616, -0.1699451575733928, -0.7796097993850708, 0), (0.2329731874115435, -0.9719647075639575, 0.03174961730837822, 0), (-0.7631489083613072, -0.16249057077750884, 0.6254602670669556, 0), (0.8824501624912315, -1.259689782276915, -0.41310468316078186, 1) ),
            8150.623259999999: ( (-0.5523994219712067, -0.0718144299051735, -0.8304802775382996, 0), (0.04817363316893086, -0.9973671855009538, 0.05420268699526787, 0), (-0.8321863529435589, -0.01006575459265946, 0.5544046759605408, 0), (0.9018914188022364, -1.1654537687916076, -0.38342374563217163, 1) ),
            8193.639570000001: ( (-0.3945860396958194, 0.02365484408902585, -0.9185544848442078, 0), (-0.18271686215582505, -0.9817246864808205, 0.053208593279123306, 0), (-0.90050894930976, 0.18883081508812438, 0.3916969895362854, 0), (0.8363489312832826, -1.0289703003022908, -0.3208552300930023, 1) ),
            8231.15379: ( (-0.3301583874711005, 0.031095750595645733, -0.9434131979942322, 0), (-0.33745969719037205, -0.9372920749102072, 0.08720394223928452, 0), (-0.8815420363698472, 0.3471550360304896, 0.3199484050273895, 0), (0.8858607259505256, -0.9283212661589921, -0.2974097728729248, 1) ),
            8273.66991: ( (-0.24353488801502987, 0.01607470919891174, -0.969758927822113, 0), (-0.40495016316821264, -0.9102277688719234, 0.0866069421172142, 0), (-0.8813093067104383, 0.41379587086563063, 0.22818168997764587, 0), (0.8585068342988151, -0.8751646939930069, -0.22889100015163422, 1) ),
            8308.182990000001: ( (-0.13116794564166723, 0.03184774159217563, -0.9908484816551208, 0), (-0.4429898597706128, -0.8960297320906676, 0.02984265238046646, 0), (-0.8868793045597663, 0.4428502673340411, 0.13163861632347107, 0), (0.8117414060807739, -0.8960871259259342, -0.1193924993276596, 1) ),
            8345.19702: ( (0.0027710285506789972, -0.009339221298479819, -0.9999525547027588, 0), (-0.39141373041878325, -0.9201841308385212, 0.007509540766477585, 0), (-0.9202105743328488, 0.39137438547297876, -0.00620535621419549, 0), (0.7762950264475528, -0.8695895996311229, -0.009425442724023014, 1) ),
            8377.209149999999: ( (0.13016250925147466, -0.015774169485033074, -0.9913671612739563, 0), (-0.2889518328954459, -0.957074214741926, -0.022709690034389496, 0), (-0.9484537580709436, 0.2894132640427962, -0.1291331648826599, 0), (0.7380627497358461, -0.857717136583986, 0.0676395371556282, 1) ),
            8394.21561: ( (-0.004990436158452405, 0.038987239060204515, -0.9992272257804871, 0), (-0.12903492124442195, -0.9909109819398729, -0.038018323481082916, 0), (-0.9916274856639582, 0.1287454475907417, 0.009975791908800602, 0), (0.7410394907796558, -0.85372595520451, 0.046852756291627884, 1) ),
            8460.74082: ( (0.12116397409204116, 0.006687383269178282, -0.992609977722168, 0), (-0.04766668621581971, -0.9987844527623153, -0.01254746038466692, 0), (-0.9914873414832925, 0.048834661537469515, -0.12069793045520782, 0), (0.7052289517269461, -0.8369877132343806, 0.04410989210009575, 1) ),
            8477.24709: ( (-0.05137589664152087, 0.0035974039571226024, -0.9986729025840759, 0), (0.07168869550377188, -0.9974004659244304, -0.0072807855904102325, 0), (-0.9961030239957527, -0.07196763990683586, 0.0509844534099102, 0), (0.7043344267441825, -0.8038078468813268, 0.0006639715284109116, 1) ),
            8505.75789: ( (-0.1741029918660919, -0.0067908866320580685, -0.9847040176391602, 0), (0.15667949975851592, -0.9874285038087525, -0.020892420783638954, 0), (-0.9721829038837875, -0.15792033951442974, 0.1729782521724701, 0), (0.6517621535517577, -0.7299116299129622, -0.09408104419708252, 1) ),
            8541.77154: ( (-0.3101706700364488, -0.08641576330439804, -0.9467452168464661, 0), (0.21138502178314944, -0.9771993655442461, 0.019942007958889008, 0), (-0.9268821278031858, -0.19394233981052977, 0.3213655948638916, 0), (0.723839388217657, -0.7164260572102936, -0.26733461022377014, 1) ),
            8565.28044: ( (-0.36853657033113696, -0.16667263017632883, -0.9145496487617493, 0), (0.3060756793513315, -0.9506974239597978, 0.04992091655731201, 0), (-0.8777804028962741, -0.2615237052557937, 0.4013811945915222, 0), (0.8792414097838783, -0.6768016800245942, -0.36395174264907837, 1) ),
            8594.79162: ( (-0.3325719454456014, -0.18673511228705275, -0.9244056940078735, 0), (0.36718743503252593, -0.9284921906606174, 0.055458180606365204, 0), (-0.8686594763067204, -0.320986323726161, 0.37735724449157715, 0), (0.8787573768086556, -0.5227961879561587, -0.41423457860946655, 1) ),
            8673.32136: ( (-0.4271339961981351, -0.08811914982311642, -0.8998841643333435, 0), (0.17561935042393273, -0.9843718256148897, 0.013033918105065823, 0), (-0.8869691726322948, -0.1524698421999311, 0.4359341263771057, 0), (0.8433381720099771, -0.20183511615768102, -0.3835546672344208, 1) ),
            8701.83216: ( (-0.4466117734777644, -0.06579152411868883, -0.8923056721687317, 0), (0.21772741143013263, -0.9753055829311847, -0.037064410746097565, 0), (-0.8678321351476477, -0.2108327847215783, 0.4499076008796692, 0), (0.9212708907857206, -0.15920300688785605, -0.3287041485309601, 1) ),
            8726.34144: ( (-0.4335441731422298, -0.07731275038717644, -0.8978096842765808, 0), (0.26404240573364923, -0.9634822675703898, -0.04453570023179054, 0), (-0.8615805159806609, -0.25636802073720055, 0.43812599778175354, 0), (0.9154246265378414, -0.06555310858314334, -0.31159481406211853, 1) ),
            8743.34787: ( (-0.43942375724337346, -0.05726865890309263, -0.8964524865150452, 0), (0.23464504770774397, -0.9706345872513609, -0.05301080271601677, 0), (-0.8670919468430931, -0.2336423474938023, 0.43995773792266846, 0), (0.8830787498769643, 0.02416153628483375, -0.2824735641479492, 1) ),
            8768.857530000001: ( (-0.38793927139902085, -0.07718361378626337, -0.9184474945068359, 0), (0.2846781869278061, -0.9577984801164305, -0.039753507822752, 0), (-0.876619293530208, -0.2768839134310177, 0.3935401439666748, 0), (0.8212517198170977, 0.08822753950972118, -0.23863235116004944, 1) ),
            8797.36833: ( (-0.32528440217293797, -0.1948879509188736, -0.9253154993057251, 0), (0.46725000471760936, -0.8838539500815337, 0.021898852661252022, 0), (-0.8221115716621861, -0.4252303127475616, 0.37856531143188477, 0), (0.8049387436049162, 0.02470804634925905, -0.21032275259494781, 1) ),
            8819.37666: ( (-0.2940017322035178, -0.23980069795236703, -0.9252343773841858, 0), (0.5995394086795329, -0.8001672128444213, 0.016876844689249992, 0), (-0.74438930319246, -0.5497526487802786, 0.3790205419063568, 0), (0.7879039890578752, -0.12316448739281283, -0.1976018100976944, 1) ),
            8836.88328: ( (-0.2552046233879186, -0.24850441611996876, -0.9344068169593811, 0), (0.6896055189875314, -0.7241727223564913, 0.004248260520398617, 0), (-0.6777276858888506, -0.6432879507188183, 0.3561822772026062, 0), (0.7855880133795208, -0.1527767283242114, -0.18900567293167114, 1) ),
            8869.895789999999: ( (-0.23694066692825988, -0.24031725283948102, -0.9413323998451233, 0), (0.8061837998170329, -0.5893340626922043, -0.05246879905462265, 0), (-0.542150131455891, -0.7713189624844432, 0.33337709307670593, 0), (0.8054517925822582, -0.11446909288132279, -0.14250589907169342, 1) ),
            8916.4134: ( (-0.20714809400224965, -0.271616347601924, -0.939848005771637, 0), (0.8808774799962578, -0.46972790827017263, -0.05839914456009865, 0), (-0.4256106442137799, -0.8399881960224427, 0.33656400442123413, 0), (0.7594181910403695, -0.020989702892999063, -0.1309753879904747, 1) ),
            8946.924930000001: ( (-0.13027041640281922, -0.26836586873424295, -0.9544681310653687, 0), (0.8873026376077426, -0.46110840118779706, 0.008545562624931335, 0), (-0.44240662955594523, -0.8457888508369411, 0.29819053411483765, 0), (0.6776820041056606, 0.16482641767076167, -0.07739102840423584, 1) ),
            8974.43535: ( (-0.21284348303594935, -0.22062290706628662, -0.9518525004386902, 0), (0.7630563721755284, -0.6459939758719937, -0.020896628499031067, 0), (-0.6102807198430096, -0.7307648272807672, 0.3058433532714844, 0), (0.6277450920715744, 0.29323363027501514, -0.060799699276685715, 1) ),
            8990.94159: ( (-0.23205319343457403, -0.14636408437268766, -0.961628258228302, 0), (0.6508679667303934, -0.7580456359192826, -0.04168485477566719, 0), (-0.7228569173226669, -0.6355661111906512, 0.27117061614990234, 0), (0.71978549883573, 0.3737626513516723, -0.08701880276203156, 1) ),
            9004.446689999999: ( (-0.22617271817507467, -0.12537268780189403, -0.9659852981567383, 0), (0.5770051387185664, -0.8162196562704869, -0.029163144528865814, 0), (-0.784799947585233, -0.563974401112711, 0.2569473087787628, 0), (0.8327911709249776, 0.43157501058972514, -0.06890556961297989, 1) ),
            9019.95258: ( (-0.26952055637851946, -0.1364933036777456, -0.9532724022865295, 0), (0.5070316823833813, -0.861695963244317, -0.019973024725914, 0), (-0.8187047604445556, -0.4887224282133982, 0.3014512062072754, 0), (0.9306393570602829, 0.48275356862894014, -0.0970139354467392, 1) ),
            9038.95974: ( (-0.34031179761076435, -0.13164241973558832, -0.9310521483421326, 0), (0.39771540246255377, -0.9173751154292074, -0.015661602839827538, 0), (-0.8520623888952636, -0.37562363596522896, 0.36454978585243225, 0), (1.0041990236216396, 0.5040147762867146, -0.1260940060019493, 1) ),
            9073.972979999999: ( (-0.3969161033736377, -0.07740542862826416, -0.9145851731300354, 0), (0.18148594707087007, -0.983383384099815, 0.0044659641571342945, 0), (-0.8997335473739181, -0.16421176573221352, 0.40436869859695435, 0), (1.0483120147846954, 0.5471301856250541, -0.12796063721179962, 1) ),
            9109.48641: ( (-0.38982103015958103, 0.018406891851778795, -0.9207066297531128, 0), (-0.050686967228070756, -0.9987134315262018, 0.0014940989203751087, 0), (-0.9194946477434662, 0.047250237033320985, 0.3902525007724762, 0), (1.0674943030326602, 0.5231742513872888, -0.09609436243772507, 1) ),
            9133.4955: ( (-0.4425483589757322, -0.07993661621368542, -0.8931747078895569, 0), (0.12652685359459248, -0.9916208690014781, 0.026056010276079178, 0), (-0.8877735514486602, -0.10147955321929913, 0.44895437359809875, 0), (1.0174235845659467, 0.5309249167766978, -0.12995649874210358, 1) ),
            9146.00022: ( (-0.447767178521171, -0.1396428290056848, -0.8831785917282104, 0), (0.2431749069604141, -0.9695182308973624, 0.03000587224960327, 0), (-0.8604478300841159, -0.20133119326048288, 0.46807610988616943, 0), (0.9865960429942362, 0.5353799321988078, -0.14558963477611542, 1) ),
            9160.5057: ( (-0.42795347470966516, -0.21352083651760423, -0.8782167434692383, 0), (0.40547610955759517, -0.9137751387134561, 0.024578353390097618, 0), (-0.8077405940939242, -0.34557750921868635, 0.4776308536529541, 0), (0.9495914560471554, 0.5159621483787369, -0.1641787439584732, 1) ),
            9171.00969: ( (-0.3862543854127626, -0.26809453719777754, -0.8825717568397522, 0), (0.5290020564494025, -0.8482177201407116, 0.026143115013837814, 0), (-0.7556218302765211, -0.45678438218128947, 0.4694503843784332, 0), (0.9137643800915178, 0.5027393951212566, -0.1756582409143448, 1) ),
            9181.51365: ( (-0.3414031738015839, -0.30785108748240697, -0.8880718350410461, 0), (0.6030767989622423, -0.7964548501609072, 0.04424998164176941, 0), (-0.720931505957624, -0.5204684201331635, 0.45757007598876953, 0), (0.8797468146844913, 0.4992016539759909, -0.18918061256408691, 1) ),
            9197.519699999999: ( (-0.3172213097400711, -0.26503304277576034, -0.9105647206306458, 0), (0.5847019014700385, -0.8106072403909157, 0.03224131464958191, 0), (-0.7466553648706582, -0.522181287763742, 0.4121072590351105, 0), (0.8388485581612422, 0.45413886026537753, -0.1667359620332718, 1) ),
            9207.52347: ( (-0.30761971776737795, -0.21280767979516424, -0.9274066090583801, 0), (0.5123673571832184, -0.8583415192287456, 0.027007965371012688, 0), (-0.8017791291049854, -0.46686470888450393, 0.37307849526405334, 0), (0.7761585873319596, 0.3814204037012594, -0.14827734231948853, 1) ),
            9217.527269999999: ( (-0.30712789771214943, -0.17732415463776974, -0.9350019097328186, 0), (0.4771796084706794, -0.878749858356721, 0.009912713430821896, 0), (-0.8233905726186046, -0.4431193813638601, 0.3545040786266327, 0), (0.7039899250260309, 0.2950356517597168, -0.14438259601593018, 1) ),
            9269.54691: ( (-0.24487538818492904, -0.21710335896357424, -0.9449350237846375, 0), (0.6260663651796756, -0.7795872240895703, 0.016871808096766472, 0), (-0.740322161092962, -0.5874605216336164, 0.32682284712791443, 0), (0.6943696459866544, 0.0447352470769431, -0.14380784332752228, 1) ),
            9294.05616: ( (-0.2503479819500377, -0.1878228664165854, -0.9497622847557068, 0), (0.603167544994164, -0.7976134700610928, -0.0012547660153359175, 0), (-0.7573075502679045, -0.5731799318768727, 0.3129695951938629, 0), (0.6039030220824211, -0.049291436542152844, -0.1238480657339096, 1) ),
            9312.06297: ( (-0.2441415372451763, -0.15278006272161893, -0.9576289057731628, 0), (0.5805359499290721, -0.8140326269380238, -0.018133312463760376, 0), (-0.7767708079797635, -0.5603651292888299, 0.2874335050582886, 0), (0.44847691956547386, -0.10065581309206273, -0.12255527079105377, 1) ),
            9345.57561: ( (-0.24812432010257213, -0.13180162433297504, -0.9597200751304626, 0), (0.5109181837359904, -0.8595144604987393, -0.014051832258701324, 0), (-0.8230412628610032, -0.49382506093473955, 0.28060629963874817, 0), (0.32998230432216147, -0.24500169320858234, -0.12636055052280426, 1) ),
            9350.07732: ( (-0.24976367375702613, -0.13053252376030122, -0.9594682455062866, 0), (0.5011132553092764, -0.8652881076004714, -0.012727515771985054, 0), (-0.8285550963870859, -0.4839811188451765, 0.28152912855148315, 0), (0.3209131472321012, -0.2751518942777089, -0.127960667014122, 1) ),
            9394.09395: ( (-0.244513215796332, -0.11587188802311921, -0.9626977443695068, 0), (0.4643422559804429, -0.8855831224541428, -0.01134689524769783, 0), (-0.8512341109918893, -0.44979572303873283, 0.2703409790992737, 0), (0.15203375680097508, -0.4644506720359942, -0.12819145619869232, 1) ),
            9416.60244: ( (-0.24102018258639357, -0.08014811049431025, -0.9672050476074219, 0), (0.4064168233131866, -0.9133292945789293, -0.025592340156435966, 0), (-0.8813254601135023, -0.39925664642810244, 0.25270435214042664, 0), (-0.001345040151239374, -0.5014566352980943, -0.12063121795654297, 1) ),
            9448.11432: ( (-0.23836889006166917, -0.052938541616208035, -0.969730794429779, 0), (0.3372107223062031, -0.9409012067976192, -0.03152484446763992, 0), (-0.9107519762050948, -0.33451815864303214, 0.2421330362558365, 0), (-0.23833595292347898, -0.5741032983734398, -0.13102425634860992, 1) ),
            9490.630350000001: ( (-0.24454170629442418, -0.06514660591735355, -0.967447817325592, 0), (0.33941548915427067, -0.9403680996376833, -0.022470930591225624, 0), (-0.90829316621911, -0.33386186801536155, 0.25207099318504333, 0), (-0.4338467544748337, -0.7257957431066462, -0.12647084146738052, 1) ),
            9529.144890000001: ( (-0.20173017008896377, -0.04537284839093214, -0.9783896207809448, 0), (0.26725166868585504, -0.9635704312958673, -0.01041792519390583, 0), (-0.9422746153043651, -0.26357785520532495, 0.20650720596313477, 0), (-0.6480263526050951, -0.7129747763209036, -0.11596456170082092, 1) ),
            9553.65411: ( (-0.19150635439473884, -0.0048269997497039085, -0.9814795255661011, 0), (0.12809194748022001, -0.9915582398495761, -0.020116744562983513, 0), (-0.9730969619610068, -0.12957209803255232, 0.19050800800323486, 0), (-0.8090906035156991, -0.7543789651568034, -0.11052747815847397, 1) ),
            9580.66431: ( (-0.1939891121782349, 0.01676024277726107, -0.9808604717254639, 0), (-0.04451395590432483, -0.998974541965783, -0.008266047574579716, 0), (-0.9799931784009139, 0.042058453216899494, 0.1945362538099289, 0), (-0.834508235939559, -0.8960426568653759, -0.10375958681106567, 1) ),
            9619.17885: ( (-0.19575626364541687, 0.02016298814646955, -0.9804452657699585, 0), (-0.1030246101404515, -0.9946787941308131, 0.00011425319826230407, 0), (-0.9752258303109471, 0.10103238386249558, 0.1967918872833252, 0), (-1.0154887853303443, -0.9799707277296967, -0.10343267023563385, 1) ),
            9634.68468: ( (-0.19596170531635293, 0.017990585388135028, -0.9804465174674988, 0), (-0.2447004839530713, -0.9690989675263246, 0.031125888228416443, 0), (-0.9495896957767336, 0.24601521428834516, 0.1943085938692093, 0), (-1.0878330235766658, -0.9890977052602192, -0.10454781353473663, 1) ),
            9649.690349999999: ( (-0.18338735214498314, 0.05816597748828123, -0.9813184142112732, 0), (-0.37528506217527635, -0.9267848388089597, 0.015199136920273304, 0), (-0.9085869107767728, 0.37106148060471966, 0.191789448261261, 0), (-1.188878546274056, -0.9718371872284575, -0.1068514883518219, 1) ),
            9726.21918: ( (-0.2362290083487375, 0.06882557141734846, -0.9692568778991699, 0), (-0.38896174206555045, -0.9207841747519616, 0.029414860531687737, 0), (-0.890451913906908, 0.38395250886540566, 0.244286447763443, 0), (-1.424472927177943, -1.0718868136083994, -0.13304131478071213, 1) ),
            9771.23616: ( (-0.2259397592017942, 0.036644255445017926, -0.9734517931938171, 0), (-0.19107668777661146, -0.981547203358037, 0.007400228641927242, 0), (-0.9552177275104761, 0.18767595764444778, 0.22877240180969238, 0), (-1.3156688555857414, -1.0825280068217111, -0.12174388766288757, 1) ),
            9774.737490000001: ( (-0.22738425344380353, 0.03680965258540603, -0.9731091856956482, 0), (-0.1696056909219621, -0.985509174719077, 0.0023526810109615326, 0), (-0.958921378281687, 0.16557981768116292, 0.2303324043750763, 0), (-1.2913036920158003, -1.083303151371597, -0.11544287204742432, 1) ),
            9801.24747: ( (-0.24025342728033783, -0.05737730014369058, -0.969012975692749, 0), (0.023283697810246196, -0.9983049517373637, 0.05333886668086052, 0), (-0.9704309135943419, -0.00974736525260056, 0.2411821484565735, 0), (-1.170871048290783, -1.0336150502478052, -0.1246739849448204, 1) ),
            9823.75596: ( (-0.2958291699056175, -0.13143503098139364, -0.946155309677124, 0), (0.25912026244787256, -0.9643924934326762, 0.052950747311115265, 0), (-0.9194246501236343, -0.22950363532115503, 0.319352924823761, 0), (-1.0553544123177323, -1.0898197143094892, -0.16315479576587677, 1) ),
            9873.27465: ( (-0.326910046367768, -0.20676678782524663, -0.9221590757369995, 0), (0.37673152686917, -0.923402478650738, 0.07349236309528351, 0), (-0.8667197467988217, -0.3233810030374471, 0.3797651529312134, 0), (-0.7757834501910823, -1.0608797728430295, -0.19493021070957184, 1) ),
            9906.2871: ( (-0.32873341631332786, -0.23211794344738224, -0.9154537916183472, 0), (0.46813339051966585, -0.8819125341567191, 0.0555097796022892, 0), (-0.8202349761027086, -0.41030655923000525, 0.3985763192176819, 0), (-0.5559351845413563, -0.9384349913302881, -0.21888664364814758, 1) ),
            9947.802720000002: ( (-0.3455190938528212, -0.23791062215261127, -0.9077527523040771, 0), (0.5051748429265017, -0.8623576792756364, 0.033727794885635376, 0), (-0.7908317679343311, -0.4469202622778434, 0.4181475341320038, 0), (-0.3131375076669265, -0.7370029955694797, -0.23212434351444244, 1) ),
            9987.317640000001: ( (-0.3892858942175502, -0.2210528622568041, -0.8941991329193115, 0), (0.49292761692232, -0.8700701581203936, 0.0004939953214488924, 0), (-0.7781252143476327, -0.4405831630725934, 0.447669118642807, 0), (-0.1492384368442039, -0.48682567383952957, -0.2624903619289398, 1) ),
            10018.82949: ( (-0.39129733539594436, -0.2692922326448193, -0.8799818754196167, 0), (0.5385342565506932, -0.8424043273537647, 0.018325291574001312, 0), (-0.746235385538397, -0.4667297391135105, 0.4746536612510681, 0), (0.07785967833391894, -0.34850130112948463, -0.270839124917984, 1) ),
            10048.34061: ( (-0.4299521675578071, -0.24639582114918546, -0.8685794472694397, 0), (0.4400462013896451, -0.8972249856437777, 0.03669631853699684, 0), (-0.788352962772755, -0.3664374048699224, 0.49418938159942627, 0), (0.17194568606794824, -0.1465490718419158, -0.29227519035339355, 1) ),
            10063.34625: ( (-0.459683692851986, -0.2926623770783328, -0.8384745717048645, 0), (0.4820220370098691, -0.875189182159771, 0.041214462369680405, 0), (-0.7458858078269439, -0.3852176065280326, 0.5433799624443054, 0), (0.26934464190135543, -0.06415327000935633, -0.3503955900669098, 1) ),
            10072.84983: ( (-0.4784175797408867, -0.35075693716385636, -0.8050379753112793, 0), (0.5436799129801391, -0.8382349146452852, 0.042123086750507355, 0), (-0.6895858962823415, -0.41753054759622354, 0.5917258262634277, 0), (0.35651210193706895, -0.009375008759439751, -0.40045979619026184, 1) ),
            10087.35531: ( (-0.4438452800474435, -0.46244950155855324, -0.7675557136535645, 0), (0.6652890178383082, -0.7438824611599237, 0.06347771733999252, 0), (-0.6003264407366857, -0.4824720834850136, 0.6378313302993774, 0), (0.38764598990185917, 0.05322114008086132, -0.44033902883529663, 1) ),
            10098.859649999999: ( (-0.39595479311247495, -0.5430498235913159, -0.7404840588569641, 0), (0.7613151053019518, -0.6450197324674409, 0.0659453421831131, 0), (-0.5134384523530366, -0.5376303487217298, 0.6688307523727417, 0), (0.36007160020390216, 0.09011242472268322, -0.46124333143234253, 1) ),
            10110.86415: ( (-0.3483291985916477, -0.6088128653531957, -0.7127507925033569, 0), (0.8276076355473858, -0.5567822269477265, 0.07112762331962585, 0), (-0.44015034172432177, -0.565102142520332, 0.6978017091751099, 0), (0.3128913691236015, 0.12096184209410765, -0.4900442063808441, 1) ),
            10129.87131: ( (-0.2434132038143435, -0.6971431266163588, -0.6743451952934265, 0), (0.9046998689235828, -0.41383933998366373, 0.10126765817403793, 0), (-0.34966864469077485, -0.5854301176738996, 0.7314392924308777, 0), (0.23228944361824588, 0.13629316150628412, -0.5249321460723877, 1) ),
            10160.883: ( (-0.12160840135467055, -0.733836609115798, -0.6683526039123535, 0), (0.939181185361825, -0.3029481274447363, 0.1617441028356552, 0), (-0.32116993314648035, -0.6080347455199426, 0.7260465621948242, 0), (0.10059347479414527, 0.15423172946922392, -0.5725184082984924, 1) ),
            10188.39336: ( (-0.18823950749490237, -0.6347219473525598, -0.7494624257087708, 0), (0.9002010706774826, -0.41662339458320474, 0.12673965096473694, 0), (-0.39268801435841105, -0.6508094434474874, 0.6498023867607117, 0), (0.06026572792611162, 0.1393979296915937, -0.7139120101928711, 1) ),
            10215.40353: ( (-0.1960774267070171, -0.5789916847389556, -0.7914052605628967, 0), (0.8899290452646866, -0.4440027551879453, 0.10434465110301971, 0), (-0.41180080381463036, -0.6838348983780147, 0.6023204326629639, 0), (0.07047560099730532, 0.14760015566118767, -0.8388375639915466, 1) ),
            10241.41332: ( (-0.22863191700668928, -0.5319781104428554, -0.8153077363967896, 0), (0.8714028458310263, -0.4852202811689228, 0.07223781943321228, 0), (-0.43403279204503065, -0.6939456238368891, 0.5745041370391846, 0), (0.07830087681056597, 0.11963510754407736, -0.9048434495925903, 1) ),
            10255.91877: ( (-0.25690283003508796, -0.49195765890324594, -0.8318524956703186, 0), (0.8276057877823639, -0.556475643939816, 0.07350843399763107, 0), (-0.4990686740448975, -0.6695614320893757, 0.5501071810722351, 0), (0.14037871614590713, 0.09774351073461318, -0.9207331538200378, 1) ),
            10271.92479: ( (-0.25972327320211974, -0.4724509892254112, -0.8422195911407471, 0), (0.7747553247926078, -0.6225632112430901, 0.1103140115737915, 0), (-0.5764529098713593, -0.6238629981503161, 0.5277280807495117, 0), (0.19347438793615623, 0.08791946605825984, -0.9288396835327148, 1) ),
            10291.432139999999: ( (-0.2721511034578441, -0.4844643865369065, -0.8314012289047241, 0), (0.728775601004612, -0.6679696831196882, 0.15067386627197266, 0), (-0.6283469409451055, -0.5648988821657728, 0.534854531288147, 0), (0.24567415843064921, 0.06727258997969088, -0.8812103867530823, 1) ),
            10309.939110000001: ( (-0.23159250621365146, -0.5741374018961736, -0.7853223085403442, 0), (0.821349769632981, -0.5479882746364808, 0.1584089994430542, 0), (-0.5212959510689972, -0.6083379506861055, 0.5984776020050049, 0), (0.2042633864628982, 0.09959107237743581, -0.7820743918418884, 1) ),
            10318.44231: ( (-0.2144815149457866, -0.6287994985627225, -0.7474014163017273, 0), (0.8641879184072234, -0.47876615094751607, 0.15479716658592224, 0), (-0.45516687157611635, -0.6126941234056549, 0.6460874080657959, 0), (0.18247568485001509, 0.11348376437308971, -0.7367923259735107, 1) ),
            10325.94513: ( (-0.19487114953403584, -0.6664927446370985, -0.7195919752120972, 0), (0.9095350282598567, -0.39739234606701146, 0.12175925076007843, 0), (-0.36711203408887805, -0.6307667531564984, 0.683638870716095, 0), (0.1481975443541046, 0.12719964550581153, -0.7025278210639954, 1) ),
            10332.94779: ( (-0.13285838309933062, -0.6936207296107906, -0.7079822421073914, 0), (0.950802849034659, -0.29089140432222393, 0.10656509548425674, 0), (-0.27986172322663805, -0.6589934625699243, 0.6981439590454102, 0), (0.10535974166574036, 0.1305248743986418, -0.669554591178894, 1) ),
            10344.4521: ( (-0.04003669540754373, -0.6831327679659083, -0.7291958928108215, 0), (0.9837921896299378, -0.15460764039511332, 0.09082572162151337, 0), (-0.17478529974770396, -0.7137408727565244, 0.6782507300376892, 0), (0.05362965632386363, 0.1257885603994282, -0.6244869828224182, 1) ),
            10346.95305: ( (-0.026880451052548437, -0.6785732986901536, -0.7340406775474548, 0), (0.9861693823443538, -0.13813726250539204, 0.0915856808423996, 0), (-0.16354597362150614, -0.7214266001166401, 0.672901451587677, 0), (0.04544682089924734, 0.12538232865395216, -0.6215131282806396, 1) ),
            10365.960210000001: ( (0.02422774490642432, -0.6482374863585694, -0.761052668094635, 0), (0.9953666199306426, -0.0552156344456165, 0.07871773838996887, 0), (-0.09304979041854011, -0.7594335268597519, 0.6438962817192078, 0), (-0.030303681230407165, 0.1164037667534501, -0.5800923109054565, 1) ),
            10381.466040000001: ( (0.0650278754326088, -0.601312319801, -0.7963635325431824, 0), (0.9974309645612323, 0.015138038455170033, 0.07001588493585587, 0), (-0.03004600258454282, -0.7988706591322288, 0.6007519364356995, 0), (-0.12226746312363801, 0.09807669983672795, -0.5298216938972473, 1) ),
            10393.97076: ( (0.11123291553566794, -0.5895683102754941, -0.8000227808952332, 0), (0.9934352244753377, 0.08760431079078401, 0.07356537133455276, 0), (0.026713656137495434, -0.8029536697673265, 0.5954424738883972, 0), (-0.19372596344712179, 0.0861027991166452, -0.5109809041023254, 1) ),
            10405.47507: ( (0.14717840541590288, -0.5547284260684302, -0.8189107775688171, 0), (0.9847650897772162, 0.15969686225885837, 0.0688081681728363, 0), (0.0926076778769076, -0.8165618534744947, 0.5697811245918274, 0), (-0.24640514095063892, 0.05245400768793829, -0.46676284074783325, 1) ),
            10420.48071: ( (0.20895764488007273, -0.5257453478268488, -0.824577808380127, 0), (0.96076966921399, 0.2676105840993994, 0.0728435218334198, 0), (0.1823685940074764, -0.8074505497558153, 0.5610394477844238, 0), (-0.30723178826958275, -0.013564630488680507, -0.43290090560913086, 1) ),
            10432.98543: ( (0.2600539446312462, -0.49850326031382775, -0.8269621729850769, 0), (0.9335687166454445, 0.34854220093429156, 0.08347275853157043, 0), (0.2466197728322781, -0.7937334189743206, 0.5560268759727478, 0), (-0.35317047055538353, -0.06775440273156619, -0.4118844270706177, 1) ),
            10453.993320000001: ( (0.3236580311629633, -0.5044011149921048, -0.8005154132843018, 0), (0.8913687667070009, 0.4463107652410363, 0.0791727602481842, 0), (0.31734384102293056, -0.7391793768005659, 0.5940595269203186, 0), (-0.3709391373472073, -0.14246501336189965, -0.4116351306438446, 1) ),
            10476.50178: ( (0.37168051590504003, -0.4054028566461456, -0.8351659178733826, 0), (0.7788628193778053, 0.6257263155716184, 0.042885977774858475, 0), (0.5051992209983158, -0.6664196024077054, 0.5483235120773315, 0), (-0.2878072698750529, -0.13743257546591536, -0.3741392195224762, 1) ),
            10502.01138: ( (0.43173222104126374, -0.30534774920497476, -0.848746120929718, 0), (0.640389889883668, 0.7664195990931866, 0.0500178225338459, 0), (0.6352228535679219, -0.5651227420403648, 0.5264296531677246, 0), (-0.1994582149742321, -0.2117607455827617, -0.35890111327171326, 1) ),
            10533.523229999999: ( (0.39917256124217815, -0.2097737488985203, -0.8925560116767883, 0), (0.6174122786626999, 0.7811794543121575, 0.09252426773309708, 0), (0.6778372272451332, -0.5880081402279291, 0.441342294216156, 0), (-0.08967236121064381, -0.3741898230319496, -0.34406664967536926, 1) ),
            10563.034319999999: ( (0.5187314160189924, -0.15639131508943827, -0.8405114412307739, 0), (0.4705696503740544, 0.8730329402549426, 0.12797506153583527, 0), (0.7137799751611169, -0.4619038602077268, 0.5264626741409302, 0), (-0.044414164723209026, -0.30462873882843233, -0.487149178981781, 1) ),
            10576.039200000001: ( (0.5204880072650511, -0.014408761135509707, -0.8537474274635315, 0), (0.2535398596403091, 0.957370987716569, 0.1384132355451584, 0), (0.815358661198907, -0.2885014457093362, 0.5019533634185791, 0), (-0.011599536583922543, -0.2569371782854475, -0.48097988963127136, 1) ),
            10591.04484: ( (0.5226895465525212, 0.06871188256881577, -0.8497495651245117, 0), (0.07119613115203549, 0.9897465755447001, 0.12382569164037704, 0), (0.8495449986901562, -0.12522124929309797, 0.512438178062439, 0), (0.030674441907910577, -0.2439162503279686, -0.4454018473625183, 1) ),
            10607.55105: ( (0.5039544212963998, 0.12075964122939009, -0.8552467823028564, 0), (-0.10434288719659612, 0.9914380347694074, 0.07850556820631027, 0), (0.85740447784009, 0.049675686374380135, 0.5122399926185608, 0), (0.07178874262088186, -0.3336443367239923, -0.4007759690284729, 1) ),
            10624.557449999998: ( (0.4656383916993758, 0.19403266222914572, -0.863442063331604, 0), (-0.2327194402912891, 0.9681762390678674, 0.09206721186637878, 0), (0.853828159475853, 0.15806974004360086, 0.49597522616386414, 0), (0.123233976898657, -0.43673059833316685, -0.394634872674942, 1) ),
            10646.56569: ( (0.4271687198027492, 0.25131578284505873, -0.8685431480407715, 0), (-0.39246517402328074, 0.9169214996802832, 0.07229116559028625, 0), (0.8145538149976277, 0.309992420753189, 0.4903129041194916, 0), (0.22267607448385807, -0.5262156970196457, -0.38643932342529297, 1) ),
            10667.57358: ( (0.37697934714485415, 0.2917548334191813, -0.8790709376335144, 0), (-0.5328919067469535, 0.8445969930024787, 0.05178878456354141, 0), (0.7575702803046507, 0.448926472886223, 0.4738694429397583, 0), (0.3214745638269023, -0.5954407966409012, -0.3733384609222412, 1) ),
            10724.09481: ( (0.2467260609821299, 0.18959545431055413, -0.9503577351570129, 0), (-0.5430877310343084, 0.8392596090415424, 0.02643837220966816, 0), (0.8026094328540594, 0.5096045758454439, 0.3100341856479645, 0), (0.3713776598558658, -0.6577997007217204, -0.2555319219827652, 1) ),
            10784.61756: ( (0.2834008396741753, 0.14250885371029576, -0.9483539462089539, 0), (-0.44390388445576834, 0.8960721641666018, 0.001998709049075842, 0), (0.850078390124442, 0.4204115533081554, 0.31720784306526184, 0), (0.12962516670646185, -0.9016064010106719, -0.23829413950443268, 1) ),
            10844.1399: ( (0.3237266095736837, 0.11253931848026877, -0.9394338726997375, 0), (-0.28994087485335207, 0.9569313065577401, 0.014722508378326893, 0), (0.9006305364209286, 0.2676142173415865, 0.34241387248039246, 0), (-0.029388002827829496, -1.3504682860022967, -0.25389084219932556, 1) ),
            10902.661919999999: ( (0.27784787384164167, 0.027339601714278405, -0.9602359533309937, 0), (-0.05658776631244855, 0.9983248740134751, 0.012050170451402664, 0), (0.9589568833911564, 0.05098949187808799, 0.27892953157424927, 0), (-0.13943212216653222, -1.6738842943397643, -0.22111189365386963, 1) ),
            10940.17599: ( (0.3094038508628305, 0.03323065983025408, -0.9503499269485474, 0), (-0.048982019356103024, 0.9986194642714779, 0.018971499055624008, 0), (0.9496683578121967, 0.04068020380076476, 0.31060439348220825, 0), (-0.42647287628806296, -1.80994240758751, -0.23091992735862732, 1) ),
            10979.19066: ( (0.3132882062652982, -0.02482046360685075, -0.949333667755127, 0), (0.1763728674931926, 0.9837872516377573, 0.032483287155628204, 0), (0.9331361409986485, -0.1776133313411421, 0.31258660554885864, 0), (-0.6027651107322569, -2.027235055650557, -0.24001017212867737, 1) ),
            11012.70327: ( (0.3691225252031325, -0.03757431377351583, -0.9286208748817444, 0), (0.19618608426054251, 0.9798169548744475, 0.038337234407663345, 0), (0.9084379480002411, -0.19633360851445048, 0.36904406547546387, 0), (-0.880118413518975, -2.07549345512383, -0.2612171769142151, 1) ),
            11066.223390000001: ( (0.43190513061964, -0.09190971906822298, -0.8972238302230835, 0), (0.32029619383067853, 0.945581647100532, 0.057320594787597656, 0), (0.8431300203042831, -0.3121343898407538, 0.43783989548683167, 0), (-1.1508678212735985, -2.133343872321512, -0.29349979758262634, 1) ),
            11094.734100000001: ( (0.4692072245036947, -0.06768866448999233, -0.8804901242256165, 0), (0.23806195716875678, 0.9698406003944591, 0.05230402573943138, 0), (0.8503946571741636, -0.2341526076292837, 0.4711703062057495, 0), (-1.3091462146269215, -2.0633122180476935, -0.3244670033454895, 1) ),
            11121.24408: ( (0.5208410555494485, -0.05025094448876821, -0.8521733283996582, 0), (0.25615828625524983, 0.9614622372505792, 0.09986627101898193, 0), (0.8143141231829638, -0.27030572693726995, 0.5136412382125854, 0), (-1.4072282001587668, -2.0866626904871675, -0.49875590205192566, 1) ),
            11167.761569999999: ( (0.47458524265297264, -0.12620559035823042, -0.8711147904396057, 0), (0.4241185331102173, 0.8999937417982409, 0.1006711795926094, 0), (0.7712926287353579, -0.41723300046189316, 0.4806498885154724, 0), (-1.5191483908270769, -2.1632144922067944, -0.6356163620948792, 1) ),
            11209.27719: ( (0.4600106159073203, -0.18546375594272213, -0.8683279752731323, 0), (0.5846524362374055, 0.7992854375190106, 0.13901183009147644, 0), (0.6682602275893732, -0.5716169792753245, 0.47611162066459656, 0), (-1.689935115838832, -2.2709737666990613, -0.6144036054611206, 1) ),
            11259.796170000001: ( (0.4683950022688155, -0.21903898941619282, -0.8559369444847107, 0), (0.687081513936695, 0.6993575405302384, 0.1970226764678955, 0), (0.5554503167277418, -0.6803829027498582, 0.47807323932647705, 0), (-1.88755851677481, -2.2681565137758213, -0.6321749091148376, 1) ),
            11290.807859999999: ( (0.44313721853377075, -0.26017464757222086, -0.8578686118125916, 0), (0.7881408949782829, 0.5690582285155061, 0.23453481495380402, 0), (0.4271571903648639, -0.780052453067771, 0.45722517371177673, 0), (-2.004921259580769, -2.2960130476098115, -0.6779147982597351, 1) ),
            11325.82104: ( (0.3419797281001862, -0.36252738672548945, -0.8669623732566833, 0), (0.8843767008951144, 0.4360667775197071, 0.16650407016277313, 0), (0.3176912039508615, -0.8236623392124791, 0.469736784696579, 0), (-2.1108775120919496, -2.3051097490589676, -0.7012084722518921, 1) ),
            11359.33365: ( (0.25179088027642815, -0.3409367098092011, -0.9057391881942749, 0), (0.9220582376048441, 0.3687812184264345, 0.11751154065132141, 0), (0.2939556199108688, -0.8647326265845079, 0.4072192907333374, 0), (-2.1724182635510374, -2.343990218632591, -0.706261157989502, 1) ),
            11380.84173: ( (0.2353169795005453, -0.3633177226038712, -0.9014577865600586, 0), (0.922642313979881, 0.3750861392122582, 0.0896747037768364, 0), (0.30554389784207636, -0.8528250550682817, 0.4234764575958252, 0), (-2.1928017986851494, -2.3583114605234705, -0.7192822098731995, 1) ),
            11444.865839999999: ( (0.12078392356530765, -0.3899836272501207, -0.9128658175468445, 0), (0.9554239491159091, 0.2952370807585556, 0.0002872498007491231, 0), (0.2693998298667557, -0.8722085647316478, 0.4082596004009247, 0), (-2.1977710639565826, -2.292393852954448, -0.6607568264007568, 1) ),
            11456.37015: ( (0.16874995636056545, -0.3882238757886367, -0.9059832692146301, 0), (0.9218332841226848, 0.3875455937049024, 0.005634619388729334, 0), (0.34892233036626674, -0.8361163669611935, 0.42327600717544556, 0), (-2.1970328928244864, -2.2608752796796328, -0.5894594192504883, 1) ),
            11483.88051: ( (0.25829020649019707, -0.291727140399602, -0.9209676384925842, 0), (0.8218435920557274, 0.5674487343586536, 0.05074440315365791, 0), (0.507798428940708, -0.7699981777807299, 0.386320561170578, 0), (-2.1585549073449553, -2.210519160494224, -0.5357902646064758, 1) ),
            11496.88539: ( (0.2771414841355879, -0.2859881905770427, -0.917280375957489, 0), (0.791115815635361, 0.6097061867603615, 0.04892968758940697, 0), (0.5452782255287238, -0.7392354799278498, 0.3952246904373169, 0), (-2.1175035386581538, -2.168194834084135, -0.5009099543094635, 1) ),
            11508.88992: ( (0.30670424005255015, -0.29075177750369363, -0.9063089489936829, 0), (0.7451693288218246, 0.6657576671502978, 0.038592107594013214, 0), (0.5921613843987936, -0.6871899761248796, 0.4208500385284424, 0), (-2.0648832061728246, -2.151413399600491, -0.46267178654670715, 1) ),
            11517.39309: ( (0.3068589597364251, -0.3010551348176418, -0.902886152267456, 0), (0.7478447871690683, 0.6630488609052243, 0.033081259578466415, 0), (0.5886983329103401, -0.6853699733618939, 0.42860499024391174, 0), (-2.032263284066561, -2.1345795758731807, -0.42530912160873413, 1) ),
            11522.39499: ( (0.2731860697317723, -0.28775001553029167, -0.9179157614707947, 0), (0.7503843226968341, 0.6608037681027321, 0.016176052391529083, 0), (0.6019075323696885, -0.6932086697666318, 0.39644551277160645, 0), (-2.007334168034218, -2.117380437664993, -0.3880087733268738, 1) ),
            11545.40364: ( (0.26315936599391465, -0.3140197779539391, -0.9122163653373718, 0), (0.7663426625174781, 0.6424319606747622, -0.00007245055894600227, 0), (0.5860597302412618, -0.699051304266133, 0.40970876812934875, 0), (-1.9373395310318537, -2.052253803919636, -0.3242418169975281, 1) ),
            11568.412260000001: ( (0.26548530332644416, -0.3407923629753673, -0.9018747806549072, 0), (0.7081728944991568, 0.7036984186483792, -0.0574420690536499, 0), (0.6542236921607385, -0.623433266756968, 0.42816153168678284, 0), (-1.8427784960611397, -1.9839267687058104, -0.2557387351989746, 1) ),
            11580.91698: ( (0.22811317431617295, -0.33177754525711933, -0.9153622388839722, 0), (0.7719093658880887, 0.6346163424575302, -0.037655867636203766, 0), (0.5933972296240135, -0.6979869168514661, 0.4008665680885315, 0), (-1.7835016870968246, -1.9240045887721853, -0.2448727786540985, 1) ),
            11597.42316: ( (0.23190187092195125, -0.37176589769488166, -0.8988946676254272, 0), (0.7957803223062236, 0.6039494682825892, -0.044482264667749405, 0), (0.5594239671994634, -0.7050071935849376, 0.435901015996933, 0), (-1.6697876237387956, -1.8344975142091307, -0.21649272739887238, 1) ),
            11614.929750000001: ( (0.2114055298448515, -0.37713042368952865, -0.9017096757888794, 0), (0.8402933711763967, 0.541334120715574, -0.02940070629119873, 0), (0.49921411871726573, -0.7514851977987064, 0.4313412308692932, 0), (-1.551199811589317, -1.7388292028014636, -0.22112226486206055, 1) ),
            11638.93878: ( (0.14418517925194108, -0.3987433682240842, -0.9056568741798401, 0), (0.9327230056090166, 0.3604491551781699, -0.010204610414803028, 0), (0.33051228347112804, -0.8432556471517731, 0.42388856410980225, 0), (-1.5153410272685814, -1.7479158656985971, -0.21786130964756012, 1) ),
            11704.96356: ( (0.10394832673096843, -0.43206303325364104, -0.8958327174186707, 0), (0.9077688696001802, 0.4092467283132484, -0.09204768389463425, 0), (0.4063870190776928, -0.8036408586837194, 0.4347538948059082, 0), (-1.2995424018566344, -1.5408717171561555, -0.19222016632556915, 1) ),
            11733.47427: ( (0.20222263832972187, -0.4511890360577646, -0.8692148327827454, 0), (0.8798399216315262, 0.4734911305091236, -0.041083578020334244, 0), (0.4301019777263997, -0.7564618878081764, 0.492724746465683, 0), (-1.3334555152139842, -1.3943426864429114, -0.19819241762161255, 1) ),
            11760.48441: ( (0.14671232549112956, -0.41687341468564876, -0.8970462679862976, 0), (0.8777165076839395, 0.47306790911020635, -0.07629216462373734, 0), (0.45616798917885537, -0.7761593345200978, 0.4353015720844269, 0), (-1.2479233391548314, -1.2349447099091035, -0.1880887895822525, 1) ),
            11794.997370000001: ( (0.28019330620930205, -0.2980451248722247, -0.9125025272369385, 0), (0.6857569306097044, 0.7273298182385108, -0.026994554325938225, 0), (0.6717358585256346, -0.6181912254802189, 0.40817946195602417, 0), (-1.1027999093798604, -1.1251754420996294, -0.18621425330638885, 1) ),
            11834.01204: ( (0.28233648719451, -0.26440849386138643, -0.9221574068069458, 0), (0.6291080703863212, 0.7767349250492916, -0.030098071321845055, 0), (0.7242300346326793, -0.5716388680465094, 0.3856421411037445, 0), (-1.174567705328979, -0.9023287457888891, -0.17829856276512146, 1) ),
            11892.534: ( (0.38016992109438785, -0.15763306600963123, -0.9113849997520447, 0), (0.4328717155297781, 0.9011168586078284, 0.024708544835448265, 0), (0.8173694648733107, -0.40390622269091203, 0.4108124375343323, 0), (-1.0727552385261063, -0.5603655691499085, -0.2064754217863083, 1) ),
            11976.565560000001: ( (0.489119118251919, -0.04292544261726583, -0.871160089969635, 0), (0.10078097210211112, 0.9948798444808666, 0.007562593556940556, 0), (0.8663750108697599, -0.09149539040985388, 0.4909408390522003, 0), (-1.3691607857474004, -0.231205805981606, -0.23310643434524536, 1) ),
            12001.57497: ( (0.5242247222100715, -0.04914258511975689, -0.8501608371734619, 0), (0.13979508343861013, 0.9897560089888664, 0.028988482430577278, 0), (0.8400272225450145, -0.1340447663499198, 0.525724470615387, 0), (-1.542782535746717, -0.26936886004724414, -0.24252104759216309, 1) ),
            12026.084159999999: ( (0.605985450472911, -0.04151641915186488, -0.7943916320800781, 0), (0.10475012220802071, 0.9941056191714317, 0.0279526449739933, 0), (0.7885486846505714, -0.10015152331133237, 0.6067624092102051, 0), (-1.6680403792701597, -0.27440705489716066, -0.30230629444122314, 1) ),
            12041.0898: ( (0.6751367228213976, 0.008232464705622888, -0.7376466393470764, 0), (0.00434080882882526, 0.9998760858177924, 0.015131997875869274, 0), (0.7376798066241452, -0.01341816301688148, 0.6750173568725586, 0), (-1.7747161204218038, -0.22525037218081323, -0.34727978706359863, 1) ),
            12054.09468: ( (0.7289456275141539, 0.06646512835390794, -0.6813374161720276, 0), (-0.06847584179794985, 0.9973632113009554, 0.024033155292272568, 0), (0.6811382361252125, 0.02913629894374914, 0.7315748333930969, 0), (-1.868352280880222, -0.20088236298131612, -0.3980100452899933, 1) ),
            12074.10219: ( (0.7831902419269348, 0.0924499248804942, -0.6148707866668701, 0), (-0.13042734981237913, 0.9913106596413073, -0.017081400379538536, 0), (0.6079487691294165, 0.09357393305001516, 0.788442850112915, 0), (-1.957353918456537, -0.1986564198681613, -0.44824013113975525, 1) ),
            12111.61629: ( (0.8521168510276222, -0.04646680729512376, -0.5212846398353577, 0), (0.05103129436731635, 0.998681354063006, -0.0056032720021903515, 0), (0.5208575926868289, -0.02182719361347729, 0.8533644676208496, 0), (-1.9978536621022585, -0.18860659612150243, -0.4836527109146118, 1) ),
            12129.62304: ( (0.8103476569631205, -0.2638312643515839, -0.5231918692588806, 0), (0.3186343405620491, 0.947749381680481, 0.015594039112329483, 0), (0.49174059789787705, -0.1793434955299027, 0.8520722389221191, 0), (-1.9676211345020818, -0.14474907336479248, -0.48226404190063477, 1) ),
            12149.13036: ( (0.7089862949657029, -0.4383320694897481, -0.5524521470069885, 0), (0.5147680044133018, 0.857109257043259, -0.019431596621870995, 0), (0.48202933520303226, -0.2706079627250002, 0.8333181142807007, 0), (-1.8946903780379571, -0.08663541504018468, -0.4649389982223511, 1) ),
            12161.63505: ( (0.6382449151295528, -0.5157950268952778, -0.5714883208274841, 0), (0.6218711741721297, 0.7830244706990239, -0.01220328826457262, 0), (0.45378376706472423, -0.3476034402266457, 0.8205194473266602, 0), (-1.833845729530573, -0.06693709770680556, -0.4517376720905304, 1) ),
            12172.13901: ( (0.5640828671872731, -0.5449641730432093, -0.6203423142433167, 0), (0.6927435812146916, 0.7211748636335615, -0.003626515157520771, 0), (0.4493515736749778, -0.4276924696328628, 0.7843227982521057, 0), (-1.757645787968869, -0.05914957863967629, -0.4287203252315521, 1) ),
            12182.64294: ( (0.46335724927018784, -0.5616329749769706, -0.6854695081710815, 0), (0.7668541158598279, 0.6417780265315516, -0.007463924586772919, 0), (0.4441112709240045, -0.5221966668756721, 0.7280630469322205, 0), (-1.6802671737227612, -0.05724730334238615, -0.39172691106796265, 1) ),
            12197.14839: ( (0.38404577458576883, -0.5562773291534291, -0.7369290590286255, 0), (0.8022756896218639, 0.5961021884538904, -0.031872186809778214, 0), (0.4570147753617362, -0.5789798523362788, 0.6752182841300964, 0), (-1.6203886842129123, -0.08701171562903198, -0.36130717396736145, 1) ),
            12220.6572: ( (0.27493917570745274, -0.48898900710278126, -0.8278273940086365, 0), (0.8442533260455239, 0.5347680651821719, -0.0354873426258564, 0), (0.4600485628951366, -0.6891391515244562, 0.5598593354225159, 0), (-1.5994190693676593, -0.13597022668121284, -0.2867211103439331, 1) ),
            12235.66284: ( (0.17269435356960017, -0.4527962694029597, -0.8747297525405884, 0), (0.9148542927175081, 0.4028190771227953, -0.02789982408285141, 0), (0.36499077874921415, -0.7954321403561684, 0.48380720615386963, 0), (-1.6150980652717166, -0.18853021217879729, -0.24531088769435883, 1) ),
            12252.66921: ( (0.09396692261749306, -0.37538965578344596, -0.922091543674469, 0), (0.9562039267506819, 0.2919179019285565, -0.021398549899458885, 0), (0.27720782109594566, -0.8796967928395567, 0.3863797187805176, 0), (-1.610017886105549, -0.24899052637162455, -0.19411687552928925, 1) ),
            12263.17317: ( (0.056634606232274454, -0.3251639430117339, -0.9439602494239807, 0), (0.9708986523266461, 0.2383015890774658, -0.023836402222514153, 0), (0.23269795261629156, -0.9151397302826894, 0.32919737696647644, 0), (-1.5935606786860816, -0.27693658776308183, -0.16307640075683594, 1) ),
            12282.1803: ( (0.015224500728399093, -0.2595635634273954, -0.9656060338020325, 0), (0.9885509163876485, 0.148895189678111, -0.024438099935650826, 0), (0.15011735341722776, -0.9541786837759734, 0.25885868072509766, 0), (-1.5691783825419172, -0.27081380487080864, -0.09468495845794678, 1) ),
            12331.69887: ( (0.003012973547633635, -0.2122899485948775, -0.9772020578384399, 0), (0.9947223445735567, 0.10085821753294866, -0.01884371042251587, 0), (0.1025591785366391, -0.971987916196893, 0.21147343516349792, 0), (-1.577398807748942, -0.2137157635584046, 0.07659830898046494, 1) ),
            12356.70825: ( (0.010282724454152348, -0.20962713278740486, -0.9777273535728455, 0), (0.9832465469716389, 0.18007546468981772, -0.02826785296201706, 0), (0.1819904174992022, -0.9610563208345209, 0.20796681940555573, 0), (-1.5255447225753436, -0.06780338842454725, 0.14600804448127747, 1) ),
            12393.722160000001: ( (0.02744834445514499, -0.30558769313243417, -0.9517682194709778, 0), (0.96548863161523, 0.25479330349349283, -0.05396339297294617, 0), (0.25899471323086587, -0.9174401804549994, 0.3020351231098175, 0), (-1.5580498327939871, 0.024378538731124166, 0.22217115759849548, 1) ),
            12420.23211: ( (-0.019495102073964432, -0.3911264518672688, -0.9201304316520691, 0), (0.9801369874352606, 0.17419046476796574, -0.09481088072061539, 0), (0.19736100230346487, -0.903702223685821, 0.37996166944503784, 0), (-1.6938838592232877, 0.05944518289262035, 0.22458359599113464, 1) ),
            12447.24222: ( (-0.011290729372524844, -0.43513837868142513, -0.9002928137779236, 0), (0.9906546850878577, 0.11752078521890397, -0.06922527402639389, 0), (0.13592570216644617, -0.8926608794049571, 0.42974498867988586, 0), (-1.8486458974193845, 0.08896025466694724, 0.19810840487480164, 1) ),
            12477.75366: ( (-0.11913696830469789, -0.5712450150997199, -0.8120871186256409, 0), (0.9845883526780366, 0.0374974772727672, -0.17082050442695618, 0), (0.12803158311002605, -0.8199225555027461, 0.5579738616943359, 0), (-1.9102778365203257, 0.1628651594867101, 0.21224206686019897, 1) ),
            12504.26361: ( (-0.15386276342132277, -0.6741042570595823, -0.7224331498146057, 0), (0.9749779102467926, 0.015148932529868375, -0.22178491950035095, 0), (0.1604502796930678, -0.7384808262586855, 0.6549059152603149, 0), (-1.9312664219697595, 0.2732919997263181, 0.2617679536342621, 1) ),
            12548.780340000001: ( (-0.29854188418873306, -0.8089374788597148, -0.5064512491226196, 0), (0.9307968034692742, -0.12950766682510917, -0.34182608127593994, 0), (0.21092662751994062, -0.5734525793336314, 0.7916198968887329, 0), (-1.8736145758815752, 0.39117141649570897, 0.31006383895874023, 1) ),
            12577.29102: ( (-0.40160816888774775, -0.7822428740507164, -0.4762425124645233, 0), (0.8989638966521696, -0.23743583955983638, -0.36808711290359497, 0), (0.17485646605535443, -0.5759516007330259, 0.7985643148422241, 0), (-1.8101642376959965, 0.3923751220102112, 0.3706709146499634, 1) ),
            12600.79983: ( (-0.45755771327409356, -0.7451115782714108, -0.48523154854774475, 0), (0.8782726916989638, -0.29350724295626307, -0.3774791955947876, 0), (0.13884513962001588, -0.5988841250759096, 0.7887076735496521, 0), (-1.7459785889503294, 0.369363393072625, 0.3743773102760315, 1) ),
            12616.30566: ( (-0.5213832290946048, -0.7022093497700634, -0.48483148217201233, 0), (0.8500467639746212, -0.3776679894920356, -0.3671339750289917, 0), (0.07469955744904055, -0.6035469073674058, 0.7938205599784851, 0), (-1.6776367738912512, 0.3473294155504334, 0.360787957906723, 1) ),
            12633.81222: ( (-0.5660478360349543, -0.6642125598885471, -0.4882740080356598, 0), (0.8243455651276257, -0.4512827284874099, -0.3417576551437378, 0), (0.006650126439016191, -0.5959576797433606, 0.8029882907867432, 0), (-1.6085043283915041, 0.31589965256434027, 0.34978023171424866, 1) ),
            12657.821249999999: ( (-0.6099607769315725, -0.6498391622279556, -0.453494131565094, 0), (0.7924238617021473, -0.5027233169640084, -0.34544697403907776, 0), (-0.0034971198070827825, -0.5700686798009187, 0.8215895891189575, 0), (-1.5060193454249315, 0.25612550799760925, 0.32136476039886475, 1) ),
            12687.8325: ( (-0.6073295510352477, -0.635701585737289, -0.4764810800552368, 0), (0.7944498502594488, -0.4856222958373433, -0.3647196590900421, 0), (0.0004630325773877786, -0.6000453659700451, 0.7999658584594727, 0), (-1.3890471468562993, 0.30376521687753666, 0.3479726016521454, 1) ),
            12705.33906: ( (-0.6218007627756297, -0.6256296565891528, -0.47111713886260986, 0), (0.7831166546338668, -0.504051999872841, -0.36422500014305115, 0), (-0.0095975866816147, -0.5954150406124654, 0.8033609390258789, 0), (-1.3000969257210855, 0.3322625028668895, 0.3407520353794098, 1) ),
            12717.84375: ( (-0.6334825652311169, -0.6222072921307662, -0.459954172372818, 0), (0.7732502934868606, -0.5305813864847195, -0.347228080034256, 0), (-0.02799528917161176, -0.5756226466040975, 0.817236065864563, 0), (-1.235472541648079, 0.3474436558211522, 0.318215548992157, 1) ),
            12729.848250000001: ( (-0.641078176151205, -0.6009189656383169, -0.47740453481674194, 0), (0.7620795960987419, -0.5720564753311965, -0.30329209566116333, 0), (-0.09084838990144561, -0.5582541876437404, 0.8246810436248779, 0), (-1.1860260337209567, 0.34290108070219816, 0.2866416573524475, 1) ),
            12745.354080000001: ( (-0.675184822429955, -0.54368540918923, -0.49852943420410156, 0), (0.7174481951918228, -0.6410971310957034, -0.27251142263412476, 0), (-0.17144534191726635, -0.5416646290589355, 0.8229252099990845, 0), (-1.1385474403642064, 0.32527513143305953, 0.2600182294845581, 1) ),
            12755.85801: ( (-0.6803438532629555, -0.5207745345969106, -0.5156802535057068, 0), (0.7059428132428298, -0.6547114721686338, -0.2701805830001831, 0), (-0.1969186196509103, -0.5478564803982824, 0.8130660057067871, 0), (-1.1163433276490338, 0.31702218107682256, 0.23733007907867432, 1) ),
            12797.373599999999: ( (-0.7018041418792051, -0.4325176281672634, -0.5660383105278015, 0), (0.6652131314192617, -0.682188574170481, -0.30349668860435486, 0), (-0.2548772320202044, -0.5895313563938789, 0.7664791941642761, 0), (-1.0646392723739595, 0.26060055755554146, 0.20302969217300415, 1) ),
            12805.876769999999: ( (-0.6850591394525521, -0.4165401510004205, -0.5976523160934448, 0), (0.665436189570161, -0.6916705259908449, -0.2806892693042755, 0), (-0.2964601175161068, -0.5899882320150152, 0.7510161399841309, 0), (-0.9961905359452032, 0.24642331002392837, 0.19961994886398315, 1) ),
            12822.382979999998: ( (-0.6796919876815675, -0.4290053386405356, -0.5949565172195435, 0), (0.6721540146516327, -0.6890108310459295, -0.2710590958595276, 0), (-0.29364564889418077, -0.5841390899017149, 0.7566727995872498, 0), (-0.9030261140511584, 0.23084900540817443, 0.14849701523780823, 1) ),
            12855.39534: ( (-0.49163814426968866, -0.5292255944922184, -0.6915289163589478, 0), (0.8110636300531073, -0.567354101735317, -0.14242571592330933, 0), (-0.3169664435832278, -0.6308958514249081, 0.7081685662269592, 0), (-0.8555568855340994, 0.21908956866131746, -0.020603926852345467, 1) ),
            12872.401740000001: ( (-0.483501666248654, -0.5228068567581508, -0.7020677328109741, 0), (0.8086620017492443, -0.5738184764125158, -0.1296074092388153, 0), (-0.33509982392985194, -0.6304009068179468, 0.7002162337303162, 0), (-0.8414388545582483, 0.18884743331308584, -0.1327139362692833, 1) ),
            12884.90643: ( (-0.49312231635343373, -0.5031284094251323, -0.7097127437591553, 0), (0.7726934219062755, -0.6281379272304832, -0.09158400446176529, 0), (-0.39971896822760655, -0.5935524644179573, 0.698512852191925, 0), (-0.840591554612331, 0.16545022035137436, -0.19822554290294647, 1) ),
            12902.91318: ( (-0.5532220929881686, -0.44845825080514734, -0.7020188570022583, 0), (0.6749038628220969, -0.7352840692061893, -0.06214579567313194, 0), (-0.48831348256723306, -0.5081756646645692, 0.709441602230072, 0), (-0.8451318058497463, 0.11223257463780101, -0.30678167939186096, 1) ),
            12917.4186: ( (-0.5834654722101174, -0.33399997108407775, -0.7402783632278442, 0), (0.5523307199766414, -0.8314488282360166, -0.06019630283117294, 0), (-0.5953980382077644, -0.44400095671143536, 0.6696001291275024, 0), (-0.8683085485131841, 0.051375720768163546, -0.3886365294456482, 1) ),
            12926.92218: ( (-0.6331209696818649, -0.24838142912866923, -0.7331197261810303, 0), (0.4278727836391165, -0.9015659880132731, -0.06405910849571228, 0), (-0.6450446914229793, -0.354239129200256, 0.677075982093811, 0), (-0.9050329232458267, 0.01693983908295138, -0.42341604828834534, 1) ),
            12943.42836: ( (-0.676410914699523, -0.15726142382054764, -0.7195395231246948, 0), (0.26495009823362636, -0.9634936395398697, -0.03848955035209656, 0), (-0.6872188074178078, -0.21667680876827955, 0.693384051322937, 0), (-0.9455312886861122, -0.047621150121784694, -0.5598680377006531, 1) ),
            12972.43923: ( (-0.6903679612024618, -0.21523883437461677, -0.6906983852386475, 0), (0.31610530293659167, -0.9485052434757577, -0.020376216620206833, 0), (-0.6507453109682073, -0.23240052499304742, 0.722855806350708, 0), (-0.9587198889754802, -0.10494273666418508, -0.7451692819595337, 1) ),
            12975.94053: ( (-0.6829388254131574, -0.22799770102559958, -0.6939823627471924, 0), (0.3430900507743866, -0.9388489613845961, -0.029185324907302856, 0), (-0.6448904806451066, -0.2580302595223727, 0.7194002270698547, 0), (-0.954319939494912, -0.1131931271967197, -0.761369526386261, 1) ),
            13004.95143: ( (-0.6508194798727671, -0.32703773487676147, -0.6851863265037537, 0), (0.48606458138269804, -0.8727573109955105, -0.04512017220258713, 0), (-0.5832453902978978, -0.3624099009182906, 0.7269689440727234, 0), (-1.0037496547743032, -0.09541057089443683, -0.8915556073188782, 1) ),
            13014.454979999999: ( (-0.6401847534834397, -0.38098885991869036, -0.667091429233551, 0), (0.5744160504082791, -0.8139952959588759, -0.08635886758565903, 0), (-0.5101075231245638, -0.43847365456430865, 0.7399535179138184, 0), (-1.050003901168452, -0.03843776961868173, -0.9032202959060669, 1) ),
            13018.95666: ( (-0.6268134777233888, -0.40803895855064176, -0.6637839078903198, 0), (0.6109653330221381, -0.7860910202777784, -0.09371355175971985, 0), (-0.4835557955432881, -0.4642898750970561, 0.742030143737793, 0), (-1.0665487341277924, -0.014260435552387207, -0.9045639038085938, 1) ),
            13028.46024: ( (-0.5547656128369103, -0.45751343896960384, -0.6949219703674316, 0), (0.7020142237913385, -0.7056863207313837, -0.09582715481519699, 0), (-0.4465546760728625, -0.5410066849283357, 0.7126714587211609, 0), (-1.0873982692615058, 0.03195145835270097, -0.9220868945121765, 1) ),
            13037.4636: ( (-0.4874649448964252, -0.4619669729900604, -0.7409213185310364, 0), (0.7495788522045359, -0.6565923506404303, -0.08377332240343094, 0), (-0.4477827967648125, -0.5962155208113842, 0.6663464903831482, 0), (-1.090200197523501, 0.05557107399972949, -0.9628437161445618, 1) ),
            13051.46883: ( (-0.4666178637913001, -0.4756209513261096, -0.7456892132759094, 0), (0.7903201922329401, -0.6027174938391227, -0.11011620610952377, 0), (-0.39706638186084575, -0.6407154537426223, 0.6571316123008728, 0), (-1.081374012781417, 0.03682790864076679, -1.0317472219467163, 1) ),
            13067.47485: ( (-0.45558756335013406, -0.47458518608145717, -0.753132700920105, 0), (0.7888786877872409, -0.6072293852089015, -0.09456666558980942, 0), (-0.412444379819469, -0.6372137184146425, 0.6510363221168518, 0), (-1.0566446160903311, -0.009427557578540302, -1.0851330757141113, 1) ),
            13085.981759999999: ( (-0.33202609388708204, -0.5489358712548817, -0.7670906782150269, 0), (0.9053212210358801, -0.4137957028154666, -0.09574220329523087, 0), (-0.26486250604737727, -0.7262523666690104, 0.634354293346405, 0), (-1.092655561738077, -0.017266791270422743, -1.1296707391738892, 1) ),
            13102.98813: ( (-0.2969404182451374, -0.550728939372922, -0.7800794839859009, 0), (0.9499896252638784, -0.2530851692811815, -0.18294157087802887, 0), (-0.09667536029129664, -0.795390143989831, 0.5983380079269409, 0), (-1.1244979994729931, -0.021986922048441215, -1.1411713361740112, 1) ),
            13114.99263: ( (-0.4556484342801612, -0.4375563700390819, -0.7751960158348083, 0), (0.8152856386365332, -0.5547252505769489, -0.16610002517700195, 0), (-0.35734263813226974, -0.7076894104175047, 0.6094931364059448, 0), (-1.0726505109713145, -0.07469596011549129, -1.0953480005264282, 1) ),
            13121.99526: ( (-0.46822019877485177, -0.4225208948846606, -0.776045024394989, 0), (0.7838338578261137, -0.6040309075869281, -0.1440524309873581, 0), (-0.40789005061999184, -0.6757386682646409, 0.6140056848526001, 0), (-1.056872231156035, -0.11176794165065473, -1.043046474456787, 1) ),
            13126.496939999999: ( (-0.48759721560230673, -0.4177573563067938, -0.7666339874267578, 0), (0.7509153522181595, -0.6486240829406835, -0.124148890376091, 0), (-0.44539315375119237, -0.6362118806827919, 0.6299677491188049, 0), (-1.0459317320611845, -0.13335889161010783, -1.0072811245918274, 1) ),
            13130.498430000001: ( (-0.5384857582118099, -0.382216697493456, -0.7509617209434509, 0), (0.683537846158452, -0.7192987730295739, -0.1240374818444252, 0), (-0.4927566150005278, -0.580103147021588, 0.6485916972160339, 0), (-1.033856419835061, -0.1574856217227989, -0.9784122109413147, 1) ),
            13137.501059999999: ( (-0.6044185360001657, -0.32477408157960785, -0.7274613380432129, 0), (0.5567737812098461, -0.8253122278562406, -0.09414160251617432, 0), (-0.5698079707069739, -0.4619323278529204, 0.6796597242355347, 0), (-1.0131193778087884, -0.20223147215401482, -0.9376738667488098, 1) ),
            13150.00575: ( (-0.609082132328199, -0.28090445010937337, -0.7416951060295105, 0), (0.4824845030167739, -0.8734587782836507, -0.06540994346141815, 0), (-0.6294661536602524, -0.3976964216326353, 0.6675401926040649, 0), (-0.9917853714690139, -0.26081396993124173, -0.8541187047958374, 1) ),
            13175.515290000001: ( (-0.5970376338729628, -0.2529314939646352, -0.7612960338592529, 0), (0.42648465231883437, -0.9038489902279436, -0.0341726616024971, 0), (-0.6794533238016012, -0.34508345070433855, 0.6475033164024353, 0), (-0.9843665033553357, -0.2928383416027138, -0.7790342569351196, 1) ),
            13198.52388: ( (-0.6494942649597979, -0.184771901490703, -0.7375747561454773, 0), (0.3040591855663797, -0.9522052524422451, -0.029209135100245476, 0), (-0.6969255301393682, -0.2432375462034484, 0.6746334433555603, 0), (-0.949699985428186, -0.33746785926626544, -0.6671905517578125, 1) ),
            13222.03266: ( (-0.5862003649706979, -0.13439490838671642, -0.7989412546157837, 0), (0.2592732402409368, -0.9654027225366377, -0.027837909758090973, 0), (-0.7675587606569056, -0.22346266081836852, 0.6007644534111023, 0), (-0.9270347929121954, -0.38978193193339905, -0.49826881289482117, 1) ),
            13245.04125: ( (-0.47341377358249037, -0.10865448136047728, -0.8741130232810974, 0), (0.24467128236079994, -0.9695318390274874, -0.011997044086456299, 0), (-0.8461768613753815, -0.21954990270246277, 0.4855743944644928, 0), (-0.9440832655188736, -0.3815745361979701, -0.37825143337249756, 1) ),
            13271.05098: ( (-0.37270295643341367, -0.024315911367250642, -0.9276320934295654, 0), (0.08456166156469891, -0.9963872652333734, -0.007856897078454494, 0), (-0.9240897118816704, -0.08137037999008356, 0.3734126687049866, 0), (-0.977581103061798, -0.28128256904008353, -0.2814573049545288, 1) ),
            13280.554530000001: ( (-0.3258933854809092, -0.007426863945526385, -0.9453773498535156, 0), (0.041941660020569316, -0.9990981825581784, -0.006609369069337845, 0), (-0.9444757310728136, -0.041804659205809, 0.3259109854698181, 0), (-0.9909525852241465, -0.24753247861001526, -0.2555522471666336, 1) ),
            13303.06296: ( (-0.2589236842626397, 0.03543526167459543, -0.9652475714683533, 0), (-0.13811163795731574, -0.9904163817834828, 0.000688636617269367, 0), (-0.9559726241640547, 0.1334902219305576, 0.2613362967967987, 0), (-1.0267900303697637, -0.2485518126954993, -0.22108300030231476, 1) ),
            13312.56648: ( (-0.2508575284181074, 0.036879961198255984, -0.9673212170600891, 0), (-0.23668396505048506, -0.9712815447453629, 0.024348825216293335, 0), (-0.9386432335189241, 0.23505750316568452, 0.25238218903541565, 0), (-1.0435029100132667, -0.286985990094756, -0.21273809671401978, 1) ),
            13352.08125: ( (-0.29914798375988294, -0.01738253926247868, -0.9540483951568604, 0), (0.05745763832666917, -0.9983479278061136, 0.00017345137894153595, 0), (-0.9524752016935008, -0.05476548009810678, 0.2996525466442108, 0), (-0.863602297093621, -0.23222834839337736, -0.23056364059448242, 1) ),
            13392.59637: ( (-0.28296366113391436, -0.04065499988652199, -0.9582686424255371, 0), (0.08537190410832274, -0.99620313964685, 0.017055228352546692, 0), (-0.9553235971435825, -0.07698321393657181, 0.28536009788513184, 0), (-0.5082596696159811, -0.13084071312330536, -0.22579003870487213, 1) ),
            13423.60794: ( (-0.30413941739777695, -0.024723266081850603, -0.9523066878318787, 0), (0.0956935753854502, -0.9953996158827927, -0.004719763994216919, 0), (-0.9478089906811533, -0.09256507805363867, 0.30510613322257996, 0), (-0.24458095803074542, -0.07752030691974454, -0.23247908055782318, 1) ),
            13448.117100000001: ( (-0.30530120197312405, -0.07734529139833457, -0.9491094946861267, 0), (0.19878321645418673, -0.979914266190308, 0.01591280847787857, 0), (-0.9312767364258523, -0.18380883410509874, 0.3145439624786377, 0), (0.006830623549610948, -0.08501806083484809, -0.21900592744350433, 1) ),
            13466.123819999999: ( (-0.3958501904261853, -0.09008156498515074, -0.9138861894607544, 0), (0.15002835773625378, -0.9881500826493337, 0.03241688385605812, 0), (-0.9059768867216622, -0.12427663544650436, 0.4046742022037506, 0), (0.16889910330252533, -0.017632421115752805, -0.24984468519687653, 1) ),
            13490.13279: ( (-0.4060878624180564, -0.03205858544148832, -0.9132715463638306, 0), (0.0641989347791494, -0.9979160194359125, 0.006483684293925762, 0), (-0.9115761426893361, -0.05599811453371295, 0.4072997272014618, 0), (0.3441410882217415, -0.01713392050895557, -0.251127153635025, 1) ),
            13508.13948: ( (-0.38551790364841976, -0.10093835301960619, -0.9171627163887024, 0), (0.2650490915664143, -0.9642203754228866, -0.005292803514748812, 0), (-0.8838126949163136, -0.24513361264851774, 0.39847785234451294, 0), (0.5016917073254836, -0.09575963687356914, -0.23472756147384644, 1) ),
            13535.64975: ( (-0.37737710387036727, -0.17042104201714214, -0.9102434515953064, 0), (0.37093016362374076, -0.9284443625178751, 0.020045079290866852, 0), (-0.8485265215829285, -0.33007219684501, 0.4135879576206207, 0), (0.6812793878544108, -0.10208643807852713, -0.23948369920253754, 1) ),
            13553.156280000001: ( (-0.4052340320693322, -0.17428530566654565, -0.8974463939666748, 0), (0.3641994710069749, -0.9311767858699174, 0.01638471707701683, 0), (-0.8385368600095626, -0.3202098557794768, 0.4408191740512848, 0), (0.8141376401915004, -0.015206565371695291, -0.24490050971508026, 1) ),
            13567.661699999999: ( (-0.4316339467995518, -0.18756705819403807, -0.8823325634002686, 0), (0.4320193528690419, -0.9016498149156673, -0.019668787717819214, 0), (-0.7918657623251977, -0.38967445517489674, 0.4702152907848358, 0), (0.8722625643648332, 0.016691399867218237, -0.2661977708339691, 1) ),
            13588.66953: ( (-0.4184098381344097, -0.22442222197427397, -0.880095362663269, 0), (0.5664543096420258, -0.8219270697211372, -0.05971098318696022, 0), (-0.7099737479288044, -0.5235174824766102, 0.47102731466293335, 0), (1.029786177916694, -0.02582900968076407, -0.2613820731639862, 1) ),
            13601.17419: ( (-0.48505067593560236, -0.2105876905645867, -0.8487512469291687, 0), (0.4818209126164883, -0.8743199372632098, -0.05842294543981552, 0), (-0.7297769515205812, -0.43728417019578236, 0.5255550742149353, 0), (1.107947705676291, -0.10110370060259921, -0.28323036432266235, 1) ),
            13614.67923: ( (-0.5210809461520078, -0.15547329392946452, -0.8392274379730225, 0), (0.37076779635627677, -0.9268813183667417, -0.058499932289123535, 0), (-0.768769057780093, -0.34164170085347534, 0.5406246781349182, 0), (1.143238062684203, -0.16249491133621596, -0.29132840037345886, 1) ),
            13624.68297: ( (-0.5466940717237927, -0.09994660293721136, -0.8313460946083069, 0), (0.2580949642772943, -0.9646229326042679, -0.0537540465593338, 0), (-0.7965629831759022, -0.24395325565580084, 0.5531493425369263, 0), (1.1499761726935782, -0.19252039595366188, -0.29644468426704407, 1) ),
            13639.68855: ( (-0.5471672462434043, 0.0024937741411505954, -0.8370195627212524, 0), (0.04267247236862737, -0.9986120506749163, -0.0308705884963274, 0), (-0.835934830418644, -0.05260907079939159, 0.5463014245033264, 0), (1.1219481788609462, -0.19242363874152613, -0.2927457392215729, 1) ),
            13656.1947: ( (-0.5300647521314712, 0.07461116256139455, -0.8446682691574097, 0), (-0.08829473942028088, -0.9955630351391171, -0.03253132477402687, 0), (-0.843347695963443, 0.057336067130135504, 0.5343006253242493, 0), (1.0450224280672025, -0.1348844608823363, -0.3388839066028595, 1) ),
            13674.70158: ( (-0.5648733615524435, 0.04395271206517748, -0.824006199836731, 0), (-0.06845347045399564, -0.9976344766971081, -0.006287819240242243, 0), (-0.8223333427778172, 0.05285426760447365, 0.5665459036827087, 0), (1.0129771754596186, -0.12438609287570146, -0.47643813490867615, 1) ),
            13679.203259999998: ( (-0.5892176972550178, 0.027790370497454475, -0.8074962496757507, 0), (-0.031138562243935297, -0.9994468770681486, -0.011675090529024601, 0), (-0.8073740518342465, 0.01826511206927428, 0.5897571444511414, 0), (1.0111304606390048, -0.12733013780588487, -0.5240709185600281, 1) ),
            13685.705699999999: ( (-0.6157557565439973, -0.01367448299893681, -0.787818431854248, 0), (0.028147039773536164, -0.9995929623426818, -0.004649275913834572, 0), (-0.7874341705118137, -0.025037572361904736, 0.6158900260925293, 0), (0.9989308796249428, -0.13078487375104464, -0.5987277030944824, 1) ),
            13692.208110000001: ( (-0.6418836445363478, -0.004469006795220665, -0.7667890191078186, 0), (0.0433713723883109, -0.9985937403129945, -0.03048641048371792, 0), (-0.7655745003979995, -0.052825433267674526, 0.641174852848053, 0), (0.9922511020888254, -0.1295346053909383, -0.662166178226471, 1) ),
            13702.21185: ( (-0.639129756680024, 0.007480231556787231, -0.7690625190734863, 0), (0.02345791682076026, -0.9992978627953306, -0.02921433374285698, 0), (-0.7687410811883684, -0.03671239599168352, 0.6385055780410767, 0), (0.992648703172863, -0.11286105772517807, -0.7224320769309998, 1) ),
            13714.21632: ( (-0.6262357372894467, -0.04078244562890099, -0.7785663604736328, 0), (0.026778671510211183, -0.999166807931072, 0.03079856187105179, 0), (-0.7791737167413846, -0.0015618311809202368, 0.6268060803413391, 0), (1.0009320204537944, -0.05965576342107326, -0.7713112235069275, 1) ),
            13727.72133: ( (-0.6194568491829955, -0.01403570239599361, -0.784905195236206, 0), (-0.04381657474677425, -0.9976633353215512, 0.05242082476615906, 0), (-0.7838068994948113, 0.06686429608334343, 0.6173944473266602, 0), (1.0401840339106974, -0.003052827856390161, -0.8095417022705078, 1) ),
            13748.22897: ( (-0.6329916559333046, -0.048619245577439685, -0.7726303935050964, 0), (0.05288048575119397, -0.9984103317739059, 0.019503559917211533, 0), (-0.7723504393967424, -0.02851148792699476, 0.6345564723014832, 0), (1.0530891702942453, 0.021374854432836266, -0.8334866762161255, 1) ),
            13768.23642: ( (-0.6182929878473526, -0.11864132961935248, -0.7769414186477661, 0), (0.2940811073210803, -0.9516547377690294, -0.08871031552553177, 0), (-0.7288552949694465, -0.2833327796973739, 0.6232916116714478, 0), (1.035955553428054, -0.007196763409088369, -0.8216447830200195, 1) ),
            13775.23902: ( (-0.6106128180460102, -0.14430894722097865, -0.7786699533462524, 0), (0.3515999224265203, -0.9304357475164187, -0.10328023880720139, 0), (-0.7095980784233595, -0.3368445178151842, 0.6188750267028809, 0), (1.0308955206845853, -0.006377808172345345, -0.8190916776657104, 1) ),
            13793.24571: ( (-0.6445744501562025, -0.05011283575569436, -0.7628974318504333, 0), (0.17288039384015264, -0.9815575142246615, -0.08159112185239792, 0), (-0.7447389706684451, -0.18448156287369777, 0.6413504481315613, 0), (1.0124730652258132, -0.07166355827016635, -0.7673680186271667, 1) ),
            13799.74815: ( (-0.6614541971850212, 0.019710107119086828, -0.7497265338897705, 0), (0.10681960439114313, -0.9869872512106834, -0.1201903447508812, 0), (-0.7423394685783098, -0.1595858832022099, 0.650741457939148, 0), (0.9960085031489188, -0.0966484502693985, -0.7252861261367798, 1) ),
            13808.25129: ( (-0.6496049922891363, 0.06071112656953126, -0.7578439712524414, 0), (0.05159004204942441, -0.9909888716050776, -0.12361016124486923, 0), (-0.7585194641828998, -0.1193949982619209, 0.6406192779541016, 0), (0.9901407011408914, -0.115607108939211, -0.6783888936042786, 1) ),
            13816.75446: ( (-0.645304017991263, 0.07237950549883543, -0.7604892253875732, 0), (0.02350007479919114, -0.9931494527643316, -0.11446361988782883, 0), (-0.7635642611890123, -0.09173537332039494, 0.639182448387146, 0), (0.9797566163475029, -0.12140812905647924, -0.6348941922187805, 1) ),
            13824.25725: ( (-0.6488932860522993, 0.07746472830194762, -0.7569258213043213, 0), (0.005618593101370806, -0.9942889299286968, -0.1065734475851059, 0), (-0.760858646603797, -0.07340763968907638, 0.6447522044181824, 0), (0.966430713532588, -0.11888269203738622, -0.5841916799545288, 1) ),
            13832.76042: ( (-0.6358636023629103, 0.0933792557931632, -0.7661316990852356, 0), (-0.040982684534402125, -0.9953385065811808, -0.08730167150497437, 0), (-0.7707125556926187, -0.02411379048190554, 0.6367264986038208, 0), (0.9512469527424585, -0.12062777196129248, -0.5290300846099854, 1) ),
            13846.76562: ( (-0.6230822814825601, 0.11622205534188979, -0.7734732627868652, 0), (-0.09871899442895327, -0.9926759369546652, -0.06963492929935455, 0), (-0.7759013750121468, 0.03296823599548304, 0.6299921274185181, 0), (0.938878696884967, -0.1222989054529342, -0.4840620756149292, 1) ),
            13860.77082: ( (-0.6068805861817133, 0.14902085382569297, -0.7806975841522217, 0), (-0.1804096589233417, -0.9824540566548983, -0.04728981852531433, 0), (-0.7740466951960343, 0.11214606661227577, 0.6231171488761902, 0), (0.9187592566424918, -0.13496142113847398, -0.44911614060401917, 1) ),
            13868.27361: ( (-0.5611498917969584, 0.1854641865958513, -0.8066683411598206, 0), (-0.2612132787285546, -0.9644506788506462, -0.04003041982650757, 0), (-0.78541605340315, 0.18824943767264912, 0.589647114276886, 0), (0.9089489954492906, -0.1602519979720447, -0.41941824555397034, 1) ),
            13879.777890000001: ( (-0.5188156558222872, 0.20830510115191103, -0.8291195631027222, 0), (-0.3542413753030047, -0.9350600535845928, -0.013257181271910667, 0), (-0.7780381227736655, 0.28683044527257096, 0.558914065361023, 0), (0.8993150573086259, -0.19153233375274237, -0.3982117474079132, 1) ),
            13891.282169999999: ( (-0.4813156240035763, 0.22390393164005395, -0.8474681377410889, 0), (-0.4430776697573009, -0.896360659641033, 0.014822416938841343, 0), (-0.7563183160392981, 0.3826285091707291, 0.5306392312049866, 0), (0.8888956743520575, -0.21566211681133485, -0.3774768114089966, 1) ),
            13905.78756: ( (-0.42805481793311095, 0.23221759557472232, -0.8734094500541687, 0), (-0.534082683280916, -0.8446138466782767, 0.037190426141023636, 0), (-0.7290574300065238, 0.4823923991702621, 0.4855644106864929, 0), (0.8706186709808534, -0.22913972858886922, -0.33429476618766785, 1) ),
            13917.29184: ( (-0.3540326081837444, 0.2056248953519093, -0.912348210811615, 0), (-0.5525136834540998, -0.8330778922439155, 0.02664148434996605, 0), (-0.7545790156208376, 0.5135168475258389, 0.4085473418235779, 0), (0.8679980860533285, -0.22823901711703742, -0.2773103415966034, 1) ),
            13933.79799: ( (-0.23333951425408905, 0.15605223049449357, -0.9597918391227722, 0), (-0.604767745444736, -0.7962079645759523, 0.01757274754345417, 0), (-0.7614516410033456, 0.5845515758909432, 0.28016215562820435, 0), (0.8538816909037852, -0.21490100556377634, -0.14880584180355072, 1) ),
            13953.80541: ( (-0.15870016642228313, 0.0958732154031261, -0.9826609492301941, 0), (-0.6498949468446806, -0.7593969062395605, 0.030867833644151688, 0), (-0.7432703014437738, 0.6435251410667018, 0.18282395601272583, 0), (0.8228460141910348, -0.23807317488726243, -0.12372080981731415, 1) ),
            13970.31156: ( (-0.06224337202437291, -0.0074335830569618455, -0.998033344745636, 0), (-0.7052471843596244, -0.7072486359294494, 0.04925122112035751, 0), (-0.7062238313257092, 0.7069257572459078, 0.03877902776002884, 0), (0.7889635956523691, -0.24004022604804476, -0.03979800269007683, 1) ),
            13989.81879: ( (0.04415507834072829, -0.1496715681267331, -0.9877493381500244, 0), (-0.7685561598622881, -0.636758410698854, 0.06213011220097542, 0), (-0.6382567935323955, 0.7563974601604535, -0.14314712584018707, 0), (0.7553824254085408, -0.24548102509384995, 0.04857673868536949, 1) ),
            14024.83182: ( (0.1446270179453819, -0.31362041093840176, -0.938469648361206, 0), (-0.7955836002235106, -0.6007804083655994, 0.07816354930400848, 0), (-0.5883278685716666, 0.735326519164528, -0.3364003598690033, 0), (0.6975112779247707, -0.2979305033828703, 0.1334456503391266, 1) ),
            14049.84111: ( (0.16200519381389533, -0.4537366527181792, -0.8762861490249634, 0), (-0.8429576695482186, -0.5252918042398798, 0.11614999920129776, 0), (-0.5130074302169383, 0.719855207290861, -0.46758079528808594, 0), (0.6270216370988093, -0.36033619119327676, 0.18117424845695496, 1) ),
            14075.850779999999: ( (0.16830695453499, -0.6018473059109697, -0.780674397945404, 0), (-0.9014027088346306, -0.4144840598739159, 0.12520426511764526, 0), (-0.3989309555872389, 0.6826292860994359, -0.6122673749923706, 0), (0.5689100466605006, -0.38425372474928965, 0.22099943459033966, 1) ),
            14112.36435: ( (0.052286539347607075, -0.7066565953467485, -0.7056220769882202, 0), (-0.9673398409547627, -0.21133625672380596, 0.13996630907058716, 0), (-0.2480316549523156, 0.6752580151775955, -0.6946271657943726, 0), (0.5068705504125424, -0.38704650941686025, 0.2377801090478897, 1) ),
            14154.379949999999: ( (-0.205403952892663, -0.7326611139365689, -0.6488581299781799, 0), (-0.9785898590148641, 0.14489719112511423, 0.14617329835891724, 0), (-0.013077787418652065, 0.6649905795758002, -0.7467372417449951, 0), (0.5600024828554666, -0.3629342818218848, 0.24647554755210876, 1) ),
            14183.89092: ( (-0.40137990207007945, -0.6563068029996408, -0.6388705372810364, 0), (-0.903232518648494, 0.3992918978969371, 0.15727974474430084, 0), (0.1518720574177781, 0.6401775521469926, -0.7530654072761536, 0), (0.5623338083112479, -0.3277967611746506, 0.2442258596420288, 1) ),
            14215.90281: ( (-0.5701220813055059, -0.5241013152842839, -0.6326757669448853, 0), (-0.7555998353983462, 0.6368301935905443, 0.15334965288639069, 0), (0.32253629006117457, 0.56547772494641, -0.7590818405151367, 0), (0.5462327096471005, -0.2870145793344556, 0.24536797404289246, 1) ),
            14247.41451: ( (-0.6750455694944313, -0.36990592094820296, -0.6383440494537354, 0), (-0.5720042724438981, 0.8088687683881404, 0.13617047667503357, 0), (0.465966280368578, 0.4570567862410524, -0.7576110363006592, 0), (0.5315020008096236, -0.26754119527498466, 0.2507084608078003, 1) ),
            14274.42456: ( (-0.7211197723589331, -0.24781092079193012, -0.6469744443893433, 0), (-0.40516210266956953, 0.9083480665069192, 0.10366999357938766, 0), (0.5619874184390667, 0.336888003126532, -0.7554313540458679, 0), (0.5357081426316723, -0.2120472105490654, 0.25894296169281006, 1) ),
            14294.43198: ( (-0.7232950887720513, -0.13323575267853371, -0.6775636076927185, 0), (-0.24961844315950898, 0.965305942727813, 0.07664892077445984, 0), (0.6438437999931734, 0.2245721552455473, -0.7314592003822327, 0), (0.5045431496811874, -0.1886061477275911, 0.2581785023212433, 1) ),
            14317.44054: ( (-0.7135495771176501, -0.04886163795753973, -0.6988987922668457, 0), (-0.1106414766055348, 0.9929060182013121, 0.0435444675385952, 0), (0.6918131381752328, 0.10839831686713985, -0.7138937711715698, 0), (0.4754002150009615, -0.15324320742990416, 0.2539554536342621, 1) ),
            14339.94891: ( (-0.6953787830587839, 0.03497083117407662, -0.7177919745445251, 0), (0.02989573382721389, 0.9993583331967564, 0.019726525992155075, 0), (0.7180212346366073, -0.007741507946951387, -0.6959781050682068, 0), (0.4637384161491145, -0.10381772713604143, 0.2516280710697174, 1) ),
            14369.459879999999: ( (-0.5624539213156581, 0.07980725522181231, -0.8229680061340332, 0), (0.08333901601282179, 0.9957339639745371, 0.03960351273417473, 0), (0.8226178768810986, -0.04631020683808096, -0.5667055249214172, 0), (0.4104362405635982, -0.06181235474033997, 0.21686792373657227, 1) ),
            14393.468789999999: ( (-0.42641022339781287, 0.060970947405888154, -0.9024726152420044, 0), (0.055348684862927655, 0.9976147132822746, 0.04124697297811508, 0), (0.9028348819370002, -0.03236256119594216, -0.4287678003311157, 0), (0.3655241032891645, -0.04607162436269974, 0.16890430450439453, 1) ),
            14438.48553: ( (-0.2226810754728321, 0.054522537378391966, -0.9733654856681824, 0), (0.04354050099186679, 0.9979947757575687, 0.04594118893146515, 0), (0.9739185696379842, -0.03215058763805345, -0.22460851073265076, 0), (0.3047980038647786, -0.03121539223102232, 0.10078686475753784, 1) ),
            14495.50674: ( (0.03684648296481724, 0.009391930028150142, -0.9992768168449402, 0), (0.015163572483821497, 0.9998354298320251, 0.009956308640539646, 0), (0.9992058423518451, -0.01551941758559039, 0.036698006093502045, 0), (0.267723882713625, -0.028197126355564706, 0.00035171397030353546, 1) ),
            14540.02326: ( (0.24100087217520016, -0.002820636333219717, -0.9705207943916321, 0), (0.022168700060618107, 0.9997508328423876, 0.002599370665848255, 0), (0.9702716913538652, -0.02214162886278359, 0.2410033643245697, 0), (0.28100279923611104, -0.09792493035014438, -0.10964403301477432, 1) ),
            14570.534609999999: ( (0.2990130482128306, -0.06346856367424092, -0.9521359801292419, 0), (0.21412702791612404, 0.9768034492940494, 0.002132527995854616, 0), (0.9299143761262272, -0.20451568662770114, 0.30566734075546265, 0), (0.1965551892349282, -0.08438345195465047, -0.1515662521123886, 1) ),
            14594.04336: ( (0.38757783360574827, -0.11764529503888888, -0.9142991900444031, 0), (0.36953250448857844, 0.9284737011306667, 0.037178266793489456, 0), (0.8445289455711382, -0.3522727787835471, 0.40332961082458496, 0), (0.13440854465018148, -0.056582678054606816, -0.19486190378665924, 1) ),
            14613.55062: ( (0.3828126255930684, -0.16514113835948052, -0.9089460372924805, 0), (0.5069651626570355, 0.8600629505137043, 0.057254090905189514, 0), (0.7722958034655711, -0.48272154808853074, 0.41296377778053284, 0), (0.08831057717264024, -0.09773210218615525, -0.1987733691930771, 1) ),
            14641.06083: ( (0.38630677024126925, -0.11022398032725178, -0.9157607555389404, 0), (0.3762279523182883, 0.9253171941521288, 0.047334689646959305, 0), (0.8421517327829164, -0.362820481383622, 0.39892566204071045, 0), (-0.04902893798914576, -0.3070037273419821, -0.19805745780467987, 1) ),
            14663.5692: ( (0.40116446398012684, -0.116741758224574, -0.908536434173584, 0), (0.2936114480948824, 0.9559005389530277, 0.006816411856561899, 0), (0.8676747045834006, -0.2694911681317578, 0.4177500605583191, 0), (-0.23852648362594664, -0.27426094031311266, -0.19969430565834045, 1) ),
            14691.57963: ( (0.4559660519119433, -0.05390190962350516, -0.8883634209632874, 0), (0.1966924648844568, 0.9795857633119311, 0.041518524289131165, 0), (0.8679902131161583, -0.193665431736882, 0.4572599530220032, 0), (-0.4356877884783614, -0.22835570873060362, -0.21756042540073395, 1) ),
            14707.585560000001: ( (0.459716062694568, -0.029914319079050955, -0.8875619769096375, 0), (0.1631474792303429, 0.9852672906002233, 0.051295485347509384, 0), (0.8729513187579556, -0.16838483803937976, 0.45782363414764404, 0), (-0.57357655768174, -0.30384938435320663, -0.20977288484573364, 1) ),
            14721.590760000001: ( (0.4671481410445928, -0.012471239584346705, -0.8840910792350769, 0), (0.10866433633532324, 0.9931302909018029, 0.043408170342445374, 0), (0.8774762911746308, -0.11634726487952918, 0.46529415249824524, 0), (-0.6821698603998705, -0.38548106731586174, -0.2149835079908371, 1) ),
            14743.59894: ( (0.4817597437995875, -0.002105756625491395, -0.8763008117675781, 0), (-0.0036187584871392176, 0.9999838044119507, -0.004392421338707209, 0), (0.8762958366644824, 0.005287210338941861, 0.48174431920051575, 0), (-0.8167067008111388, -0.38953913012687735, -0.23383954167366028, 1) ),
            14770.1088: ( (0.5066738097809882, 0.11024638731433356, -0.8550598621368408, 0), (-0.1714580280705693, 0.9848643511958795, 0.025383543223142624, 0), (0.8449164334458761, 0.13374570872589508, 0.5179076194763184, 0), (-1.077242627371195, -0.3060797708194336, -0.23005306720733643, 1) ),
            14793.61755: ( (0.5223575981476127, 0.1239974125530825, -0.8436629176139832, 0), (-0.2316951789151922, 0.9727883216315227, -0.00047945466940291226, 0), (0.8206459835758011, 0.195723090129448, 0.5368729829788208, 0), (-1.273330998012657, -0.3580817215583032, -0.23528574407100677, 1) ),
            14815.62573: ( (0.5244418385779266, 0.11423276318157782, -0.8437485694885254, 0), (-0.3013979191889007, 0.9517028614459377, -0.05848902836441994, 0), (0.7963165303240078, 0.284978132859548, 0.533542275428772, 0), (-1.4570919077968476, -0.4098959609093349, -0.23824521899223328, 1) ),
            14832.131850000002: ( (0.5309679361860011, 0.21023861212976858, -0.8208975195884705, 0), (-0.4658652597666548, 0.8816256006435261, -0.0755365639925003, 0), (0.7078436015767497, 0.42253515705441025, 0.5660578608512878, 0), (-1.6283082675054565, -0.39539311106969066, -0.2536619156599045, 1) ),
            14853.63984: ( (0.5344761306360799, 0.2754434291655534, -0.7990407943725586, 0), (-0.5652184813378933, 0.8193810144140259, -0.09561798721551895, 0), (0.6283815153366232, 0.5027381631404859, 0.5936253070831299, 0), (-1.7797754914179151, -0.41040209244243187, -0.28716379404067993, 1) ),
            14902.157879999999: ( (0.585983129692853, 0.3299094952095927, -0.7401239275932312, 0), (-0.5812514950373777, 0.8075256765002252, -0.10024427622556686, 0), (0.5645975698215091, 0.4889396179552632, 0.6649568676948547, 0), (-1.7814569080294937, -0.4495338040560988, -0.34186214208602905, 1) ),
            14921.665140000001: ( (0.6214584080590053, 0.26045935639769136, -0.7388845086097717, 0), (-0.3915895699121137, 0.9201263228121306, -0.00500906677916646, 0), (0.678562432792738, 0.29245239624447805, 0.6738134622573853, 0), (-1.6603456980675464, -0.4511492530551866, -0.33342716097831726, 1) ),
            14937.67107: ( (0.6407750697422214, 0.13897249841299075, -0.7550456523895264, 0), (-0.20048832426209984, 0.9796433408859038, 0.010165710002183914, 0), (0.7410881772437801, 0.14486388999780964, 0.6555933952331543, 0), (-1.5702764597903567, -0.42865320918469507, -0.36124464869499207, 1) ),
            14963.18058: ( (0.6381595724612268, -0.01668866234929567, -0.7697232365608215, 0), (0.07028636680818678, 0.99685295858934, 0.036659613251686096, 0), (0.7666890873822183, -0.07749572707804475, 0.6373242735862732, 0), (-1.5713752129378342, -0.415962639206537, -0.3741534948348999, 1) ),
            14980.687080000002: ( (0.5921815067598821, -0.12956023460862198, -0.7953208088874817, 0), (0.29224920104218555, 0.954321095705783, 0.062141574919223785, 0), (0.7509403687065976, -0.26923092875144405, 0.6029952168464661, 0), (-1.603858581023541, -0.44561883768376376, -0.34918245673179626, 1) ),
            15001.19469: ( (0.5366718856253154, -0.15943678561520436, -0.8285910487174988, 0), (0.40134759769667383, 0.9120234272971821, 0.08445890247821808, 0), (0.7422286248377912, -0.3778797534695588, 0.5534469485282898, 0), (-1.5945832281501673, -0.45133614016978285, -0.3158241808414459, 1) ),
            15030.205469999999: ( (0.4612605575726878, -0.2603356154926093, -0.8482122421264648, 0), (0.583687884650999, 0.8090324149360839, 0.06910093128681183, 0), (0.668241811681396, -0.5269647716684407, 0.525129497051239, 0), (-1.5294110508506158, -0.5193614452792978, -0.28127843141555786, 1) ),
            15046.211430000001: ( (0.3481632689884293, -0.31256453873416845, -0.8837905526161194, 0), (0.7394064800099676, 0.6710948438949815, 0.05394233763217926, 0), (0.5762468038730297, -0.6722611637556888, 0.464762806892395, 0), (-1.4639692102307933, -0.5588758436704211, -0.24851882457733154, 1) ),
            15065.71869: ( (0.24477573087936433, -0.3562198683257649, -0.9017717242240906, 0), (0.8556014935288767, 0.5168735403946774, 0.028066812083125114, 0), (0.45610398294020427, -0.7784272986470928, 0.4313003718852997, 0), (-1.3722272077594297, -0.5907816145365672, -0.24319498240947723, 1) ),
            15096.23004: ( (0.15376583036282998, -0.34885892811149244, -0.9244747161865234, 0), (0.903728024474856, 0.4279610725451155, -0.011179919354617596, 0), (0.39953941071724497, -0.8337546237661941, 0.38107937574386597, 0), (-1.2795466853018809, -0.624895043755366, -0.23007310926914215, 1) ),
            15122.7399: ( (0.11584637737791059, -0.3539081464296663, -0.9280779361724854, 0), (0.9402435379108853, 0.34027692861741965, -0.012394404038786888, 0), (0.3201900062198284, -0.8711834421865099, 0.3721797466278076, 0), (-1.1519330269538983, -0.6954583392525109, -0.2232590615749359, 1) ),
            15142.74732: ( (0.05736701611260031, -0.3772775177137184, -0.9243217706680298, 0), (0.9713896786223568, 0.2348145596283775, -0.03555528074502945, 0), (0.2304584035806112, -0.8958369233802319, 0.37995412945747375, 0), (-1.068095520571557, -0.7478363091847449, -0.2246408760547638, 1) ),
            15162.254579999999: ( (-0.010535016296506328, -0.4062599226929482, -0.913696825504303, 0), (0.9974150434481732, 0.0606823997354109, -0.038481712341308594, 0), (0.0710788892021128, -0.9117403460107099, 0.40457049012184143, 0), (-1.0658632222568087, -0.7898422942977561, -0.23274530470371246, 1) ),
            15172.25829: ( (-0.06660247966179078, -0.387482900967834, -0.9194678664207458, 0), (0.9963495404645002, -0.07514690188803996, -0.040503013879060745, 0), (-0.05340098605139332, -0.9188089506927284, 0.39107340574264526, 0), (-1.0788480511531624, -0.834865473507552, -0.22907055914402008, 1) ),
            15180.26127: ( (-0.11103745283089239, -0.38406255949566415, -0.9166060090065002, 0), (0.9755434122903388, -0.21817138738805752, -0.026762215420603752, 0), (-0.1896988256260208, -0.897160602752411, 0.39889493584632874, 0), (-1.074968804927007, -0.8851229947942976, -0.22668708860874176, 1) ),
            15188.76441: ( (-0.1714876408293815, -0.366956609489149, -0.9142947196960449, 0), (0.921588087357506, -0.38778729787764377, -0.017215289175510406, 0), (-0.3482346437311499, -0.845555331044114, 0.40468358993530273, 0), (-1.0495017938285542, -0.946769040333713, -0.22911439836025238, 1) ),
            15204.27018: ( (-0.2398345907478001, -0.3267329344312566, -0.9141799211502075, 0), (0.8191956691722471, -0.5734273967509207, -0.009969408623874187, 0), (-0.5209584865782251, -0.7512832581731583, 0.4051859378814697, 0), (-1.0083911064428364, -1.0194056517780936, -0.2227049469947815, 1) ),
            15232.28061: ( (-0.2967192617112191, -0.25429497534029655, -0.9204845428466797, 0), (0.6794490372652335, -0.7335399806853351, -0.016371898353099823, 0), (-0.6710489361322622, -0.6302801863014871, 0.39043593406677246, 0), (-0.9951670332213141, -1.0552773631988188, -0.2133893370628357, 1) ),
            15253.7886: ( (-0.3486921230566088, -0.18865699826867377, -0.9180535674095154, 0), (0.49831733902861064, -0.8669234109028237, -0.011119354516267776, 0), (-0.7937843457671371, -0.4613592163594188, 0.39630040526390076, 0), (-0.9140438173666028, -1.1365698775572421, -0.21882937848567963, 1) ),
            15272.79564: ( (-0.3812828910466495, -0.1339478007961068, -0.9147028923034668, 0), (0.3684903809364446, -0.9294670031937127, -0.017490943893790245, 0), (-0.8478432603044759, -0.3437282132944084, 0.4037483334541321, 0), (-0.8451483378646908, -1.207722409924982, -0.21657177805900574, 1) ),
            15289.30176: ( (-0.394161195432142, -0.06932567471346296, -0.9164229035377502, 0), (0.2330877975463519, -0.972088601146675, -0.026716342195868492, 0), (-0.8889921243427388, -0.22413754623190485, 0.3993186056613922, 0), (-0.769097435544817, -1.3040140568876555, -0.21825851500034332, 1) ),
            15304.80753: ( (-0.39320234830052936, -0.020873389699421985, -0.9192149639129639, 0), (0.08719002237494244, -0.9960835454236285, -0.014677383005619049, 0), (-0.9153085610587439, -0.085917539024436, 0.39348235726356506, 0), (-0.7037034265928863, -1.3935133447357035, -0.217221200466156, 1) ),
            15321.813839999999: ( (-0.36365571464972923, 0.05188048987489857, -0.9300875663757324, 0), (-0.11279412083509044, -0.9935538657076748, -0.011319190263748169, 0), (-0.9246794154094466, 0.10079213557375155, 0.36716338992118835, 0), (-0.6884887293181094, -1.5074097144719616, -0.21602796018123627, 1) ),
            15368.831280000002: ( (-0.1762342010417557, 0.06933460812084125, -0.9819033741950989, 0), (-0.1875048222860407, -0.9816161222018387, -0.03566053882241249, 0), (-0.9663247193736701, 0.17782703505506348, 0.1859949231147766, 0), (-0.6678320037793419, -1.557690096096092, -0.10364723205566406, 1) ),
        }
        uniform token[] xformOpOrder = ["xformOp:transform"]
    }

    def Camera "ReviewRoom" (
        customData = {
            string previewNote = "Upright 4:3 crop of the measured capture view"
            string sourceFrameId = "357755788663"
            int sourceFrameIndex = 4
        }
    )
    {
        float2 clippingRange = (0.05, 100)
        float focalLength = 20
        float fStop = 0
        float horizontalAperture = 20.35334
        float horizontalApertureOffset = 0.010397096
        token projection = "perspective"
        double shutter:close = 0
        double shutter:open = 0
        float verticalAperture = 15.265005
        float verticalApertureOffset = 0.06532216
        matrix4d xformOp:transform = ( (0.7980709977887646, -0.6024922007418123, -0.009262198582291603, 0), (0.07027259675233899, 0.07779579908372747, 0.9944896101951599, 0), (-0.5984516592096973, -0.7943241892072841, 0.10442526638507843, 0), (-0.390539073970972, -0.7837412193627156, 0.029131688177585602, 1) )
        uniform token[] xformOpOrder = ["xformOp:transform"]
    }

    def Camera "ReviewTable" (
        customData = {
            string previewNote = "Upright 4:3 crop of the measured capture view"
            string sourceFrameId = "357971838221"
            int sourceFrameIndex = 124
        }
    )
    {
        float2 clippingRange = (0.05, 100)
        float focalLength = 20
        float fStop = 0
        float horizontalAperture = 20.35334
        float horizontalApertureOffset = 0.010397096
        token projection = "perspective"
        double shutter:close = 0
        double shutter:open = 0
        float verticalAperture = 15.265005
        float verticalApertureOffset = 0.06532216
        matrix4d xformOp:transform = ( (-0.11637803820259052, -0.9919776267873317, 0.049361277371644974, 0), (0.46481508950527406, -0.010476519586335442, 0.8853458166122437, 0), (-0.8777260478025752, 0.12597868624408903, 0.4623053967952728, 0), (0.2657792457474457, -1.6434689031701524, -0.24279913306236267, 1) )
        uniform token[] xformOpOrder = ["xformOp:transform"]
    }

    def Camera "ReviewChair" (
        customData = {
            string previewNote = "Upright 4:3 crop of the measured capture view"
            string sourceFrameId = "358090783290"
            int sourceFrameIndex = 254
        }
    )
    {
        float2 clippingRange = (0.05, 100)
        float focalLength = 20
        float fStop = 0
        float horizontalAperture = 20.35334
        float horizontalApertureOffset = 0.010397096
        token projection = "perspective"
        double shutter:close = 0
        double shutter:open = 0
        float verticalAperture = 15.265005
        float verticalApertureOffset = 0.06532216
        matrix4d xformOp:transform = ( (0.8899290452646866, -0.4440027551879453, 0.10434465110301971, 0), (0.1960774267070171, 0.5789916847389556, 0.7914052605628967, 0), (-0.41180080381463036, -0.6838348983780147, 0.6023204326629639, 0), (0.07047560099730532, 0.14760015566118767, -0.8388375639915466, 1) )
        uniform token[] xformOpOrder = ["xformOp:transform"]
    }

    def Camera "ReviewFloor" (
        customData = {
            string previewNote = "Upright 4:3 crop of the measured capture view"
            string sourceFrameId = "358186469231"
            int sourceFrameIndex = 374
        }
    )
    {
        float2 clippingRange = (0.05, 100)
        float focalLength = 20
        float fStop = 0
        float horizontalAperture = 20.35334
        float horizontalApertureOffset = 0.010397096
        token projection = "perspective"
        double shutter:close = 0
        double shutter:open = 0
        float verticalAperture = 15.265005
        float verticalApertureOffset = 0.06532216
        matrix4d xformOp:transform = ( (0.9053212210358801, -0.4137957028154666, -0.09574220329523087, 0), (0.33202609388708204, 0.5489358712548817, 0.7670906782150269, 0), (-0.26486250604737727, -0.7262523666690104, 0.634354293346405, 0), (-1.092655561738077, -0.017266791270422743, -1.1296707391738892, 1) )
        uniform token[] xformOpOrder = ["xformOp:transform"]
    }
}

def "Render"
{
    def RenderSettings "Settings"
    {
        uniform token aspectRatioConformPolicy = "cropAperture"
        rel camera = </World/ReviewRoom>
        uniform float pixelAspectRatio = 1
        uniform int2 resolution = (736, 552)
    }
}

